# This file uses meters as units for non-parametric coordinates.

mtllib Cueva_Cerrada.mtl
g default
v -8.121478 102.247451 166.181192
v 34.479779 111.081609 134.310649
v 77.713039 97.678139 156.833952
v -2.685484 99.084103 75.445861
v 34.479779 111.081609 42.779686
v 80.054672 98.140521 64.356886
v -2.367141 98.063576 -23.558192
v 34.479779 111.081620 -48.751204
v 79.797405 99.918024 -32.482475
v -1.917765 98.178754 -122.796550
v 34.479779 111.081631 -140.282106
v 80.054686 98.140536 -128.432273
v -0.051840 98.649499 -222.755839
v 34.479779 111.081623 -231.813042
v 81.192579 99.857243 -226.819722
v -5.301222 99.279211 -322.901215
v 34.479779 111.081634 -323.344020
v 70.663763 97.707432 -316.900517
v -7.898012 98.226545 -417.336295
v 34.479779 111.081609 -414.874861
v 80.203318 99.597128 -420.028996
v 3.104758 95.732926 -503.355595
v 34.479779 111.081631 -506.405898
v 81.192608 99.857280 -516.003577
v -9.108539 101.348162 -597.036054
v 34.479780 105.041708 -599.751807
v 79.254575 101.016607 -593.841419
v -10.708804 63.412649 -596.112194
v 34.479780 63.423743 -621.675415
v 82.790670 63.402872 -599.153609
v 1.252888 33.031266 -612.746001
v 34.496268 29.356622 -605.820988
v 67.126148 31.166152 -640.186354
v -8.984584 21.961940 -529.273473
v 34.510627 21.871703 -535.138566
v 72.610189 24.897274 -558.426838
v -1.619716 28.169934 -456.231746
v 34.520019 26.162448 -433.907744
v 71.590435 29.894247 -458.362583
v -15.145728 21.548943 -330.188740
v 34.480655 11.216141 -335.151663
v 79.165919 20.093468 -333.857274
v 5.610502 39.830940 -263.416483
v 34.520019 26.467654 -232.245045
v 76.661963 24.157799 -233.525139
v -4.646975 35.298850 -166.804917
v 34.520019 26.498232 -132.658521
v 72.219095 34.396784 -156.179606
v -4.235982 33.601675 -53.737020
v 34.520018 27.049882 -36.180789
v 73.297714 24.132516 -51.832588
v -1.900665 33.898926 27.171821
v 34.520019 26.498232 66.487257
v 70.450771 30.632611 27.972486
v -8.340436 19.680536 168.214048
v 34.465833 17.935741 165.313945
v 72.931662 29.827602 135.743417
v 85.703945 63.526769 -536.522331
v 91.393880 63.451575 -429.794060
v 88.082039 63.419304 -327.787958
v 94.744565 63.404768 -233.237969
v 85.409397 63.496215 -135.291542
v 85.703939 63.526769 -33.139312
v 94.569135 63.407271 56.183578
v 87.458802 63.467708 156.805449
v -10.939119 63.496847 -522.609285
v -16.744403 63.526769 -435.845590
v -22.434310 63.451575 -331.756708
v -7.422862 63.517794 -233.200376
v -18.976520 63.497863 -134.533198
v -20.329264 63.479982 -35.942404
v -16.744381 63.526769 67.537257
v -12.107005 63.522366 160.193199
v 82.347831 24.214967 -389.551253
v 58.143168 29.342421 -341.545537
v 34.520019 26.162448 -282.893074
v 10.050394 28.020108 -236.034505
v -0.637799 35.259591 -304.750309
v 79.424889 20.151617 -283.912994
v 52.903526 33.690928 -261.644084
v 34.520019 26.455381 -182.426465
v 12.803978 27.689056 -134.276087
v 3.812646 39.574280 -213.925934
v 62.391860 39.393788 -212.331068
v 56.180195 31.525962 -151.389789
v 34.520018 26.820717 -84.151471
v 10.049925 27.370144 -34.764347
v 1.797972 33.429850 -114.028666
v 74.130990 35.266828 -106.750685
v 59.079751 26.820748 -31.443866
v 34.520019 26.162448 19.136757
v 10.383296 27.314832 54.193686
v -4.155873 37.306708 -19.800982
v 71.988839 26.037672 -10.447948
v 60.160266 19.305494 65.696926
v 34.465833 17.436078 118.736565
v 5.510471 20.525832 153.201287
v -7.168864 22.520018 105.175255
v 72.923874 33.382206 86.393573
v 59.077449 18.460525 169.074789
v 34.475623 13.995393 216.842402
v -11.743963 22.057764 198.327682
v 69.458952 30.281719 157.020291
v 90.707372 63.445632 -574.148422
v 84.186685 41.559759 -545.816958
v 91.393880 63.451575 -478.812939
v 80.072221 43.477058 -457.476530
v 89.992987 63.470561 -381.970202
v 92.518412 40.420868 -334.462591
v 81.034189 63.479469 -281.012173
v 85.877681 38.976519 -233.670487
v 93.946893 63.416099 -184.958339
v 76.304344 43.369884 -152.679050
v 91.393869 63.451575 -86.663112
v 75.992680 45.594444 -63.940925
v 84.287055 63.718573 8.946208
v 74.578777 45.712824 33.438118
v 85.703945 63.526769 117.875603
v 78.475353 45.253329 139.124563
v 86.588627 63.501914 212.932855
v 86.891991 88.445239 -533.181399
v 89.573649 88.088529 -430.585667
v 86.011641 87.061978 -330.155658
v 85.117050 88.079275 -233.780382
v 93.519494 87.541075 -136.826041
v 86.078248 85.369106 -32.381622
v 92.854406 86.458415 57.194667
v 79.900759 81.482516 176.624931
v -8.137356 47.937657 -546.297584
v -16.520375 63.489328 -576.959529
v -5.415143 47.188582 -459.747183
v -16.744386 63.526769 -486.183960
v -7.809985 46.636957 -365.338347
v -16.744403 63.526769 -385.507354
v -7.809985 46.636957 -265.676248
v -16.744398 63.526769 -284.830723
v -2.103572 46.826276 -166.476861
v -22.434333 63.451575 -184.700550
v -5.621447 46.411904 -64.620348
v -16.744398 63.526769 -83.477523
v -5.621453 46.411904 36.056234
v -16.744398 63.526769 17.199108
v -5.621447 46.411904 136.732754
v -16.744398 63.526769 117.875628
v -9.870244 63.521059 204.835065
v -18.201467 87.017309 -529.264242
v -17.701304 88.201988 -433.191925
v -8.121305 82.883981 -326.253980
v -12.161630 84.957867 -229.419977
v -12.780234 83.022695 -127.237707
v -8.788627 84.689186 -31.120904
v -15.299436 88.260296 68.166634
v -15.743912 88.728110 168.214048
v 34.479779 110.150266 178.288498
v 9.843146 108.099202 158.455661
v -7.748405 102.764197 188.091174
v 80.538037 99.419009 203.788452
v 58.441831 110.595347 137.528117
v 34.479779 111.081609 88.545180
v 12.101299 107.681484 54.469118
v 0.448662 97.689892 122.762948
v 80.054686 98.140536 112.554157
v 57.391782 110.150226 42.779735
v 34.479779 111.081648 -2.985685
v 9.843164 108.099188 -34.333449
v -1.794696 98.210162 26.846035
v 76.883342 99.194372 9.441612
v 58.264933 110.520756 -47.517909
v 34.479779 111.081623 -94.516618
v 8.555276 111.413544 -138.540465
v -0.051848 98.649510 -71.740905
v 77.494553 97.644386 -81.604540
v 57.280025 109.981661 -140.086383
v 34.479779 111.081609 -186.047573
v 12.044326 109.648708 -231.138252
v -5.597000 97.213610 -173.058211
v 77.713039 97.678139 -176.848349
v 54.955091 106.474132 -227.545613
v 34.479779 111.081609 -277.578508
v 11.567780 110.150226 -323.344020
v 0.021178 97.635654 -270.567004
v 71.718478 96.464727 -269.987121
v 56.671868 109.064132 -322.083155
v 34.479779 111.081631 -369.109453
v 10.694624 110.520756 -416.531456
v -7.141958 96.792140 -366.593688
v 74.491431 99.177417 -366.381731
v 57.391782 110.150226 -414.874861
v 34.479779 111.081629 -460.640429
v 10.554863 110.579703 -509.163485
v 0.027749 100.314034 -474.045990
v 70.675925 97.394228 -454.111686
v 57.391782 110.150249 -506.405898
v 34.479780 111.292875 -558.790873
v 7.232792 104.335981 -598.141097
v -8.363249 105.843454 -576.922629
v 76.135463 98.860595 -553.940207
v 60.815258 104.018149 -595.102922
v 34.479780 87.534237 -616.933680
v 7.517823 63.462433 -625.582678
v -11.987459 87.082871 -602.507897
v 84.044062 87.009741 -601.700676
v 63.435142 63.404768 -616.933680
v 34.479780 39.275302 -616.933582
v 9.540888 22.245470 -607.993512
v -4.962047 47.886263 -633.181553
v 73.121943 42.751715 -635.608371
v 59.358140 23.844629 -615.828072
v 34.512538 23.556343 -583.381182
v 9.908398 26.763032 -534.584485
v -0.152340 27.771879 -565.076565
v 70.405620 25.977329 -602.612728
v 57.973378 21.222942 -531.738492
v 34.520019 26.162448 -484.246164
v 9.908398 26.763034 -433.907744
v -7.003851 30.586906 -488.616474
v 75.829338 21.316444 -493.052948
v 53.285470 34.792505 -454.269497
v 34.510358 21.994661 -384.106993
v 9.901167 23.578397 -333.653198
v -12.231696 20.553906 -381.660117
v 5.667469 111.697774 198.426203
v 63.292095 111.697785 198.426203
v 9.843158 108.099222 110.258365
v 57.391779 110.150252 88.545180
v 14.863677 105.482916 7.823427
v 57.906141 110.368926 -2.044541
v 10.472767 108.751630 -86.439904
v 56.679835 109.076178 -93.269832
v 14.529979 106.709951 -181.036501
v 57.164385 108.860435 -183.970589
v 10.434489 108.791920 -276.087310
v 56.671865 109.064127 -276.317716
v 11.567780 110.150249 -369.109453
v 56.747174 109.177738 -367.980522
v 10.296735 109.580718 -465.054537
v 57.391779 110.150246 -460.640404
v 9.810596 110.029154 -555.998375
v 57.566325 109.371968 -551.071578
v 5.667457 87.415040 -615.116303
v 63.292095 87.415037 -615.116303
v 9.292935 42.290766 -626.391666
v 63.260980 39.429121 -615.261839
v 9.204390 23.623232 -573.333050
v 55.848869 28.250401 -571.016095
v 11.618163 27.854123 -473.871755
v 50.994028 34.242927 -508.166514
v 13.429660 27.791074 -377.389911
v 51.759516 34.020130 -410.679964
v 11.052401 27.092236 -282.017811
v 52.903526 33.690928 -311.982326
v 9.908407 26.763034 -182.216429
v 57.645736 28.415885 -189.156529
v 11.618147 28.128904 -86.857153
v 53.946772 32.530452 -105.756499
v 9.795722 27.816646 13.912617
v 60.193269 22.532098 16.291868
v 8.131791 19.252555 113.470186
v 57.170232 18.365778 112.661075
v 5.667474 15.111750 198.426203
v 61.268713 15.137831 207.188281
v 80.093862 42.503251 -601.674603
v 82.386493 42.353729 -493.290842
v 78.475353 45.253329 -414.596704
v 89.751597 39.413014 -281.043494
v 80.129764 41.144178 -191.597916
v 68.608057 46.438242 -118.327356
v 79.028219 42.829122 4.273324
v 70.331634 46.577928 71.394241
v 77.151211 44.614931 161.812183
v 92.431384 87.415037 -568.507499
v 82.039080 86.656180 -468.790978
v 84.703459 88.728110 -385.507354
v 92.536972 87.587704 -281.729601
v 85.142682 88.075762 -184.659947
v 84.239093 88.027558 -82.664201
v 85.639582 86.555821 17.153321
v 86.962880 84.039096 101.998615
v 78.935063 81.358020 224.757978
v -3.873477 47.133135 -577.145597
v -11.442986 47.589451 -503.191524
v -10.291907 40.284907 -388.530087
v -8.311657 46.689356 -315.320017
v -9.254565 46.788692 -215.986812
v -5.621447 46.411904 -114.958553
v -8.936827 46.755094 -17.696487
v -5.621453 46.411904 86.394506
v -11.038721 38.897192 208.770046
v -19.231706 88.011124 -576.605756
v -15.743912 88.728110 -486.183936
v -9.880249 81.980171 -373.240101
v -17.319366 87.799994 -283.158140
v -10.486844 88.095462 -184.673165
v -7.977911 83.835908 -79.476686
v -13.849200 87.666687 11.877661
v -15.308327 88.269681 118.492337
v -14.778206 88.603615 216.346899
v 54.500414 31.914623 -229.016450
v 46.635412 26.557635 -182.444928
v 68.446429 31.828565 -218.228629
v 60.059033 34.243084 -202.394192
v 69.121772 38.415706 -186.641045
v 63.961575 36.066575 -163.222565
v 53.914159 28.563611 -176.954302
v 46.635408 26.557635 -132.658503
v 15.897807 31.547780 -125.336147
v 5.969022 34.693042 -119.461105
v -1.178611 35.497059 -136.251470
v 34.520019 26.162448 -106.708985
v 21.814019 26.222493 -81.539800
v 34.520018 26.820717 -59.523171
v 21.814019 26.222493 -31.201552
v 9.908398 26.763034 -56.370615
v 7.409334 33.516465 -52.314256
v -3.625723 28.098213 -79.169485
v 53.891454 31.648658 -126.897148
v 46.151624 22.853586 -84.484174
v 72.983748 33.820690 -127.394750
v 58.534838 36.400819 -115.815071
v 71.335274 32.277762 -90.047068
v 66.198600 25.474269 -40.194761
v 56.468463 29.725437 -68.809353
v 47.275619 26.908981 -35.168424
v 9.908398 26.763034 -6.032477
v 3.941572 35.348679 -11.360307
v -1.919985 39.785670 -41.547764
v 34.520018 27.049882 -11.740828
v 21.814019 26.222493 19.136757
v 34.520019 26.162448 44.306040
v 21.790061 16.064996 68.162461
v 12.997263 29.230606 34.699695
v -0.363296 29.553293 41.758237
v -5.665086 32.434281 13.156129
v 57.987631 27.092239 -8.192395
v 47.226017 26.222493 19.136757
v 68.912709 27.127742 -39.404014
v 68.035783 17.136779 10.961608
v 71.212718 26.004237 13.541818
v 65.973676 21.071749 58.304694
v 59.109894 16.899709 42.999094
v 46.696697 27.621945 56.724721
v 11.582088 17.549875 88.393875
v -3.845895 16.329016 110.552456
v -6.269603 20.223241 89.192503
v 34.490425 22.626007 85.430825
v 21.759834 17.538502 118.736541
v 34.465833 17.436078 143.905702
v 20.114422 19.059417 157.603292
v 5.510480 20.525832 129.102676
v -2.298668 18.344176 155.308997
v -7.294857 20.515822 139.793098
v 59.796334 18.787168 91.564746
v 47.171832 17.538502 118.736541
v 73.243656 32.292573 53.846492
v 63.472642 23.498660 95.639272
v 71.057955 32.969263 114.816438
v 67.711755 22.879846 161.272219
v 57.167958 19.402094 137.507887
v 48.817242 19.059417 157.603292
v 5.534066 16.383163 176.515337
v -6.137345 17.477096 197.945627
v -10.059903 20.146910 189.231791
v 34.465833 17.538502 194.047349
v 19.540865 16.410967 198.923204
v 58.026905 18.182753 189.934475
v 47.172178 12.855826 216.650883
v 76.428421 27.059097 154.026159
v 68.658986 19.217725 192.943632
v 71.194493 35.797819 -605.752591
v 80.759931 42.617090 -579.438983
v 75.202347 35.590231 -557.041845
v 77.207174 43.292046 -623.609750
v 90.624921 63.404768 -588.128318
v 86.483869 50.616329 -581.586687
v 85.603917 63.526769 -561.494768
v 85.603917 50.516321 -536.522331
v 73.350284 35.163096 -511.622195
v 82.011706 41.319647 -473.587264
v 71.290709 36.126702 -459.471382
v 89.528035 38.885021 -504.585895
v 89.992975 63.470561 -505.350030
v 87.831685 50.618522 -483.350340
v 94.675195 63.405759 -450.214243
v 89.383780 50.691292 -431.862907
v 76.314676 35.515380 -410.287573
v 82.955424 42.929346 -377.159112
v 84.721707 34.174231 -352.363143
v 78.475353 45.253329 -439.765742
v 89.992975 63.470561 -406.646118
v 85.517623 50.612310 -385.910449
v 85.455648 63.459016 -353.637610
v 94.626892 50.947683 -329.632560
v 86.416966 28.454268 -283.178406
v 85.241045 39.185631 -257.661978
v 82.202320 27.773647 -234.492475
v 93.567507 39.275302 -305.533900
v 76.382429 63.517794 -305.400075
v 87.649512 51.286621 -279.322208
v 94.348381 63.410411 -257.444148
v 92.224421 50.828063 -233.585856
v 73.909545 35.332737 -203.280404
v 74.948601 45.327731 -183.996190
v 79.250968 36.170463 -166.012280
v 89.573643 38.834296 -209.224749
v 94.675206 63.405759 -209.140817
v 85.603911 50.516318 -184.154166
v 89.992987 63.470561 -159.886666
v 81.574964 50.986456 -136.588030
v 78.321780 36.031489 -109.273784
v 72.906848 45.913253 -91.270396
v 71.669276 36.586706 -71.572832
v 71.256331 43.492401 -129.934145
v 85.703939 63.526769 -108.646696
v 88.240494 50.637561 -84.930226
v 89.992987 63.470561 -61.182871
v 84.063413 51.227007 -31.473179
v 78.452404 31.944902 -0.315375
v 75.969961 44.084703 15.941815
v 73.755180 35.455106 35.509395
v 75.857713 46.438102 -34.026690
v 84.898541 63.841469 -11.404780
v 85.608516 53.229400 17.924661
v 85.074091 63.445001 25.167836
v 85.588568 50.533446 67.465447
v 82.385424 39.294857 89.618185
v 74.471745 46.479608 96.241471
v 79.387174 33.549672 141.591521
v 71.041475 44.707461 57.711627
v 87.857959 63.498887 89.812625
v 74.956975 54.661615 91.257251
v 89.992975 63.470561 136.224706
v 91.045425 50.770708 158.852716
v 78.020113 35.740938 164.140700
v 83.237817 44.080387 158.073090
v 85.603917 63.526769 193.186583
v 85.027647 51.041374 197.485673
v 93.453921 75.849935 -568.713429
v 90.748041 87.311189 -543.303403
v 91.041247 76.139246 -528.213185
v 89.592988 87.164694 -587.389470
v 86.157641 96.482099 -562.641891
v 85.327145 96.085114 -519.068635
v 93.364319 75.961017 -475.980522
v 85.396362 87.722440 -451.448201
v 94.626886 75.861855 -426.027054
v 84.703471 88.728110 -511.353219
v 73.619256 90.152996 -463.423622
v 78.530528 93.260665 -424.900382
v 81.317794 76.274466 -381.918351
v 88.336560 88.254529 -357.717536
v 85.603911 76.537222 -335.169069
v 86.891997 88.445242 -408.603850
v 82.633334 98.364760 -381.108111
v 75.101355 88.806823 -315.484235
v 85.603911 76.537219 -284.830748
v 88.336549 88.254529 -258.739347
v 87.831679 76.377203 -234.195227
v 92.586816 87.662950 -306.039297
v 84.629729 92.152386 -274.668309
v 83.684896 93.867348 -228.549085
v 88.855955 75.963035 -184.945142
v 89.428746 87.130973 -161.672341
v 78.289426 76.084796 -136.252771
v 84.703471 88.728113 -209.323304
v 83.610683 91.921351 -178.787469
v 87.269092 92.574433 -130.966162
v 86.516050 76.145146 -86.698010
v 86.069244 85.355499 -57.148179
v 85.603911 76.537219 -33.139312
v 86.891991 88.445239 -109.617644
v 87.214166 96.509596 -85.284711
v 77.399605 92.034289 -24.728085
v 85.603911 76.537219 17.198997
v 92.280239 87.200371 33.610855
v 94.626886 75.861855 55.945807
v 82.744089 85.772109 -4.538677
v 82.183003 89.919553 13.228234
v 82.336302 89.886315 60.526981
v 87.831679 76.377206 114.621924
v 84.900650 85.770494 135.070930
v 88.052427 73.943658 164.108490
v 91.559351 84.504647 83.561303
v 85.822198 90.391631 112.554108
v 83.208007 93.339131 166.085936
v 81.983362 72.566741 221.156639
v 79.804198 81.470068 201.573677
v 83.200173 90.333803 209.957628
v 1.065364 39.326009 -581.373171
v -8.348272 45.443582 -598.177137
v -13.653737 35.572512 -547.338133
v -2.305282 48.529343 -561.329003
v -4.915719 55.800589 -534.087927
v -10.558628 63.520955 -551.377502
v -22.026120 51.478598 -574.338688
v -13.202070 63.559252 -605.273954
v -11.371956 31.163625 -484.191269
v -12.672875 45.900246 -517.707113
v -8.033885 36.657156 -461.731453
v -21.341011 41.823079 -460.162921
v -12.777187 53.605665 -447.872468
v -16.744403 63.526769 -461.014898
v -7.746288 55.866656 -503.383853
v -16.744386 63.526769 -511.353219
v -16.767819 29.175140 -384.303250
v -6.141825 45.111728 -428.735884
v -10.578385 32.967785 -344.654282
v -0.364385 47.034336 -387.951136
v -10.861532 53.696705 -342.297531
v -14.363381 63.524523 -358.635210
v -18.872120 50.618522 -383.688357
v -16.744381 63.526769 -410.676502
v -2.847720 37.423145 -314.541348
v -5.831088 44.653557 -332.417693
v -6.313824 35.161758 -255.746971
v -5.621447 46.411904 -291.142623
v -9.886230 52.745739 -241.594061
v -14.363359 63.524523 -259.062315
v -16.451658 50.670250 -285.429946
v -16.484300 63.459191 -305.476906
v -8.666363 38.983190 -205.703234
v -13.419749 44.851026 -232.517258
v -6.743091 37.368864 -160.877707
v -7.740907 45.075222 -184.280038
v -8.700860 55.104070 -151.909996
v -16.744381 63.526769 -158.985030
v -14.239614 50.679374 -184.470910
v -17.259489 63.447622 -209.119874
v -0.161313 38.194787 -116.496759
v -6.381344 47.017612 -142.616826
v -3.878681 39.608940 -61.447391
v -9.506505 43.308268 -77.706913
v -10.713692 50.870316 -37.890118
v -16.744398 63.526769 -58.308460
v -9.359016 54.578305 -100.076787
v -14.363359 63.524523 -109.703025
v -3.117891 38.280464 -13.844843
v -8.217672 44.354612 -31.374670
v -4.519526 37.219280 28.110534
v -11.654110 44.871775 14.176522
v -16.504082 50.628376 67.101118
v -16.744403 63.526769 42.368244
v -16.483072 50.645170 16.697418
v -14.363376 63.524523 -10.130093
v -3.120299 35.860101 86.394506
v -5.621453 46.411904 61.225321
v -6.563374 33.109582 147.440779
v -3.286957 46.685939 107.748051
v -16.504088 50.628373 167.777810
v -16.214594 63.499442 136.217021
v -12.356152 50.772566 111.449261
v -14.363359 63.524523 89.442722
v -12.365603 28.175604 215.845086
v -8.105857 41.981180 174.010964
v -17.524322 50.616325 212.918125
v -12.016005 63.522366 184.628987
v -17.277168 76.150938 -575.386774
v -15.095356 87.967479 -598.970757
v -12.358227 76.274469 -529.930739
v -20.718007 88.047909 -552.987230
v -10.008215 88.697936 -508.591630
v -9.613352 98.384358 -578.889936
v -12.358235 76.274466 -480.593317
v -16.743983 87.194405 -506.583153
v -12.358235 76.274466 -431.255724
v -15.743912 88.728110 -461.014898
v -6.701879 92.295067 -422.342120
v -18.793472 96.043459 -473.461050
v -16.644353 76.537222 -385.507403
v -18.527519 86.595808 -404.459085
v -18.872126 76.377206 -333.857274
v -11.451181 84.210131 -354.259842
v -5.010352 89.719477 -320.514365
v -7.789065 88.996201 -366.321779
v -16.644358 76.537218 -284.830754
v -11.672742 84.443329 -304.235215
v -16.644358 76.537219 -234.492454
v -10.636537 83.352743 -252.429607
v -7.808862 90.019556 -222.345861
v -7.079329 92.793075 -276.103421
v -6.249908 75.888222 -185.177752
v -12.037407 88.108429 -208.984502
v -22.081694 76.139251 -135.599890
v -8.045678 87.318837 -159.834382
v -5.684772 89.293209 -124.477996
v -9.937622 91.519954 -176.330671
v -15.081678 75.791360 -89.753064
v -8.237139 83.005918 -102.379140
v -18.092003 75.787196 -41.842199
v -7.995585 83.854522 -54.749827
v -4.954153 90.556388 -21.402571
v -7.033687 90.167190 -72.965472
v -18.872126 76.377200 14.960064
v -10.335165 87.935827 -12.661533
v -12.358238 76.274463 62.118763
v -12.783386 87.790699 40.542791
v -2.735902 90.162182 76.286127
v -4.954153 90.556388 28.935775
v -16.644358 76.537218 117.875579
v -15.411914 88.378702 93.176511
v -16.644358 76.537219 168.213851
v -15.487214 88.457950 143.408308
v -13.226821 99.263114 168.236413
v -2.735893 90.162188 126.072578
v -15.647357 76.524774 216.561986
v -15.647357 88.715655 193.162598
v -9.613344 98.384364 210.003046
v -4.042918 108.300850 195.305465
v 20.785105 111.578810 190.688250
v 34.479779 110.988502 157.014669
v 20.784523 112.526911 145.235603
v 8.635968 109.290148 180.613603
v 1.689437 101.468888 164.077090
v -13.362640 104.811484 181.078173
v 48.174445 111.578816 190.688274
v 75.096904 109.332447 197.945774
v 76.415963 98.414510 175.324883
v 67.646429 105.413136 143.988658
v 61.401658 111.735196 169.933320
v 46.308336 110.988502 134.310649
v 9.834978 108.982378 128.786367
v 1.776160 101.501658 116.084079
v -2.577716 98.509382 142.060657
v 34.479779 111.081609 111.427952
v 20.784525 112.526905 97.996612
v 34.479779 111.081631 65.662482
v 22.211983 111.356015 44.685542
v 9.843164 108.099188 86.159729
v 1.851195 101.529930 68.003963
v -0.409007 97.460673 96.667913
v 57.391782 110.150226 111.427952
v 46.308336 110.988502 88.545180
v 80.054686 98.140536 136.652817
v 67.123388 105.324122 96.285588
v 80.054686 98.140536 88.455497
v 68.497361 102.336761 60.968694
v 57.391782 110.150226 65.662458
v 46.308336 110.988502 42.779735
v 15.032090 106.494569 24.855308
v 3.948084 100.858837 16.722865
v -2.367141 98.063576 51.002266
v 34.479779 111.081609 19.897111
v 22.651222 110.988496 -2.985685
v 34.479779 111.081623 -25.868408
v 22.468175 111.142094 -48.248900
v 10.206138 107.717178 -9.720897
v 1.689437 101.468916 -28.712094
v -2.802745 97.951243 0.821424
v 57.391782 110.150226 19.897111
v 46.308336 110.988502 -2.985710
v 72.847011 96.696581 32.149928
v 71.413652 106.304517 9.331565
v 78.627157 99.057243 -11.608108
v 70.756009 102.946823 -32.037583
v 58.264935 110.520730 -24.454654
v 46.308336 110.988502 -48.751155
v 8.702320 110.174469 -63.493074
v 2.295324 101.696504 -76.374827
v -0.051848 98.649510 -46.571707
v 34.479779 111.081643 -71.633877
v 22.651224 110.988496 -94.516661
v 34.479779 111.081648 -117.399347
v 22.651223 110.988502 -140.282115
v 10.268235 108.966892 -110.428640
v 0.695992 104.044773 -129.986112
v -0.051840 98.649499 -96.910029
v 57.303977 110.001219 -71.434846
v 46.308332 110.988502 -94.516630
v 76.412154 98.049705 -56.509927
v 62.203977 100.582404 -86.090232
v 78.813928 99.339008 -107.273046
v 64.390801 101.201607 -130.963836
v 57.026851 109.599677 -116.760284
v 46.308336 110.988499 -140.282106
v 11.796489 109.361056 -161.274454
v 3.949497 101.090830 -173.467665
v -2.177016 100.886186 -150.257682
v 34.479779 111.081620 -163.164850
v 22.651222 110.988499 -186.047575
v 34.479779 111.081631 -208.930310
v 22.651223 110.988502 -231.813042
v 14.630638 106.926686 -204.593319
v 5.506683 101.464582 -221.479755
v -2.177016 100.886186 -200.595931
v 57.875365 110.322519 -162.916053
v 46.308336 110.988499 -186.047573
v 81.192596 99.857257 -154.523791
v 70.756009 102.946823 -176.629558
v 80.054672 98.140521 -200.728209
v 68.497356 102.336761 -224.460172
v 56.674145 109.051057 -207.647291
v 46.308336 110.988502 -231.813039
v 14.941806 105.962585 -248.938580
v -0.855108 104.146964 -273.301668
v -1.734481 98.225511 -247.428858
v 34.479779 111.081631 -254.695779
v 22.651223 110.988502 -277.578477
v 34.479779 111.081609 -300.461212
v 22.651223 110.988502 -323.343984
v 8.555276 111.413544 -303.030386
v 3.626097 102.389512 -317.789185
v -2.202074 98.704029 -297.951622
v 55.564999 107.394256 -251.496504
v 46.308336 110.988502 -277.578508
v 77.713017 97.678125 -248.351718
v 62.182310 100.576213 -269.167447
v 70.663743 97.707418 -294.017795
v 62.182307 100.576193 -314.932843
v 56.671872 109.064163 -299.200420
v 46.308337 110.988499 -323.344020
v 11.567780 110.150249 -346.226706
v 3.948078 100.858840 -363.849199
v -9.573039 98.729457 -344.775415
v 34.479779 111.081609 -346.226829
v 22.651224 110.988499 -369.109453
v 34.479779 111.081609 -391.992163
v 22.651220 110.988496 -414.874935
v 11.552503 110.156775 -392.018211
v 1.689437 101.468916 -414.290387
v -4.445915 97.858776 -391.903450
v 56.671868 109.064132 -344.966000
v 46.308336 110.988499 -369.109453
v 70.663760 97.707438 -339.783301
v 62.390339 100.635593 -360.916751
v 83.460407 105.444194 -403.080181
v 69.181854 108.429603 -417.796568
v 57.384181 110.138783 -391.978869
v 46.308336 110.988502 -414.874861
v 10.694626 110.520753 -439.594870
v 5.809612 105.299871 -472.542001
v -3.085309 96.725965 -438.567922
v 34.479779 111.081609 -437.757755
v 22.651226 110.988507 -460.640404
v 34.479779 111.081637 -483.523176
v 22.651227 110.988502 -506.405923
v 7.626535 111.747208 -493.355754
v 3.903488 104.603634 -507.486857
v 0.370395 97.669114 -492.981236
v 57.391782 110.150226 -437.757755
v 46.308336 110.988502 -460.640380
v 72.847025 96.696592 -433.322877
v 66.528515 107.133080 -459.840868
v 76.228353 101.797825 -485.791815
v 69.008726 108.168433 -510.307515
v 57.391779 110.150249 -483.523225
v 46.308335 110.988502 -506.405947
v 11.579096 110.060346 -529.088092
v -3.780506 109.392865 -568.334246
v -0.000504 105.070351 -544.909154
v 34.479779 110.988502 -529.109966
v 21.985736 110.614735 -554.448477
v 34.479780 110.192396 -588.128318
v 19.594226 105.318349 -602.871490
v 7.727012 108.659745 -581.812650
v -3.441638 102.894683 -596.309163
v -10.869408 103.772487 -590.368798
v 57.380465 110.060346 -529.088092
v 46.671918 110.368457 -552.633040
v 77.735957 97.631058 -534.241244
v 67.231272 103.720188 -552.325373
v 82.156339 103.135237 -584.672686
v 71.435899 102.660104 -593.996406
v 60.295727 108.296489 -578.800817
v 49.365336 105.318349 -602.871490
v 5.967868 97.252369 -610.576423
v -3.846821 86.845631 -605.174082
v -9.809071 96.598627 -607.205441
v 34.479780 97.637229 -612.227003
v 19.545583 87.522316 -616.751957
v 34.479780 75.861850 -618.628009
v 21.773783 63.526769 -637.002201
v 6.414831 75.992305 -620.610806
v -6.508721 63.477013 -612.508204
v -13.393258 75.774046 -601.397723
v 61.383851 96.798908 -605.174082
v 49.413984 87.522316 -616.751957
v 80.015675 95.491497 -594.513121
v 75.096904 87.164702 -610.576374
v 84.776064 75.809401 -602.871588
v 75.558724 63.404768 -612.227003
v 63.420828 75.849938 -616.751957
v 49.428282 63.404768 -618.628058
v 7.535580 50.755522 -625.415980
v 3.985117 47.731301 -642.057152
v -5.694043 59.086608 -634.352268
v 34.479780 50.779029 -625.812078
v 19.615818 39.255783 -617.357765
v 34.476225 30.434899 -616.650465
v 21.832314 22.275192 -620.142530
v 11.731304 33.947735 -628.750922
v 2.949705 27.390737 -597.093551
v -1.615921 39.291108 -627.328219
v 63.420826 50.959596 -616.752006
v 49.413987 39.287220 -616.752006
v 80.412294 50.746291 -613.328732
v 69.999502 40.155389 -627.628865
v 69.027338 36.302243 -644.084681
v 64.278139 28.073331 -634.590457
v 61.228053 31.721976 -618.734018
v 46.631116 26.351257 -615.548392
v 13.023853 26.888806 -584.165914
v 0.404239 24.881391 -567.966136
v -3.088592 27.180829 -574.294399
v 34.520019 28.490133 -600.044400
v 21.826176 26.820990 -582.932497
v 34.502920 18.137469 -560.604665
v 22.389270 20.081118 -531.799622
v 9.920561 26.820990 -559.533158
v -1.265374 24.330628 -534.001165
v -4.680361 22.636839 -555.114237
v 56.222016 29.487162 -592.509259
v 47.206405 23.637481 -583.354888
v 67.854208 28.158263 -620.310357
v 65.181163 21.620204 -571.111720
v 72.694661 24.797221 -582.576662
v 67.773272 15.194218 -532.887750
v 59.114152 24.645459 -559.822068
v 47.779685 26.514815 -531.243504
v 11.052401 27.092233 -506.056569
v 2.479048 35.298850 -491.400428
v -10.172733 22.659254 -507.918087
v 34.520019 26.162448 -509.415423
v 21.253881 23.922515 -481.751660
v 34.520019 26.455364 -456.497112
v 22.935385 26.862738 -429.072889
v 8.835930 27.049916 -456.497112
v 4.697166 32.333588 -449.749036
v 3.802186 37.831651 -488.075994
v 56.048676 26.674009 -511.149450
v 44.918456 23.337064 -495.541560
v 74.459918 22.839723 -524.618106
v 67.759245 20.577918 -482.475016
v 71.330704 28.290236 -483.473387
v 64.723402 33.507139 -455.921010
v 51.193226 34.690265 -479.525493
v 44.264049 18.927873 -449.001964
v 9.569493 20.404580 -404.504184
v -1.931544 23.095447 -382.531881
v -10.841766 20.433260 -407.859552
v 34.520019 26.162448 -408.738657
v 24.092579 27.541634 -375.780281
v 34.481339 11.892353 -358.604326
v 22.839237 12.247170 -332.576817
v 8.986839 27.009111 -357.057852
v -1.683137 29.122969 -329.168163
v -12.175469 20.598844 -357.202332
v 57.672200 30.343936 -419.425004
v 46.338511 26.887893 -382.977460
v 75.366353 28.578150 -430.020440
v 63.766026 29.143144 -395.761231
v 82.006962 24.095782 -365.667054
v 69.109189 17.960293 -336.137256
v 52.638234 34.263352 -384.458814
v 46.635412 26.557635 -331.804274
v 8.827838 23.590778 -307.467940
v 0.021760 33.236240 -292.671396
v -10.924680 26.348850 -311.492592
v 34.510628 21.871723 -308.616205
v 22.935385 26.862738 -281.221000
v 34.520019 26.915396 -256.307950
v 21.814019 26.222493 -232.554737
v 9.893161 20.220049 -258.590276
v 6.103807 33.038193 -257.500166
v -1.579593 32.148952 -271.799618
v 57.653288 28.407486 -314.967054
v 47.215140 21.224025 -283.543233
v 77.299992 19.694239 -309.997994
v 63.280106 33.079518 -306.740300
v 80.630231 20.528541 -258.654390
v 65.149965 33.032625 -252.575585
v 54.500414 31.914623 -279.354774
v 46.590123 26.608018 -232.442913
v 11.056888 23.662826 -211.520478
v 4.634890 32.785846 -206.919068
v -0.447461 33.908951 -232.440949
v 34.520019 26.162448 -207.385578
v 21.814019 26.222493 -182.216421
v 34.520019 26.162448 -157.047292
v 21.188963 27.234362 -134.320075
v 11.044556 24.122656 -157.950373
v 5.565042 37.111222 -165.366030
v -0.049560 38.543185 -189.176001
v 22.092146 111.362945 160.559444
v -0.152558 103.370135 185.242725
v 73.704339 107.378435 179.346674
v 46.867412 111.362945 160.559444
v 1.689428 101.468897 139.978405
v 21.265383 112.136355 119.029748
v 20.784523 112.526911 74.377104
v 2.179510 101.653209 92.841569
v 46.308336 110.988502 111.427952
v 68.190407 106.933851 117.620499
v 68.497361 102.336761 84.754556
v 46.308336 110.988502 65.662458
v 3.948093 100.858854 40.508616
v 22.651223 110.988502 19.897062
v 22.468173 111.142088 -25.292588
v 1.891883 102.750343 -9.098640
v 46.308336 110.988502 19.897111
v 65.724584 103.842471 27.501436
v 70.756009 102.946823 -7.939046
v 46.308336 110.988499 -25.868408
v 0.927084 103.928731 -58.168326
v 22.570573 111.056243 -71.444777
v 22.651223 110.988502 -117.399334
v 0.509602 103.575904 -103.112833
v 46.308337 110.988499 -71.633877
v 66.966828 101.917718 -59.212484
v 64.669036 102.534887 -109.962904
v 46.308336 110.988502 -117.399322
v 0.282444 103.814963 -151.853216
v 22.651224 110.988499 -163.164844
v 22.651224 110.988499 -208.930310
v 4.216013 103.810430 -200.225159
v 46.308336 110.988502 -163.164868
v 68.846579 102.431724 -153.013906
v 64.878736 101.338313 -200.586410
v 46.308336 110.988502 -208.930310
v 3.953993 100.861173 -244.922865
v 22.651223 110.988502 -254.695779
v 22.651223 110.988502 -300.461212
v 3.598867 100.953805 -292.695075
v 46.308336 110.988499 -254.695779
v 66.966828 101.917704 -247.779151
v 62.182316 100.576202 -292.050133
v 46.308336 110.988502 -300.461212
v 3.948093 100.858854 -340.063435
v 22.651223 110.988502 -346.226755
v 22.651227 110.988510 -391.992212
v 5.857591 101.659209 -385.870088
v 46.308336 110.988502 -346.226829
v 62.182307 100.576193 -337.815578
v 68.186141 106.927416 -392.849246
v 46.308336 110.988499 -391.992212
v 4.259472 102.416321 -443.077581
v 22.651222 110.988496 -437.757755
v 22.651223 110.988502 -483.523176
v 0.986591 106.403431 -498.192058
v 46.308336 110.988499 -437.757706
v 66.863844 107.384506 -437.491039
v 67.193045 107.881179 -483.893864
v 46.308336 110.988499 -483.523225
v 3.037329 107.830028 -533.219378
v 22.652357 110.895696 -529.107708
v 20.058903 109.748466 -585.130848
v -5.146129 107.203710 -585.804072
v 46.307204 110.895696 -529.107683
v 66.037586 104.530702 -527.917131
v 72.409843 106.759851 -581.962432
v 48.900654 109.748460 -585.130750
v -5.146129 96.426364 -606.490285
v 19.575625 97.598746 -612.061974
v 20.737598 76.232749 -628.559869
v -6.552980 75.824896 -612.062023
v 48.500980 97.117328 -606.363506
v 72.133094 96.036166 -601.774033
v 75.512535 75.824896 -612.061925
v 49.426851 75.860662 -618.440492
v 3.569477 59.071115 -643.542654
v 21.774998 50.517564 -636.806337
v 20.210166 29.053641 -617.371366
v 4.976339 38.469631 -637.971063
v 49.426846 50.948877 -618.440492
v 73.332385 50.826940 -618.698027
v 65.220424 36.691501 -643.796212
v 47.734149 28.731381 -625.506326
v 2.948505 27.659427 -568.661308
v 21.840808 24.461075 -603.682737
v 21.815229 26.282333 -559.554787
v -0.141738 24.066341 -560.827363
v 46.765174 28.541043 -599.986657
v 64.216349 22.121282 -598.788789
v 69.358424 14.939196 -561.392908
v 47.224802 26.282333 -559.554787
v -6.267497 26.391030 -497.498334
v 22.373241 13.333318 -507.791480
v 21.814019 26.222493 -459.077052
v 6.882791 34.694776 -476.320448
v 46.734907 26.768784 -511.709226
v 63.698990 22.008492 -500.603532
v 67.924028 24.137323 -471.685974
v 43.534278 23.427153 -471.544146
v -0.406358 24.588166 -409.261043
v 22.935385 26.862741 -404.430999
v 22.871486 23.601704 -355.740705
v 2.824289 28.889316 -354.998138
v 47.107118 18.511525 -410.228775
v 61.573043 31.498442 -436.153895
v 71.218999 17.636026 -355.254568
v 46.645292 26.868460 -361.112946
v -2.637457 31.075159 -312.309535
v 22.870103 22.853597 -306.502676
v 22.879257 26.830293 -256.637037
v -3.395407 25.320219 -261.630728
v 47.216355 22.068983 -308.599105
v 68.924587 24.370049 -311.025027
v 68.862766 27.059478 -267.457866
v 47.205003 26.245885 -257.822066
v 9.711034 30.583932 -239.685154
v 21.814019 26.222493 -207.385576
v 20.449060 26.957085 -158.212490
v 4.283013 34.632432 -180.778853
v 47.205001 26.245885 -207.483775
v 62.780588 30.778000 -227.237710
v 62.132722 36.232415 -187.853793
v 47.779691 26.514820 -157.510980
v 3.863257 37.438991 -142.077663
v 20.508983 26.923812 -109.038424
v 21.814019 26.222493 -56.370615
v 0.327393 30.329968 -64.831986
v 47.779685 26.514815 -107.679934
v 63.427352 30.245891 -127.836248
v 59.977997 33.042076 -89.084038
v 46.160776 26.830290 -59.287216
v 7.040541 36.835318 -41.052617
v 22.404622 26.557635 -8.192358
v 21.797281 18.366420 43.288471
v 3.622481 37.486251 2.410370
v 47.219067 23.057041 -6.442287
v 66.505153 19.706010 -21.248762
v 65.527083 17.692777 29.165077
v 46.104652 26.862738 39.125244
v -2.769149 15.376208 88.075848
v 21.427641 17.836154 91.776494
v 21.759834 17.538502 143.905702
v -2.286836 18.353320 131.060284
v 47.202656 17.700878 93.547445
v 64.485031 24.879902 71.863500
v 65.866332 22.415812 134.903765
v 47.171832 17.538511 143.905702
v -3.766985 15.792613 184.075667
v 19.518765 19.740755 177.109558
v 47.778075 19.308558 180.817446
v 68.279128 20.435826 177.744704
v 75.808700 35.621099 -581.335240
v 71.799783 36.169392 -629.452673
v 85.707526 50.732821 -598.025759
v 85.504247 50.517564 -561.492583
v 74.565901 33.493939 -479.085278
v 76.501720 34.111599 -527.734892
v 83.227528 50.656706 -507.994464
v 85.603917 50.516321 -461.014848
v 80.219034 35.387173 -386.188864
v 79.334690 35.241315 -436.389703
v 81.312802 50.776454 -406.610201
v 92.224427 50.828063 -355.563524
v 82.202320 27.773647 -259.661624
v 84.827795 28.205773 -308.699664
v 94.626892 50.947683 -305.533900
v 91.831102 51.082097 -256.762810
v 71.159094 40.992982 -190.030629
v 84.281859 28.105031 -209.279724
v 85.603911 50.516321 -209.323318
v 81.091935 50.784517 -159.948693
v 75.935330 36.651486 -91.766022
v 75.688471 36.984559 -139.935922
v 91.488860 50.792181 -111.267414
v 83.105352 50.792630 -60.487257
v 81.106945 30.700483 27.364321
v 73.011242 35.223289 -39.951159
v 82.398954 53.077417 -3.661180
v 85.408488 50.608441 42.563052
v 74.675332 37.304903 114.906194
v 78.043457 39.724264 61.252032
v 87.221903 51.296805 86.858363
v 83.170664 50.719924 138.963733
v 89.520565 29.984975 173.295636
v 83.366257 51.062082 174.757741
v 94.440490 75.866145 -546.452964
v 90.521721 75.824896 -588.054323
v 84.331373 96.022528 -581.174655
v 84.143647 94.908854 -536.646041
v 94.626892 75.861852 -450.125812
v 90.307766 76.194440 -504.739925
v 82.942696 97.521790 -500.043338
v 78.423429 93.578869 -454.396791
v 83.227516 76.392343 -358.635186
v 86.335737 76.158957 -405.404255
v 81.691120 98.508663 -409.781096
v 76.847037 90.496574 -340.769213
v 85.603911 76.537222 -259.661624
v 85.603911 76.537219 -309.999872
v 76.253892 88.981739 -293.005651
v 87.269098 92.574430 -251.459420
v 81.892361 75.479605 -162.375466
v 89.580289 76.248699 -209.244705
v 81.753907 95.136911 -205.700141
v 88.159351 93.917513 -156.623973
v 85.603911 76.537219 -58.308375
v 88.930936 76.296729 -110.105954
v 89.489367 96.580388 -111.229827
v 75.181342 91.640092 -51.505391
v 92.224421 76.049142 34.764754
v 87.831679 76.377203 -9.955723
v 81.377582 91.352642 -8.414417
v 82.336302 89.886320 36.782094
v 85.251152 76.005034 143.662602
v 94.609110 75.863262 80.070834
v 77.789374 89.212970 78.697184
v 86.759310 92.461714 135.051387
v 87.057320 72.290230 190.156412
v 80.144888 91.460978 196.022315
v -7.387136 34.734438 -587.861405
v -3.352874 38.409032 -566.612544
v -10.577248 53.669456 -569.663632
v -17.382455 54.263129 -600.984881
v -16.013435 31.243171 -512.122190
v -0.909628 38.173907 -483.799590
v -16.733864 52.326705 -465.084882
v -12.326546 55.214625 -512.916547
v -17.772914 30.170671 -402.954728
v -6.445110 34.379707 -379.044284
v -9.745888 54.269230 -372.698947
v -12.680075 53.683240 -423.005475
v -12.157218 31.526070 -321.043551
v -3.120705 37.345509 -290.901341
v -12.867323 53.533673 -271.408252
v -15.694194 51.275374 -312.954906
v -8.886321 33.247831 -222.489199
v -7.328268 39.292236 -190.853976
v -15.888162 51.120464 -161.336995
v -15.891152 51.118024 -211.665726
v -0.907922 39.086424 -140.795617
v -3.120321 35.889309 -89.785550
v -15.900867 51.110263 -60.620763
v -12.730180 53.643234 -120.819902
v -3.435325 42.153695 -37.075667
v -2.552496 37.787182 13.683278
v -16.579763 50.567905 42.167249
v -12.358227 50.770926 -11.887468
v -5.755393 36.281451 57.410809
v -5.715694 33.786764 119.635409
v -14.086798 50.801441 138.665665
v -16.081885 50.788685 86.667802
v -11.962341 28.766634 189.403006
v -14.361000 50.646741 189.166904
v -17.013836 76.198558 -597.491810
v -12.271191 76.273513 -554.411577
v -11.711634 98.150291 -552.806538
v -10.194318 98.015236 -602.720111
v -12.358235 76.274466 -505.262139
v -14.019690 76.114482 -453.307952
v -9.363342 92.354099 -444.071509
v -14.790229 90.883011 -489.755078
v -17.918665 75.835914 -400.925849
v -16.644353 76.537219 -360.338402
v -15.460609 94.621473 -348.330955
v -0.552145 89.768806 -394.434890
v -14.267969 76.392342 -308.848747
v -19.482970 76.332612 -258.957251
v -4.954153 90.556388 -247.925000
v -4.954136 90.556388 -298.263266
v -9.329876 76.084793 -209.175207
v -9.329885 76.084793 -160.560232
v -6.693409 91.769066 -151.265545
v -9.891246 92.211206 -200.475210
v -17.991827 76.111675 -111.402908
v -18.059441 75.789885 -65.712036
v -4.954165 90.556382 -46.571683
v -2.330230 90.089500 -98.161123
v -22.520292 75.751977 -18.061001
v -16.644358 76.537216 42.368244
v -4.954165 90.556382 54.104960
v -6.718712 92.413510 1.267752
v -16.644364 76.537218 92.706467
v -16.644358 76.537216 143.044740
v -7.079341 92.793072 151.772128
v -1.991200 90.028623 100.073806
v -16.544688 76.535971 193.184079
v -13.155029 99.239699 193.112294
v 72.961825 35.075629 -114.726778
v 71.926958 35.215663 -105.888538
v 58.793504 36.453567 -128.076174
v 56.203741 34.779350 -112.643716
v 57.362669 36.339509 -103.437102
v 57.616204 33.208172 -81.294565
v 55.226918 31.106471 -87.192777
v 72.671962 34.717316 -102.987932
v 65.672705 31.506191 -87.873403
v 72.938438 27.148875 -76.395314
v 69.063874 22.277461 -54.743431
v 63.490975 28.486819 -65.261988
v 61.617603 28.757189 -37.853526
v 57.781699 28.264647 -50.091048
v 46.160776 26.830290 -71.621577
v 40.068342 28.194637 -66.250919
v 53.277775 26.459542 -56.609430
v 53.319213 22.292033 -31.737060
v 46.160783 26.830296 -46.952805
v 40.671055 27.639011 -39.673627
v 7.510499 36.748947 -52.820230
v 0.345217 38.402253 -43.569671
v -0.493041 39.595100 -52.411366
v 9.221100 27.357601 -21.673425
v 8.135541 30.263224 -17.320889
v 9.908398 26.763034 6.552189
v 7.131977 29.722921 7.835923
v 7.040541 36.835318 -28.693988
v -3.671053 34.097768 -15.070098
v -2.966681 40.069590 -33.397227
v 21.814019 26.222493 -18.616923
v 15.711131 26.402667 -6.032477
v 34.520018 27.504232 -26.696767
v 28.882938 27.036051 -11.651795
v 34.520019 26.498232 4.254236
v 28.116998 26.162448 19.136757
v 22.404622 26.557635 4.254236
v 15.711131 26.402667 19.136757
v 21.804357 22.068929 31.184504
v 15.701440 22.291951 43.770446
v 12.738700 29.024061 22.919279
v 34.520019 26.162448 31.721448
v 28.116998 26.162448 44.306090
v 34.520019 26.162448 56.890609
v 28.107337 21.994661 68.937717
v 21.797281 18.366420 55.873014
v 15.681363 15.033403 67.997211
v 12.295489 29.813638 43.511758
v 3.241927 34.611922 1.551691
v -5.603068 31.240166 14.673253
v -3.016024 33.555681 -9.202035
v 12.018294 36.017738 7.785840
v 7.789274 30.992427 38.352639
v 3.563536 37.497853 14.353200
v -2.020828 30.483225 36.770457
v -4.628713 33.404283 23.818000
v 47.226017 26.222493 -18.616923
v 40.625410 26.498232 -8.192358
v 57.987631 27.092236 -20.638989
v 53.328904 26.402667 -6.032477
v 60.654762 27.172654 3.536122
v 53.925272 26.613319 17.513084
v 47.779691 26.514815 4.439863
v 40.906421 18.231209 18.111638
v 64.881289 25.194809 -35.205925
v 62.622372 23.727930 -11.175098
v 70.607163 25.389789 -44.540398
v 68.641943 22.436558 -31.586615
v 68.912709 27.127742 -26.969216
v 68.957595 22.523321 -7.407552
v 66.229741 20.794091 -9.849076
v 64.256489 19.599518 16.835318
v 67.778758 16.459994 22.228820
v 64.086917 13.986707 40.526072
v 59.112822 18.322571 30.603221
v 76.790361 24.020806 9.435696
v 65.605341 22.808972 16.047382
v 65.568934 28.745138 12.977880
v 64.573138 25.137416 37.761291
v 64.814957 19.442484 40.066953
v 64.403913 18.655442 67.909541
v 59.106364 18.442956 55.792661
v 46.635412 26.557635 29.147474
v 41.202053 26.455381 41.813304
v 51.869605 26.961303 39.758696
v 53.453638 25.281515 62.714849
v 46.590253 27.137608 48.980335
v 40.625410 26.498232 66.487257
v -3.839434 16.748954 73.738545
v -4.738737 16.812082 92.706418
v -5.913945 23.079953 67.507281
v 10.228407 16.926970 75.311570
v 4.459810 15.763206 93.063604
v 10.998215 19.022054 102.750377
v 3.145802 19.036084 115.357236
v -2.770024 15.780661 100.519619
v -6.389112 17.301422 114.439514
v -7.294842 20.515841 102.039369
v 21.215933 16.950062 77.955513
v 15.656946 17.845815 93.567356
v 34.515654 25.632406 73.608967
v 28.636639 19.863200 87.505834
v 34.466863 18.170167 102.770901
v 28.360437 18.008835 115.196848
v 22.350437 18.110165 102.750303
v 14.364733 18.632891 113.568584
v 21.759834 17.538502 131.321084
v 13.725093 19.034663 135.491210
v 6.147946 20.207907 119.249769
v 34.465833 17.436078 131.321158
v 28.062812 17.436084 143.905702
v 34.465833 17.935744 152.856106
v 27.233629 18.960114 157.603169
v 21.206159 18.037128 152.856033
v 12.519487 19.816225 154.119967
v 5.510471 20.525832 141.151920
v -3.846869 16.767540 122.907747
v -4.739982 17.388486 143.122835
v -7.175856 22.514422 117.654796
v -0.607176 18.546537 129.399369
v -0.607161 18.546017 153.547473
v -2.209646 18.577209 141.838303
v -4.739007 16.943339 168.231503
v -8.334501 19.685235 155.611214
v 47.432959 26.997011 74.612862
v 40.607069 19.553725 90.473844
v 61.783693 19.737540 73.589892
v 54.106558 20.226615 90.810407
v 57.933446 19.022051 102.750303
v 53.274719 17.845826 118.736541
v 47.177244 16.205249 105.968040
v 41.147867 17.935744 115.482861
v 65.590396 23.528289 65.509974
v 64.704648 22.062718 78.956486
v 72.362427 32.626584 42.662163
v 68.814088 32.453797 48.869637
v 76.607128 32.391774 67.276457
v 67.075111 28.528900 82.308712
v 65.559133 26.421779 76.221166
v 59.837713 20.839145 103.483087
v 62.988006 23.923618 114.264886
v 60.185773 21.203452 131.990601
v 57.167958 19.402094 125.154585
v 72.654811 31.192949 109.690266
v 68.348627 27.590230 123.683518
v 71.061542 31.338373 127.180125
v 70.345013 28.140453 141.575858
v 66.911229 22.498451 148.575602
v 64.393476 19.581179 168.670736
v 59.374782 19.707360 147.444044
v 47.171832 17.538502 131.321084
v 40.868855 17.436058 143.905702
v 53.274719 17.845826 143.905702
v 55.076235 18.952104 160.678440
v 47.725500 18.037128 152.856106
v 41.147871 17.935718 165.313871
v -2.769672 15.617467 174.830558
v -6.322351 17.317126 189.241292
v -8.340436 19.680536 180.798591
v 5.513788 19.018751 165.046614
v -0.722268 15.775576 176.559700
v 5.580450 15.087664 187.717564
v -0.545545 16.058578 198.197368
v -5.538933 16.670485 190.061942
v -10.852257 19.414268 198.189953
v -11.608204 20.756989 196.772603
v 19.521756 19.638626 165.285024
v 12.346281 18.571087 176.904585
v 34.465833 17.436058 181.659529
v 27.359744 18.820173 183.733261
v 34.469126 16.344086 205.838690
v 27.369205 15.404546 205.942784
v 19.526094 18.648913 188.399405
v 12.407317 15.088659 198.637239
v 19.559448 15.442776 208.803803
v 5.810507 16.058586 208.364103
v 34.478929 13.885133 223.865125
v -5.675506 18.337070 207.403073
v -10.649546 22.819838 206.650477
v 48.536790 18.791517 171.889677
v 40.868852 17.538502 194.047349
v 59.077449 18.460525 181.659357
v 54.055050 19.530347 181.414097
v 60.711290 16.433890 198.999114
v 53.239985 12.510628 216.492459
v 47.419703 16.732582 196.089043
v 40.878647 13.995393 216.842402
v 66.501524 22.599101 167.966824
v 64.395332 16.160044 193.208851
v 77.741827 27.122313 145.177615
v 68.820997 25.787076 160.595631
v 74.014095 27.889044 159.308546
v 65.896174 26.513842 168.717235
v 68.073510 19.174728 186.956621
v 67.610482 15.516575 204.075644
v 68.447913 20.944124 194.227697
v 61.090324 15.082917 217.406744
v 66.969111 31.533602 159.335036
v 47.161465 13.219425 227.156391
v 73.793324 30.352633 -590.488383
v 75.194411 35.588889 -569.315408
v 71.752640 30.734452 -561.977063
v 71.455398 31.193486 -609.804751
v 74.494521 35.543355 -594.995833
v 74.930834 40.208413 -610.522166
v 80.862204 42.218441 -589.531183
v 77.381800 39.746218 -590.536232
v 80.777332 42.692715 -567.444708
v 85.323450 36.935283 -543.693560
v 71.107048 31.343872 -625.023761
v 71.668287 35.960919 -618.020433
v 71.148546 36.383813 -639.205315
v 75.103418 43.494128 -632.135848
v 74.219924 40.493201 -632.694127
v 78.752400 43.045667 -613.808792
v 81.412288 44.910101 -606.889869
v 87.362969 50.721698 -588.499743
v 84.073509 44.588051 -585.936767
v 84.448784 50.796676 -604.162749
v 86.400719 63.403261 -593.217124
v 90.463197 57.124002 -588.473695
v 91.703708 63.414926 -580.285878
v 84.789901 57.057670 -578.219338
v 84.967957 44.535971 -562.592594
v 87.765446 50.615449 -545.743822
v 85.099018 44.494980 -537.478721
v 85.205078 50.521301 -573.479837
v 87.347888 63.500115 -570.065401
v 85.603917 56.970325 -561.494670
v 85.703945 63.526769 -549.107144
v 85.703945 56.970326 -536.522380
v 67.341834 33.857609 -481.035816
v 73.011077 35.310870 -473.934703
v 68.855410 35.220864 -454.582050
v 75.869168 28.076238 -505.951026
v 73.011254 35.223286 -498.746310
v 75.186904 40.055999 -512.190563
v 83.809494 41.979326 -485.289732
v 79.071769 37.945035 -482.645765
v 82.713494 40.539002 -457.724736
v 75.186913 40.056013 -462.403990
v 75.116255 28.913715 -534.636827
v 74.909814 33.428318 -516.759316
v 76.402391 35.674168 -543.923819
v 86.248119 39.500919 -515.687465
v 82.194065 37.138654 -525.331986
v 86.872493 39.943762 -499.608229
v 86.643354 44.764767 -502.589644
v 85.603917 50.516325 -498.768528
v 87.497447 44.455733 -483.448419
v 85.603917 50.516321 -523.937591
v 87.936067 63.497863 -520.723634
v 85.703945 56.970326 -511.353145
v 89.992975 63.470561 -493.011924
v 87.936078 57.007490 -483.350365
v 85.247571 44.329704 -461.277269
v 87.831685 50.618523 -445.977095
v 85.165580 47.049649 -444.508802
v 85.603917 50.516321 -473.599294
v 93.946899 63.416099 -463.236179
v 89.886632 57.040757 -456.125467
v 90.985383 63.416858 -436.717403
v 87.936078 57.007490 -433.519306
v 82.139666 30.299720 -377.937805
v 82.929223 35.844997 -371.879094
v 81.893688 26.573364 -342.754343
v 82.517656 29.430438 -399.159366
v 79.303924 35.236267 -399.281554
v 74.027085 40.227399 -411.604266
v 78.475353 45.253329 -402.012111
v 76.383600 40.439154 -385.641535
v 88.267758 42.281759 -357.095402
v 84.643668 38.922887 -346.871267
v 80.082226 31.503579 -433.107545
v 81.895860 33.400613 -414.972597
v 75.826735 35.433418 -447.684411
v 78.475353 45.253329 -452.350359
v 74.418775 40.169386 -436.747035
v 82.198630 43.771192 -418.067090
v 81.720438 48.253146 -427.412906
v 83.221798 50.662995 -396.001826
v 86.610814 47.179478 -393.528976
v 83.175723 50.714346 -421.110053
v 89.992998 63.470561 -418.984126
v 85.703956 56.970325 -410.676502
v 89.992987 63.470561 -394.308160
v 85.703962 56.970325 -385.507354
v 89.804027 45.431383 -359.836651
v 94.609110 50.946784 -341.694595
v 94.273780 44.964352 -329.632560
v 87.808133 50.644728 -371.340628
v 88.666256 63.450564 -366.796169
v 92.337399 57.083687 -355.563560
v 86.840471 63.438259 -340.583402
v 91.943341 57.193852 -328.266177
v 82.620407 23.846346 -258.961204
v 82.202320 27.773647 -247.077050
v 77.589064 25.795688 -233.846100
v 82.089316 23.744334 -284.026221
v 84.281859 28.105031 -271.568512
v 86.933637 34.129554 -281.111136
v 85.290866 39.617748 -268.548320
v 83.703014 32.793433 -259.661624
v 85.241062 39.185631 -245.537763
v 83.703014 32.793433 -234.492466
v 80.101332 23.368549 -309.999921
v 84.837425 28.195000 -296.231171
v 84.658885 30.409881 -328.362133
v 93.472766 39.380687 -318.025790
v 87.360957 34.197848 -304.886221
v 93.567507 39.275302 -293.484570
v 94.273780 44.964352 -305.533925
v 91.831102 51.082097 -292.514493
v 91.494420 45.164372 -280.597251
v 94.626892 50.947683 -317.583279
v 82.925767 63.469666 -317.136632
v 87.086943 57.209914 -304.719155
v 75.289166 63.516708 -292.876749
v 83.566092 57.284841 -279.941127
v 91.047829 45.126460 -256.889490
v 94.609104 50.946784 -245.291037
v 92.910400 44.853240 -233.437917
v 87.432010 51.297381 -267.549495
v 88.880155 63.447499 -269.721534
v 94.744582 57.127184 -257.336629
v 94.675212 63.405759 -245.301833
v 93.912563 57.111993 -233.359472
v 71.455892 39.295295 -187.930538
v 77.160549 37.512184 -178.384673
v 76.339381 32.478952 -163.535377
v 66.261390 38.990617 -212.659514
v 67.982446 41.136076 -201.846643
v 81.501481 36.484478 -192.649516
v 75.418289 44.087791 -190.743465
v 73.223879 42.607734 -191.888961
v 76.691174 45.038936 -170.937786
v 76.864884 40.166554 -160.972385
v 79.785166 24.949451 -209.094211
v 83.589041 28.814738 -197.163226
v 82.202320 27.773647 -221.907892
v 88.018842 38.668627 -221.648034
v 85.847950 33.074237 -209.279727
v 86.093739 39.000281 -196.977700
v 81.360608 44.617482 -209.243797
v 85.603911 50.516321 -196.738740
v 80.901264 44.803537 -185.229794
v 87.831679 50.618522 -221.737490
v 94.744571 63.404768 -221.188645
v 89.886632 57.040755 -209.240702
v 94.675206 63.405759 -197.087144
v 89.886632 57.040757 -184.552217
v 77.926108 46.489641 -166.518711
v 81.091935 50.784517 -147.627690
v 81.359508 45.994538 -140.774209
v 83.227528 50.656706 -171.936068
v 89.291517 63.441580 -172.892812
v 85.703956 56.970323 -158.985030
v 89.992970 63.470561 -147.548686
v 86.024880 57.086406 -135.499970
v 76.275912 32.164750 -88.478149
v 74.553690 37.254733 -86.138234
v 74.769462 29.496212 -59.058908
v 77.699555 33.365533 -104.411401
v 80.517944 34.422581 -94.806590
v 71.931535 41.992656 -119.070880
v 69.595052 46.316438 -105.685824
v 71.293168 41.859283 -97.384050
v 77.226520 46.003085 -79.815716
v 75.825305 40.985036 -69.621165
v 74.464026 34.822875 -134.110530
v 75.692135 37.751755 -127.552125
v 79.335378 33.905921 -144.294988
v 73.370166 42.832506 -139.030030
v 71.932666 41.476657 -142.944369
v 70.070004 44.812011 -123.487020
v 80.444597 45.311524 -113.356540
v 91.488860 50.792181 -99.025166
v 79.017091 46.899391 -95.355092
v 88.480395 50.910785 -124.254249
v 83.322929 63.524523 -122.149594
v 89.992970 57.042594 -110.534723
v 87.936078 63.497863 -97.159898
v 91.500355 57.068875 -86.724746
v 79.621847 48.168596 -75.420794
v 87.773746 50.682965 -47.599380
v 80.659496 48.429512 -45.961873
v 83.217926 50.667444 -72.408298
v 89.992970 63.470561 -73.520817
v 90.482338 57.051073 -61.520146
v 87.936078 63.497863 -47.328796
v 85.199575 57.198605 -32.554887
v 79.133096 26.598505 26.434249
v 69.146421 35.918531 16.964184
v 71.746426 33.568957 35.843773
v 76.327188 27.566732 -0.428614
v 83.359629 29.130859 23.110233
v 80.446223 36.416418 0.431415
v 78.027202 41.232274 18.180883
v 74.277357 38.617919 15.132875
v 74.578788 45.712823 21.084987
v 75.553914 40.847215 28.034206
v 67.364391 31.664220 -43.804570
v 73.755950 35.091259 -26.772714
v 71.292017 35.530436 -53.944705
v 76.459423 46.165762 -47.308284
v 77.406202 39.752420 -36.979871
v 77.685565 44.604554 -14.669065
v 79.550481 49.711374 -15.502469
v 86.791696 53.286955 4.465972
v 81.927890 47.066864 20.517208
v 81.511639 52.368509 -15.813291
v 85.451561 63.640997 -20.262298
v 84.365867 58.623386 -5.819195
v 84.025888 63.836788 -2.831962
v 88.479838 59.570885 14.958321
v 81.966322 47.474921 31.239718
v 85.587658 50.534367 54.877098
v 82.706849 47.155911 55.407929
v 85.019716 51.891241 30.675719
v 84.151145 63.506118 17.401294
v 86.302061 57.556371 30.839397
v 91.919465 63.402975 41.199959
v 89.886609 57.040758 62.332573
v 73.863107 34.917099 114.580900
v 76.611184 34.648440 129.610650
v 75.859109 31.632312 135.493567
v 80.863714 34.064419 97.129242
v 77.607798 37.430035 103.883481
v 80.697925 42.510026 83.901843
v 71.044797 46.853682 79.287427
v 72.644238 41.007824 105.917810
v 76.140877 45.527365 122.586454
v 74.418775 40.169398 133.647049
v 76.998952 34.080288 66.613225
v 84.246022 39.730861 77.360286
v 75.968668 37.229959 51.374869
v 74.181879 44.494948 49.460470
v 78.213146 42.942190 53.904603
v 69.507553 46.327199 62.871433
v 76.052142 50.197487 63.477658
v 86.092324 51.940101 91.608225
v 69.961440 52.017360 74.853727
v 84.878906 51.322789 76.735745
v 91.714856 63.447179 72.210791
v 87.857959 57.006175 89.812625
v 83.322929 63.524523 101.889365
v 81.066530 57.106829 110.936622
v 75.930137 48.662530 117.179891
v 89.841705 50.713017 148.635112
v 86.786966 46.983525 151.672845
v 78.038097 52.494787 114.118860
v 87.936067 63.497863 127.079640
v 85.703945 56.970326 143.044764
v 91.393880 63.451575 146.175691
v 87.667135 57.002963 164.911071
v 74.442040 33.537094 156.728017
v 73.395261 36.856024 165.818311
v 79.064814 38.895660 167.838425
v 77.976125 42.334347 180.684039
v 85.393821 27.943753 163.864237
v 85.731868 32.078783 173.458405
v 85.657819 31.499073 157.856923
v 81.844905 44.164630 153.337665
v 82.297362 38.631580 156.506056
v 79.430028 46.105282 150.059705
v 88.396227 46.723843 168.276382
v 83.836496 51.099492 184.654667
v 79.990540 47.408269 172.659016
v 87.122341 50.864711 169.322945
v 85.703945 63.526769 180.798419
v 80.975563 57.106825 184.628987
v 85.303787 63.526769 205.181203
v 88.026238 57.027128 210.092606
v 85.831009 51.149353 203.464287
v 89.291625 63.449854 215.614925
v 88.089264 69.805142 -549.983008
v 90.654169 75.830556 -533.202267
v 89.992987 69.898528 -530.025872
v 92.520538 69.732100 -570.741621
v 94.157653 75.857087 -557.807453
v 91.021327 81.641331 -565.589794
v 93.113060 87.486553 -557.725160
v 94.132862 81.843161 -546.367479
v 87.863081 87.696273 -536.109318
v 87.518463 82.563348 -533.181399
v 90.624944 69.682351 -588.128220
v 92.280967 75.838006 -578.857480
v 88.059113 75.814167 -596.120639
v 87.213132 87.057426 -595.190936
v 90.212144 81.697366 -587.832705
v 91.295188 87.295834 -578.445449
v 88.561010 92.091901 -586.650966
v 84.291256 96.237643 -570.515044
v 91.295194 92.592542 -568.278713
v 82.561690 95.660540 -588.559621
v 83.049068 99.788492 -581.669103
v 78.224850 96.225446 -552.781251
v 89.863620 92.515349 -542.922085
v 86.309718 95.337339 -528.042216
v 88.448970 93.453413 -528.920731
v 86.005268 95.751814 -551.033009
v 82.214542 96.174691 -536.599714
v 85.662554 98.097525 -518.059904
v 94.744571 69.682351 -450.125837
v 94.626886 75.861856 -438.076495
v 89.425869 69.546767 -421.397834
v 94.744571 69.682351 -474.224448
v 94.626909 75.861852 -462.175057
v 86.462745 81.801116 -473.010155
v 82.901555 87.255120 -461.549510
v 91.066538 81.690055 -448.006735
v 87.850092 87.698118 -439.251359
v 94.079420 81.866739 -426.251986
v 93.946899 69.719582 -499.533399
v 90.956976 76.145611 -491.523598
v 89.580300 76.248695 -518.142541
v 84.703471 88.728110 -523.937591
v 82.941365 82.572940 -507.994586
v 82.362355 88.439608 -495.536355
v 83.703014 94.260113 -511.353121
v 78.370646 93.317970 -481.027076
v 76.644630 87.653041 -465.882552
v 83.664187 97.390754 -510.993358
v 77.963178 96.861551 -484.126897
v 73.173830 93.382784 -457.121653
v 81.440092 90.846155 -457.051733
v 80.556768 93.270849 -439.453312
v 84.595416 92.031853 -431.325619
v 75.181361 91.640092 -462.243553
v 76.727971 95.004701 -443.865628
v 79.910926 96.428734 -423.677889
v 83.322934 70.009092 -358.635271
v 85.603911 76.537218 -347.753699
v 87.936078 69.988237 -333.857249
v 83.718971 69.815240 -379.293190
v 81.317785 76.274466 -369.584051
v 85.303770 82.786339 -385.507354
v 86.891991 88.445239 -371.230580
v 85.303787 82.786339 -360.338402
v 88.154144 87.979323 -345.025695
v 85.303787 82.786333 -335.169069
v 85.977191 69.707473 -401.258459
v 81.317785 76.274466 -394.252750
v 93.729675 75.932497 -414.948856
v 88.018842 88.296755 -419.907053
v 87.518463 82.563349 -408.603825
v 84.703471 88.728113 -398.091885
v 83.682225 94.228733 -410.639996
v 82.202320 99.279887 -398.091910
v 81.415008 93.920935 -383.528423
v 79.603403 95.359038 -418.709626
v 81.949316 102.121231 -406.865698
v 81.732047 100.596718 -374.363385
v 85.380098 91.083232 -350.996036
v 75.797072 88.912553 -327.398623
v 84.490607 89.320124 -323.309699
v 80.498022 95.115601 -359.483627
v 73.182983 94.220712 -339.628130
v 72.148113 92.659448 -314.932843
v 87.953258 69.800935 -257.858806
v 85.603911 76.537219 -247.077043
v 91.307757 69.840015 -233.731370
v 81.183134 69.941606 -283.158711
v 87.831679 76.377206 -271.568524
v 89.256829 82.384274 -283.380181
v 89.789923 87.985733 -270.550918
v 85.303787 82.786333 -259.661624
v 86.533389 87.883442 -245.767912
v 85.915706 82.260259 -233.752867
v 81.183134 69.941606 -307.800747
v 85.603911 76.537219 -297.415316
v 87.831679 76.377203 -321.399571
v 89.824845 88.038342 -319.739993
v 89.256829 82.384274 -308.092027
v 90.345314 86.818772 -292.044584
v 86.199435 89.119334 -300.128614
v 80.313636 89.588843 -283.010192
v 91.295410 91.178880 -279.517415
v 76.812420 90.444331 -306.113489
v 72.282270 92.683574 -292.112847
v 78.399510 93.762920 -271.349957
v 91.107479 91.717790 -256.083921
v 85.880716 92.305899 -239.082832
v 82.289824 92.896355 -233.098985
v 88.022099 93.710484 -264.827561
v 83.350408 94.609376 -248.925544
v 83.690581 96.544677 -226.980994
v 86.969866 69.659047 -161.326879
v 78.148587 75.631913 -150.215811
v 79.481153 69.887320 -135.878220
v 94.735401 69.682782 -185.039719
v 87.364947 75.506855 -173.891859
v 85.765266 82.276349 -184.661665
v 87.874223 87.363016 -173.246028
v 82.925067 81.152701 -162.608564
v 90.820998 87.267558 -149.507759
v 86.070830 81.914008 -136.775734
v 94.617381 69.688318 -209.142055
v 89.580289 76.248699 -196.888793
v 91.041241 76.139251 -221.484061
v 84.703459 88.728110 -221.907883
v 85.303787 82.786339 -209.323304
v 84.703459 88.728110 -196.738728
v 83.428590 93.846113 -208.842715
v 81.677485 93.309335 -192.017847
v 85.212400 90.952206 -182.481762
v 82.780437 95.154971 -217.520086
v 83.245935 96.350072 -202.474068
v 80.855567 94.185714 -176.848342
v 92.019869 92.271802 -160.292946
v 84.608530 92.120415 -143.541693
v 91.709893 91.804172 -135.651400
v 87.269081 92.574436 -167.114149
v 84.488339 96.326120 -154.523791
v 83.350425 94.609398 -128.432292
v 85.703945 70.083213 -58.308375
v 85.603911 76.537219 -45.723708
v 83.322923 70.009089 -35.023392
v 87.936061 69.988235 -84.702146
v 85.603911 76.537219 -70.892955
v 85.303787 82.786333 -83.477498
v 85.416651 86.219472 -69.660630
v 85.125367 82.517178 -57.995908
v 86.073593 85.362039 -44.764544
v 85.125367 82.517171 -32.826808
v 85.703939 70.083213 -108.646696
v 89.580289 76.248699 -98.041470
v 83.227528 76.392342 -122.149594
v 91.207348 87.865305 -123.806061
v 87.518480 82.563348 -109.617644
v 84.703471 88.728110 -96.062091
v 88.437236 93.435728 -110.773838
v 89.290272 96.987547 -99.290999
v 84.875791 92.500017 -86.301808
v 88.159351 93.917518 -120.475998
v 85.662520 98.097511 -108.382760
v 83.303782 97.333390 -81.881592
v 78.900302 87.014524 -49.897295
v 77.399605 92.034292 -37.312555
v 78.900296 87.014517 -24.728122
v 81.994345 95.003812 -67.957978
v 76.069048 96.333328 -54.300933
v 78.802695 97.374101 -28.655259
v 87.084475 69.663455 29.930979
v 94.609104 75.863262 43.919615
v 94.744565 69.682351 55.945807
v 81.183134 69.941606 12.545313
v 87.831679 76.377206 27.417645
v 85.303787 82.786333 17.199108
v 88.995753 86.787597 25.607536
v 91.885397 82.106174 34.764803
v 93.397489 87.277734 44.194336
v 94.273792 81.845178 55.945807
v 83.140847 69.851658 -13.965681
v 85.603911 76.537219 4.614429
v 85.603911 76.537219 -20.554682
v 83.906640 83.941373 -17.184953
v 85.243358 82.695161 -7.864363
v 83.467684 86.863760 6.778815
v 83.037897 87.838215 -4.142456
v 82.059651 89.946243 1.489640
v 84.761267 87.889948 18.642346
v 79.479138 91.645092 -14.002200
v 80.568430 95.528101 -10.128964
v 74.432208 93.067382 7.671054
v 90.154973 89.458362 35.762364
v 82.336302 89.886315 48.654673
v 90.168405 89.478602 59.837382
v 82.336302 89.886315 24.909687
v 74.468838 93.073880 30.847891
v 80.643966 94.149494 61.251688
v 85.703939 70.083213 143.044764
v 86.712855 74.689253 153.954546
v 87.935629 69.987537 164.453867
v 87.936067 69.988235 114.621924
v 85.603911 76.537219 130.460147
v 90.709192 82.231748 109.783460
v 88.244781 86.439391 111.597718
v 86.343559 80.790810 141.595130
v 79.900753 81.482516 164.040338
v 80.501069 75.540747 176.624931
v 88.666256 69.767804 81.845001
v 92.224427 76.049139 95.753505
v 94.626886 75.861855 67.995247
v 91.707937 84.728795 71.251971
v 94.200544 81.734671 80.172645
v 88.362261 83.558157 93.142853
v 83.531438 85.094284 83.730260
v 83.212452 90.014201 97.247772
v 85.790438 87.863398 104.867760
v 81.295669 91.070308 68.320959
v 80.643971 94.149491 85.063647
v 83.350431 94.609373 112.554157
v 85.527037 90.134577 132.098673
v 85.821459 92.337719 148.885478
v 81.045238 86.675894 172.864013
v 86.960123 92.108384 122.610636
v 83.350431 94.609373 136.652817
v 84.136074 96.825572 159.567627
v 86.585347 69.996619 212.938698
v 81.612656 73.499119 230.654299
v 79.514494 75.490942 224.901451
v 77.969323 81.233519 235.137321
v 85.597175 70.073045 193.198368
v 84.464639 72.412500 206.248954
v 87.505382 72.804760 177.411504
v 79.900759 81.482516 189.209499
v 84.062776 75.163437 194.887099
v 81.340402 81.195787 210.029094
v 78.807197 86.989609 201.549789
v 81.224024 91.079125 204.829983
v 81.033499 86.273237 218.303722
v 81.414732 93.248161 181.814835
v 81.450682 95.942450 179.847529
v 82.358012 94.083924 206.276327
v 82.663542 89.849739 218.409043
v -4.482843 30.875006 -581.429146
v -4.033893 38.171974 -613.601733
v 0.745042 32.345816 -573.524495
v -1.881709 37.714242 -585.826658
v -0.417645 43.758277 -581.530147
v -7.555219 44.340938 -577.540222
v -9.973615 38.828865 -591.152008
v -6.433399 48.016318 -623.715022
v -2.381921 31.005135 -560.889696
v 0.381224 39.040867 -572.106114
v -12.037103 30.002566 -543.836886
v -8.933149 37.631902 -562.340116
v -10.616652 42.385491 -550.422905
v -3.947944 48.325887 -552.740988
v -3.424968 43.275384 -563.902683
v -2.539583 48.538863 -572.527744
v -5.292206 53.280868 -574.425327
v -19.191135 51.280168 -569.529807
v -14.451801 47.969075 -575.023230
v -1.701905 53.769192 -541.869580
v -4.632436 54.923792 -553.330520
v -11.160380 57.376058 -522.501288
v -7.591328 63.517961 -534.312588
v -14.450363 57.039238 -557.917464
v -11.743014 63.522366 -565.569908
v -21.005704 57.103477 -575.585265
v -9.086792 51.562221 -604.212537
v -11.161269 57.336995 -620.808782
v -19.013834 52.785374 -583.090062
v -14.723280 63.542887 -595.575127
v -12.064174 61.176243 -613.399093
v -11.774240 63.546558 -606.012728
v -10.605669 26.519021 -505.526990
v -15.479141 33.794572 -529.149026
v -10.652150 28.817393 -486.849917
v -13.284419 29.811600 -492.328978
v -11.497431 38.471319 -484.292564
v -8.224712 47.948391 -510.874116
v -18.500312 37.802175 -513.471118
v -10.346750 47.758522 -536.791085
v -0.033683 35.940022 -485.303554
v -6.718689 34.532077 -486.421486
v -5.279688 29.064698 -447.461100
v -3.396885 36.705582 -474.174193
v -12.969981 42.016293 -457.912155
v -12.099970 44.618788 -460.366420
v -7.834406 42.335774 -479.511082
v -16.634615 45.405388 -486.512986
v -18.312052 47.424176 -465.289338
v -10.827867 55.162925 -491.688774
v -7.561316 52.851240 -509.621549
v -1.960806 52.732535 -462.736871
v -17.811826 51.465573 -449.274720
v -16.744398 56.970323 -435.845614
v -16.744403 63.526769 -448.430256
v -16.556905 57.077548 -455.577303
v -16.744386 63.526769 -473.599294
v -16.521318 57.148546 -486.877758
v -4.220713 53.331361 -514.991605
v -10.756652 55.165926 -521.920594
v -7.840543 55.805949 -509.128133
v -16.744386 63.526769 -498.768504
v -16.629345 57.062250 -511.711141
v -16.393077 63.496995 -517.411451
v -13.749376 25.353154 -403.810706
v -14.462602 33.783211 -434.083796
v -13.964633 25.722159 -380.131455
v -17.958048 29.386350 -389.099843
v -15.427098 34.241614 -388.233075
v -9.009782 41.051732 -403.367152
v -12.810360 37.387087 -417.448614
v -5.626421 47.212225 -447.344436
v -16.386000 25.777227 -359.282509
v -12.022343 31.486198 -383.262283
v -15.111637 26.385306 -332.546669
v -7.359011 34.910010 -366.036797
v -9.491930 38.983000 -356.860355
v -5.955043 46.971164 -375.844039
v -2.332990 41.214565 -390.116283
v -5.455303 44.148720 -391.196076
v -0.325902 52.880428 -387.525026
v -15.510998 51.421738 -376.447613
v -12.875583 45.359845 -386.968932
v -8.810251 52.547146 -365.113612
v -6.398214 54.317813 -357.228503
v -17.003160 57.201670 -329.238537
v -19.324964 63.493284 -346.087185
v -14.347993 57.052192 -358.682949
v -16.744403 63.526769 -372.922810
v -16.744398 56.970325 -385.507354
v -8.669998 50.397863 -434.543357
v -8.700843 55.104074 -438.181865
v -15.579772 51.366768 -401.402694
v -16.744403 63.526769 -398.091910
v -16.744381 56.970326 -410.676502
v -18.976497 63.497863 -421.061590
v -16.819783 25.433490 -309.317576
v -12.816465 30.525445 -325.194392
v -1.671640 35.205027 -311.197053
v -10.097323 33.130567 -315.051348
v -7.231248 41.222545 -315.330021
v -3.286966 46.685938 -327.883189
v -4.876299 39.199786 -332.417853
v -8.321767 44.254734 -345.667482
v -1.965985 35.018429 -287.334507
v -0.905614 37.925002 -302.761349
v -1.636238 36.550184 -255.749911
v -7.221055 35.670255 -271.689030
v -6.765932 41.160690 -265.676242
v -5.621453 46.411904 -278.558037
v -4.621018 40.917754 -291.137492
v -10.319259 44.632376 -295.245627
v -8.817130 50.280312 -283.070930
v -15.900912 51.110256 -274.558439
v -12.567941 49.218331 -302.658188
v -8.436442 52.518852 -265.676248
v -9.341399 54.592373 -261.937413
v -9.415584 57.187770 -233.482704
v -9.415584 63.519755 -245.636456
v -12.223576 57.103351 -258.516723
v -16.744381 63.526769 -272.246186
v -14.363381 57.039954 -283.955522
v -9.837327 47.786976 -321.738098
v -13.700738 53.277448 -329.607175
v -16.538094 50.601191 -297.745729
v -17.004359 63.488573 -295.255681
v -18.976520 57.007490 -308.941794
v -19.080260 63.459492 -318.656640
v -6.477134 31.971609 -222.872739
v -6.517351 35.857824 -242.356391
v -0.979078 41.455896 -213.697415
v -7.646046 38.051237 -219.827515
v -12.136205 41.898506 -216.395918
v -6.682426 47.050562 -228.445291
v -10.096157 39.251267 -232.872912
v -9.791343 46.845752 -253.060390
v -2.978659 38.882008 -189.543712
v -3.138524 42.984829 -202.395706
v -5.267205 36.284780 -165.326912
v -12.163935 35.499020 -170.657862
v -12.029037 37.517338 -151.328664
v -4.621553 44.814770 -171.021940
v -6.756899 42.946919 -191.815933
v -13.448877 44.794969 -195.469019
v -16.911863 45.748177 -164.571144
v -16.635382 50.523483 -171.597467
v -10.959024 48.569227 -200.902139
v -3.859347 52.562579 -166.077225
v -13.019256 53.412294 -157.674603
v -16.719482 56.990252 -133.893449
v -16.744381 63.526769 -146.400443
v -16.744398 56.970323 -158.985039
v -18.976520 63.497863 -171.906462
v -18.976497 57.007491 -184.364203
v -9.417364 47.001035 -218.523110
v -11.685149 52.720049 -229.755162
v -16.253944 50.828191 -197.952889
v -19.062115 63.459749 -197.013873
v -16.744398 56.970325 -209.323315
v -13.484003 63.476969 -221.166322
v -1.842033 36.047412 -136.674227
v -5.371959 35.432526 -145.533687
v 1.102622 35.979542 -115.636399
v -0.502370 39.137055 -128.574126
v -4.620996 40.879885 -114.958571
v -5.621447 46.411904 -127.543140
v -2.333342 41.368204 -141.163193
v -2.485036 47.271367 -155.689891
v -1.390909 32.745192 -82.796615
v -0.902380 36.395472 -103.824435
v -2.999186 37.512469 -56.932245
v -6.008041 34.928366 -68.000401
v -4.623457 41.994140 -64.469497
v -11.549324 43.649738 -67.180414
v -4.620996 40.879885 -89.789380
v -8.216839 44.338549 -94.302274
v -13.941480 46.186686 -65.781047
v -12.867312 53.533666 -82.639589
v -6.221763 52.353672 -114.958571
v -8.709561 48.687911 -51.420188
v -14.267969 50.656706 -47.469949
v -14.059818 57.141238 -38.462158
v -14.363376 63.524523 -47.469974
v -12.223601 57.103348 -61.380613
v -16.744398 63.526769 -70.893016
v -16.707646 56.999700 -83.591922
v -7.095940 49.976997 -131.118191
v -12.597584 53.749157 -133.816863
v -10.341955 53.793069 -109.466407
v -16.744381 63.526769 -96.062110
v -16.744398 56.970325 -108.646696
v -14.363381 63.524523 -122.149594
v -2.971715 40.992998 -39.651655
v -3.648769 40.949592 -49.335481
v -3.246022 37.823900 -17.757152
v -3.106991 41.537965 -25.730237
v -4.622428 41.553327 -14.190785
v -10.091587 44.814267 -21.882988
v -5.921435 42.546858 -34.999099
v -5.621447 46.411904 -52.035719
v -2.144150 36.746716 7.986798
v -4.740903 36.484805 3.589151
v -3.246789 34.680502 27.016931
v 1.554749 40.281911 17.907771
v -4.620996 40.879875 36.056234
v -7.809985 46.636957 20.852003
v -4.673485 39.515273 15.476276
v -8.936827 46.755086 -5.305304
v -11.642789 48.022986 27.746843
v -16.485186 50.643469 29.288566
v -10.959275 48.569055 0.451681
v -10.520285 48.919744 49.424921
v -16.457735 50.665406 54.372364
v -16.744398 56.970325 67.537282
v -16.744403 63.526769 54.952689
v -16.579763 57.077946 37.087601
v -16.744398 63.526769 29.783651
v -16.744398 56.970325 17.199169
v -12.298262 47.499386 -20.553295
v -12.349037 50.778261 -24.250357
v -14.267969 50.656706 2.316477
v -16.744398 63.526769 4.614503
v -10.521584 57.154348 -13.678526
v -19.205085 63.494862 -22.606332
v -6.426597 27.135360 78.042225
v -5.974990 36.317188 44.677809
v -5.319862 29.983406 90.332997
v -5.199835 36.191485 70.683086
v -4.620996 40.879869 86.394506
v -7.809985 46.636957 70.683136
v -2.332993 41.214565 57.961600
v -5.621453 46.411904 48.640851
v -6.090253 27.404047 127.334449
v -3.120299 35.860101 98.979050
v -8.177484 24.480560 161.498427
v -6.563374 33.109582 134.856186
v -4.620996 40.879885 136.732754
v -5.621447 46.411908 124.148161
v -4.620996 40.879875 111.563667
v -5.621447 46.411904 98.979123
v -8.077615 49.192755 120.867034
v -12.355114 50.773490 123.780174
v -10.520285 48.919744 99.763193
v -8.297161 47.895916 148.590087
v -16.504088 50.628376 155.193070
v -16.744403 56.970323 168.214048
v -12.106994 63.522366 147.879104
v -14.363376 57.039955 139.229148
v -16.744398 63.526769 130.460221
v -16.744398 56.970325 117.875628
v -13.738064 48.283577 74.713520
v -16.504082 50.628378 79.685735
v -12.356152 50.772582 99.114789
v -16.744398 63.526769 105.291035
v -14.363376 57.039955 89.442722
v -16.744381 63.526769 80.121948
v -11.061864 23.424748 193.090935
v -8.514524 31.550867 166.093620
v -12.661148 24.370925 210.586784
v -12.891876 27.934431 204.885001
v -10.975215 33.462770 210.262300
v -10.991331 39.255615 195.955317
v -12.158813 34.808718 185.390102
v -5.200313 45.157436 151.038387
v -10.026383 28.837634 222.498373
v -8.982782 39.162801 216.462016
v -17.923269 50.901317 212.717965
v -17.210214 44.457219 212.873639
v -6.379303 63.518404 209.558044
v -11.325466 57.102923 207.784613
v -12.496905 45.732762 184.239272
v -14.239250 50.679644 176.479739
v -16.245531 50.521298 205.171456
v -11.743019 63.522366 196.365850
v -10.657880 57.147589 182.073696
v -12.106971 63.522366 172.507098
v -13.242750 70.083213 -605.147715
v -15.778072 76.101458 -603.534648
v -16.520363 69.908835 -576.959455
v -18.639349 76.211294 -588.051205
v -22.762733 81.953133 -571.322019
v -15.079472 87.907403 -586.744774
v -16.772605 81.435532 -582.270247
v -13.862496 87.724217 -605.046518
v -6.600123 69.762704 -544.595718
v -12.009902 76.270652 -566.183180
v -7.422885 69.787025 -521.999254
v -12.358235 76.274466 -542.265113
v -16.344228 82.786333 -536.522331
v -19.282579 88.155148 -543.167565
v -18.390205 82.565116 -558.000764
v -22.252235 87.755647 -561.263011
v -19.622661 93.310679 -552.633236
v -10.014405 98.605203 -567.907215
v -15.474827 93.746304 -581.403957
v -18.744527 88.498090 -517.315237
v -10.586236 92.266876 -527.066603
v -3.034454 93.024932 -509.425930
v -3.288063 101.777030 -546.901698
v -8.969153 102.835969 -581.205884
v -11.488461 93.488218 -603.604617
v -9.571283 97.368882 -607.607038
v -10.212677 98.246493 -591.491124
v -10.264120 101.457996 -597.966936
v -12.106988 69.937905 -504.769091
v -12.358235 76.274466 -517.596341
v -16.366518 69.920472 -480.465630
v -14.321593 76.123161 -490.137796
v -16.344206 82.786339 -486.183936
v -15.389062 88.354650 -498.266077
v -18.558899 82.563348 -508.265919
v -19.598040 86.709141 -514.460577
v -16.744398 70.083214 -461.014824
v -12.358235 76.274466 -468.258895
v -12.106988 69.937905 -430.884422
v -12.358235 76.274466 -443.590221
v -21.536712 82.254278 -430.294964
v -15.732566 88.716172 -448.414151
v -17.683795 82.182019 -453.691308
v -15.743918 88.728113 -473.599196
v -12.419963 91.814692 -457.724785
v -10.093991 92.241539 -456.698500
v -16.912745 92.607040 -480.333549
v -14.105705 90.992786 -429.579047
v -8.071504 91.012119 -430.162661
v -8.163636 94.742835 -419.750986
v -2.932425 91.887905 -430.469199
v -9.089021 96.177925 -471.263705
v -13.945658 87.631192 -496.484226
v -13.376784 88.913724 -498.635685
v -17.710445 94.475617 -483.042673
v -8.761098 93.638945 -490.199835
v -16.744392 70.083214 -410.676552
v -13.443295 75.954137 -414.248356
v -16.744403 70.083214 -385.507354
v -16.619192 76.216597 -393.842020
v -17.841318 81.808101 -382.672248
v -18.957846 85.968029 -390.601082
v -24.422280 81.943623 -402.843563
v -17.608359 86.769693 -417.852544
v -18.976520 69.988239 -358.772865
v -16.644353 76.537219 -372.922823
v -18.976497 69.988235 -333.857249
v -14.267958 76.392343 -346.188628
v -11.757902 82.056909 -332.120252
v -12.333933 85.139220 -342.925165
v -15.789617 82.202631 -359.553117
v -9.021282 81.652719 -363.403607
v -13.952343 89.491290 -352.229895
v -11.356931 91.559298 -355.135436
v -7.350606 83.694118 -363.528238
v -7.199604 84.697296 -320.069559
v -9.859838 90.990205 -332.448234
v -7.298830 97.114537 -325.600765
v -12.014700 96.753965 -345.745958
v -10.744049 95.239556 -370.123966
v -4.166853 85.197418 -396.684944
v -5.275422 93.189265 -412.860860
v -4.217026 89.720526 -382.005027
v -2.906898 94.025826 -394.329126
v -14.363359 70.009089 -308.848772
v -16.644358 76.537219 -322.584526
v -20.927068 69.903220 -283.306167
v -18.872126 76.377206 -296.483992
v -16.344206 82.786339 -284.830785
v -14.616556 87.541601 -295.818980
v -16.219910 82.283848 -307.647908
v -9.142883 83.959192 -315.253964
v -14.363381 70.009091 -259.062334
v -14.267969 76.392337 -271.508928
v -12.223582 69.941606 -233.874714
v -18.872126 76.377206 -246.652995
v -16.269458 82.707634 -234.386586
v -10.636540 83.352746 -239.845039
v -16.036311 82.462268 -259.225631
v -15.007118 85.366428 -267.426294
v -6.454856 85.536608 -247.925012
v -4.954148 90.556388 -260.509568
v -12.966234 89.793540 -278.472490
v -8.580024 87.773287 -225.765103
v -7.033693 90.167185 -234.916392
v -0.732583 94.518992 -222.432478
v -0.552716 94.481183 -247.274472
v -2.420204 96.621764 -274.996438
v -8.688556 87.887507 -301.426219
v -4.954148 90.556388 -310.847846
v -7.033673 90.167185 -284.747368
v -0.732583 94.518992 -297.112080
v -7.468692 69.788523 -209.134759
v -14.267969 76.392342 -221.722493
v -12.106994 69.937906 -184.602098
v -6.127070 75.880306 -197.149255
v -6.259549 81.854175 -185.152335
v -12.226032 88.306939 -196.875635
v -9.072683 82.119967 -209.175204
v -14.908744 87.354284 -220.473881
v -14.059795 69.847991 -160.410120
v -6.249905 75.888222 -173.211197
v -22.434344 69.836149 -135.681846
v -19.504777 75.993898 -148.510452
v -18.210836 82.197037 -134.040322
v -13.234513 82.225773 -141.051912
v -9.072677 82.119968 -160.560232
v -7.018520 87.666935 -172.965792
v -5.472570 90.855642 -157.404858
v -10.351335 93.686682 -166.803021
v -13.306401 91.538677 -182.048536
v -8.599789 85.197992 -122.796580
v -4.662878 89.632026 -136.118100
v -3.017809 94.000285 -123.717120
v -4.978331 97.198182 -150.257673
v -8.761090 93.638945 -173.058214
v -10.400005 89.688754 -203.173001
v -7.589256 90.061529 -209.954597
v -10.735198 93.099478 -189.260632
v -7.006605 96.806949 -200.609343
v -14.363359 70.009089 -109.703025
v -20.620742 76.248699 -122.753328
v -14.363381 70.009091 -84.809775
v -12.547831 75.820429 -101.594469
v -6.736584 81.899582 -89.013670
v -5.914067 83.282748 -92.299676
v -13.621738 82.193979 -109.193141
v -12.094448 84.887163 -116.063676
v -21.033428 69.898529 -61.182871
v -17.264452 75.855164 -77.112164
v -23.257893 69.798964 -38.322428
v -15.107146 75.789231 -53.970250
v -6.736593 81.899579 -40.968642
v -8.005658 83.865106 -42.388116
v -6.736590 81.899585 -64.991098
v -8.892591 84.798584 -68.395971
v -6.454848 85.536608 -46.571732
v -7.079347 92.793084 -62.165604
v -6.454848 85.536608 -71.740868
v -8.579989 87.773239 -24.411912
v -4.954165 90.556382 -33.987090
v -2.853177 94.961489 -21.402694
v -2.853177 94.961489 -46.571707
v -2.853177 94.961489 -71.740905
v -4.166856 85.197418 -97.966388
v -6.472922 92.294922 -115.129197
v -2.735907 90.162182 -85.519727
v -2.853177 94.961492 -96.910011
v -18.382934 69.829078 -13.881497
v -19.303737 75.686231 -31.063542
v -16.744403 70.083214 17.199108
v -22.237222 76.127478 -0.794282
v -18.752213 82.065821 9.677764
v -9.849833 87.425036 0.296927
v -13.583139 81.897190 -16.531909
v -11.184724 87.210994 -22.137773
v -16.744403 70.083215 42.368244
v -16.644358 76.537216 29.783602
v -16.744386 70.083213 67.537257
v -14.267969 76.392337 52.102915
v -18.558899 82.563348 64.790841
v -17.713299 88.214611 52.643615
v -20.297253 82.384274 37.873659
v -11.715352 87.769453 26.614696
v -9.274154 88.503803 50.112826
v -4.954165 90.556382 41.520318
v -9.274149 88.503809 24.943641
v -6.918728 88.093677 72.389421
v -4.954165 90.556382 66.689504
v -0.552728 94.481183 76.030875
v -2.853177 94.961489 54.104911
v -0.732583 94.518992 26.499750
v -8.498346 89.756200 -4.526844
v -7.079318 92.793044 -11.827319
v -2.735902 90.162182 14.053168
v -4.841161 94.527900 1.780969
v -16.744381 70.083213 92.706443
v -14.267981 76.392340 76.996152
v -16.744403 70.083215 117.875628
v -16.644358 76.537218 105.291035
v -16.344206 82.786339 117.875579
v -15.460370 88.429686 105.692534
v -16.344206 82.786339 92.706369
v -15.408583 88.375172 80.596902
v -16.744398 70.083214 143.044764
v -16.644358 76.537218 130.460221
v -16.744403 70.083215 168.214048
v -16.644358 76.537222 155.629259
v -16.344206 82.786339 168.213851
v -17.932433 88.445239 151.995095
v -13.981801 82.572940 139.229197
v -15.102086 88.052633 131.368958
v -10.871835 90.185336 148.526943
v -4.954165 90.556382 142.196814
v -10.067063 89.338343 124.497368
v -14.743455 94.260102 168.213851
v -11.275293 97.209188 158.415153
v -11.637872 101.681243 166.565628
v -6.562612 98.865552 149.528751
v 1.355037 94.077418 122.540446
v -10.511908 89.806521 98.698265
v -1.991200 90.028623 87.673907
v -0.271960 89.717939 109.792568
v 3.988718 93.511525 93.748637
v -16.644358 70.083213 193.186412
v -16.644358 76.537219 180.798419
v -13.759796 70.020279 212.661670
v -16.245531 76.532236 205.171432
v -18.620458 82.400102 210.067639
v -15.357648 88.678303 205.085628
v -13.961615 82.574737 188.949533
v -15.743912 88.728110 180.798419
v -14.650357 76.512319 227.156391
v -15.433505 88.263775 223.384696
v -10.264757 97.751906 217.080812
v -13.812477 94.011103 216.107924
v -8.681225 100.980379 193.644058
v -14.650357 94.235205 193.138710
v -13.242750 99.279893 180.798690
v -10.934941 98.770580 200.894192
v -13.553857 103.077213 188.033799
v 5.810507 110.750955 208.364103
v 1.373748 109.699822 195.457260
v -0.999520 107.114116 196.470779
v -6.085998 105.181635 191.815707
v -4.839794 101.908779 188.498884
v 34.479779 109.218873 187.942078
v 28.457649 110.250550 179.107503
v 20.785771 110.630266 200.715121
v 12.408508 112.265841 198.563440
v 21.189826 111.821393 177.382756
v 14.069699 112.220545 169.248950
v 6.433528 111.369255 188.849932
v 34.479779 110.709093 167.919663
v 28.518936 110.988502 157.014669
v 34.479779 111.081609 145.752023
v 28.460879 111.178533 134.997622
v 21.265381 112.136360 154.178348
v 12.351293 113.233116 152.340349
v 9.843149 108.099202 170.504954
v -3.797418 107.094066 191.157385
v -3.225997 101.143254 180.241172
v -11.593691 104.522334 187.825586
v 5.589986 104.843969 185.257603
v 7.456954 102.940195 164.077016
v 1.689437 101.468902 176.126457
v -2.459000 100.625184 158.032066
v -13.006863 103.955412 169.526764
v 63.149045 110.750949 208.364128
v 56.551052 112.265852 198.563539
v 48.173790 110.630260 200.715366
v 40.501910 110.250573 179.107601
v 79.652553 98.632337 213.074782
v 78.942323 105.792377 199.547278
v 74.635058 108.472479 207.403196
v 68.182835 110.328172 194.611962
v 75.149672 109.509964 187.844441
v 69.325788 110.913458 176.970062
v 62.260722 111.819063 184.067762
v 79.071090 99.218097 190.473482
v 75.015581 102.915125 176.536892
v 77.514421 97.638630 168.405223
v 71.735333 99.943784 153.249087
v 69.916940 103.955466 167.162549
v 64.730295 109.917128 140.390412
v 60.442540 111.429319 155.309366
v 47.769733 111.821393 177.382756
v 40.440621 110.988502 157.014669
v 53.724270 111.585075 164.396615
v 51.989768 110.709093 134.310649
v 46.313113 110.992518 145.781508
v 40.440621 111.081609 134.310649
v 1.689437 101.468888 152.027699
v -1.398168 100.276120 135.431307
v -4.918192 100.560862 151.390662
v 9.843146 108.099202 146.406294
v 7.456954 102.940195 139.978405
v 9.842214 108.974789 116.879221
v 7.456969 102.940195 115.879745
v 1.689437 101.468916 127.929038
v -1.081829 100.133011 120.593787
v 0.536274 96.846492 128.855722
v 20.784523 112.526911 133.425800
v 13.379873 112.684690 124.588426
v 34.479779 111.081609 122.869202
v 28.499060 111.114819 111.647458
v 34.479779 111.081609 99.986529
v 28.460880 111.178544 89.139523
v 21.265381 112.136360 107.313433
v 12.351298 113.233122 104.143053
v 20.784523 112.526911 86.186882
v 12.351293 113.233116 80.044418
v 9.843164 108.099188 98.209096
v 34.479779 111.081609 77.103856
v 28.460878 111.178556 66.210474
v 34.479779 111.081609 54.221256
v 28.518936 111.081609 42.779735
v 21.265383 112.136355 60.448641
v 15.517286 111.520530 47.012415
v 10.186707 108.612198 69.698365
v 1.962055 101.571656 104.446645
v -0.888009 100.193004 96.487860
v -0.277736 97.495950 109.157815
v 7.456969 102.940195 91.781085
v 9.098319 102.408971 64.821701
v 2.176599 101.652109 80.741628
v -1.074103 100.135390 71.674706
v 0.292804 97.736038 86.106823
v 46.308336 110.988499 122.869325
v 40.440621 111.081609 111.427952
v 57.391782 110.150226 122.869202
v 51.989764 110.709087 111.427976
v 57.391782 110.150226 99.986529
v 51.989768 110.709093 88.545180
v 46.308336 110.988502 99.986529
v 40.440621 111.081609 88.545180
v 68.183935 106.924122 129.233530
v 62.421241 109.218867 111.427952
v 80.054686 98.140536 148.702037
v 73.490699 100.352403 132.687419
v 80.054686 98.140536 124.603450
v 73.490699 100.352403 108.875459
v 68.197428 106.944436 106.006462
v 62.346527 109.003246 89.023645
v 67.813079 103.194412 92.515612
v 63.044498 108.403567 70.211348
v 57.391779 110.150252 77.103856
v 77.713039 97.678139 97.247846
v 75.817307 100.886987 88.455497
v 80.054686 98.140536 76.406376
v 75.817307 100.886987 64.356886
v 68.497361 102.336761 72.861601
v 62.440643 107.492547 48.131845
v 57.391782 110.150226 54.221256
v 46.308336 110.988502 77.103856
v 40.440621 111.081609 65.662433
v 51.989768 110.709093 65.662433
v 51.989768 110.709093 42.779735
v 46.308336 110.988499 54.221207
v 40.440621 111.081609 42.779735
v 3.598867 100.953817 52.904612
v -1.853994 99.892067 45.993471
v -2.614903 99.049099 63.083083
v 13.271402 107.720620 37.347271
v 11.501489 102.925165 31.552761
v 15.723423 105.722267 14.630719
v 12.509069 101.281341 12.201876
v 3.948078 100.858840 28.615685
v -2.130114 100.752001 21.252962
v -2.367141 98.063576 38.575558
v 22.651224 110.988502 31.338313
v 17.047766 110.627040 20.007588
v 34.479779 111.081609 31.338435
v 28.518936 111.081620 19.897086
v 34.479779 111.081631 8.455639
v 28.518933 111.081643 -2.985710
v 22.651223 110.988502 8.455701
v 16.408127 110.953805 -1.095504
v 22.570575 111.056246 -14.156880
v 14.143024 112.234711 -19.711851
v 13.269695 105.367462 2.560447
v 34.479779 111.081648 -14.427059
v 28.518932 111.081643 -25.868420
v 34.479779 111.081620 -37.309806
v 28.518936 111.081609 -48.751216
v 22.468170 111.142088 -36.770726
v 14.068130 112.313530 -43.473629
v 8.582716 109.425785 -24.068929
v 5.478620 100.439797 3.040005
v -2.596089 100.613070 -3.737766
v -1.355073 98.864130 9.892740
v 5.801059 104.683001 -6.958326
v 7.456969 102.940195 -28.712179
v -0.274407 103.535765 -19.443563
v -2.345459 99.737074 -27.575331
v -2.367141 98.063576 -11.131447
v 46.308336 110.988502 31.338435
v 40.440621 111.081609 19.897111
v 57.391782 110.150226 31.338435
v 51.989768 110.709093 19.897111
v 57.407058 110.156741 8.485308
v 51.989768 110.709093 -2.985710
v 46.308334 110.988502 8.455688
v 40.440621 111.081609 -2.985710
v 66.966828 101.917730 46.856225
v 62.272609 108.891712 20.459760
v 77.713017 97.678125 49.578754
v 69.215885 99.349007 32.149903
v 71.718458 96.464713 19.277407
v 75.071331 102.504647 11.377678
v 67.110691 104.705572 16.604237
v 66.106644 110.201892 3.173167
v 71.893947 104.663573 2.117433
v 66.007668 108.552082 -16.332424
v 58.264935 110.520727 -12.922947
v 79.013126 99.899642 -0.902611
v 75.817318 100.886987 -7.939046
v 80.552419 100.123810 -21.314877
v 75.817318 100.886987 -32.037669
v 70.756009 102.946823 -19.988290
v 65.630800 107.983507 -39.417295
v 58.264935 110.520730 -35.986275
v 46.308336 110.988502 -14.427059
v 40.440623 111.081631 -25.868408
v 51.989768 110.709093 -25.868494
v 51.989768 110.709093 -48.751204
v 46.308336 110.988499 -37.309806
v 40.440623 111.081623 -48.751167
v 1.989157 101.581840 -40.413702
v 0.925111 100.877119 -52.693169
v -1.917753 98.178737 -35.592166
v 9.843164 108.099188 -46.382705
v 6.386755 105.262821 -58.190139
v 9.387293 109.894040 -76.127382
v 7.456969 102.940195 -76.909426
v 0.315003 103.780736 -67.074258
v 0.922030 101.200340 -73.867004
v -2.177016 100.886186 -62.165567
v 22.468175 111.142094 -59.726977
v 14.804783 111.912428 -68.255322
v 34.479779 111.081648 -60.192553
v 28.518931 111.081643 -71.633865
v 34.479779 111.081623 -83.075226
v 28.518936 111.081614 -94.516618
v 22.651222 110.988499 -83.075263
v 16.534400 110.954132 -93.946690
v 22.651223 110.988502 -105.957998
v 16.534400 110.954132 -116.947445
v 11.571882 108.238650 -99.021060
v 34.479779 111.081620 -105.957961
v 28.518931 111.081637 -117.399347
v 34.479779 111.081620 -128.840732
v 28.518936 111.081609 -140.282115
v 22.651223 110.988502 -128.840757
v 16.742099 110.837436 -140.107257
v 8.131359 111.215887 -125.304084
v 2.295316 101.696487 -88.479549
v 0.493187 101.651660 -99.301924
v -0.051840 98.649499 -84.325498
v 5.525672 104.972813 -103.742750
v 1.719827 110.174611 -136.301845
v -1.817307 105.588034 -118.264556
v -1.014647 101.514201 -125.013117
v -4.004313 100.374784 -113.293365
v 46.308336 110.988502 -60.192454
v 40.440625 111.081637 -71.633902
v 57.906141 110.368926 -59.517819
v 51.989768 110.709093 -71.633816
v 56.971750 109.516569 -82.339582
v 51.989761 110.709096 -94.516618
v 46.308333 110.988502 -83.075251
v 40.440623 111.081623 -94.516612
v 68.846579 102.431724 -45.758766
v 61.322643 105.982107 -66.006887
v 79.795825 99.915642 -44.619033
v 73.672595 100.394470 -57.675941
v 76.800823 97.844112 -69.124041
v 68.897627 99.273156 -84.414690
v 63.878558 101.057517 -73.348730
v 59.014877 104.079865 -88.551015
v 62.390342 100.635593 -97.415119
v 59.922247 105.448765 -113.022813
v 56.747096 109.177636 -104.828932
v 77.514421 97.638630 -93.525446
v 72.895132 101.693491 -108.301602
v 80.054672 98.140521 -116.382968
v 73.490699 100.352403 -129.243299
v 64.390804 101.201607 -119.362086
v 60.182647 105.738690 -136.164475
v 57.280313 109.982064 -128.645543
v 46.308334 110.988499 -105.957961
v 40.440624 111.081634 -117.399304
v 51.989764 110.709087 -117.399347
v 51.989755 110.709104 -140.282136
v 46.308336 110.988502 -128.840757
v 40.440623 111.081631 -140.282106
v 1.500540 103.326897 -140.853273
v -1.191239 103.424484 -151.342560
v -0.051848 98.649510 -134.663832
v 10.694650 110.432583 -151.038158
v 7.737875 104.240787 -152.558651
v 12.624956 108.489116 -171.633004
v 10.921468 101.810346 -173.769381
v 1.989152 101.581826 -161.181767
v -1.528882 99.993889 -173.058209
v -4.459084 100.853416 -163.768344
v 22.651223 110.988502 -151.723488
v 16.969792 110.709101 -163.164854
v 34.479779 111.081634 -151.723464
v 28.518936 111.081609 -163.164854
v 34.479779 111.081634 -174.606206
v 28.518936 111.081620 -186.047581
v 22.651222 110.988499 -174.606196
v 17.009379 110.667424 -185.991515
v 22.651223 110.988505 -197.488943
v 17.006843 110.670098 -208.877856
v 15.773164 105.714618 -191.511477
v 34.479779 111.081609 -197.488944
v 28.518936 111.081614 -208.930310
v 34.479779 111.081620 -220.371677
v 28.518934 111.081631 -231.813042
v 22.651223 110.988502 -220.371677
v 16.969788 110.709093 -231.813051
v 12.428907 109.243934 -219.152333
v 5.482096 101.455171 -185.360915
v 1.424692 103.754646 -200.595931
v -1.917765 98.178754 -185.085342
v 11.501513 102.925145 -199.818341
v 7.983261 106.628026 -227.937292
v 6.196061 101.726493 -209.525189
v 1.840897 101.018296 -222.458606
v -0.051840 98.649499 -210.171263
v 46.308336 110.988502 -151.723464
v 40.440624 111.081634 -163.164854
v 57.388249 110.128392 -151.683143
v 51.989768 110.709101 -163.164854
v 57.644158 109.584212 -173.279172
v 51.989762 110.709101 -186.047576
v 46.308336 110.988502 -174.606209
v 40.440621 111.081609 -186.047573
v 66.966828 101.917718 -141.710467
v 64.156341 107.259571 -158.168299
v 77.713039 97.678139 -141.096698
v 75.817318 100.886987 -152.530940
v 80.054686 98.140536 -164.580248
v 75.817318 100.886987 -176.629561
v 70.756009 102.946823 -164.580236
v 62.796085 103.706925 -176.922464
v 68.846579 102.431724 -188.765575
v 60.448924 104.663963 -203.147477
v 56.508403 108.260258 -195.006077
v 77.713039 97.678139 -188.765578
v 73.490702 100.352398 -200.678921
v 80.054672 98.140521 -212.777553
v 75.817318 100.886987 -224.826871
v 66.966828 101.917718 -212.422912
v 59.121244 102.484731 -223.700067
v 55.639426 107.506554 -217.302740
v 46.308337 110.988499 -197.488944
v 40.440624 111.081634 -208.930310
v 51.989758 110.709104 -208.930308
v 51.885862 110.552340 -231.631067
v 46.308336 110.988502 -220.371677
v 40.440623 111.081631 -231.813042
v 2.355733 102.979130 -235.815751
v -0.917501 101.411964 -248.039147
v -0.051840 98.649499 -235.340429
v 13.869842 107.727402 -239.994718
v 12.509072 101.281341 -243.808155
v 13.006326 106.728960 -261.479927
v 4.998834 105.527316 -273.179351
v 3.598856 100.953805 -256.943409
v -1.379295 101.035091 -271.782347
v 0.012986 97.661812 -259.046155
v 22.651223 110.988502 -243.254418
v 16.992906 110.684768 -254.663035
v 34.479779 111.081620 -243.254424
v 28.518936 111.081609 -254.695779
v 34.479779 111.081609 -266.137165
v 28.518936 111.081609 -277.578508
v 22.651223 110.988502 -266.137165
v 16.534400 110.954132 -277.952934
v 22.651224 110.988496 -289.019888
v 16.742099 110.837419 -300.719189
v 8.269901 111.070094 -291.001961
v 34.479779 111.081609 -289.019875
v 28.518936 111.081609 -300.461237
v 34.479779 111.081609 -311.902635
v 28.518931 111.081637 -323.343984
v 22.651223 110.988502 -311.902635
v 16.969790 110.709093 -323.343971
v 10.554863 110.579697 -312.880715
v -0.344346 103.609427 -284.627813
v -1.414771 100.029506 -295.111152
v -2.659295 98.599746 -284.688760
v 5.852807 105.824788 -297.290722
v 6.522699 108.556477 -322.852323
v 3.948098 100.858842 -304.384777
v -2.653090 100.629021 -318.898770
v -2.808933 98.528520 -309.998558
v 46.308336 110.988499 -243.254424
v 40.440622 111.081614 -254.695755
v 54.955595 106.474899 -238.987846
v 51.963726 110.669806 -254.650177
v 56.842931 109.322204 -265.175945
v 51.989768 110.709093 -277.578508
v 46.308336 110.988502 -266.137165
v 40.440623 111.081631 -277.578502
v 68.497364 102.336746 -236.353054
v 59.614969 103.870977 -248.461373
v 80.054672 98.140521 -236.876195
v 73.672606 100.394465 -248.351718
v 75.597849 97.255003 -259.623006
v 66.481431 98.691776 -269.289040
v 63.878558 101.057503 -258.385672
v 59.005071 104.065053 -271.595695
v 62.182310 100.576216 -280.608796
v 59.005074 104.065073 -294.478424
v 56.671868 109.064152 -287.759096
v 70.937783 97.789261 -282.721417
v 66.187248 98.620313 -292.050120
v 70.663760 97.707438 -305.459156
v 66.187251 98.620305 -314.932831
v 62.182310 100.576193 -303.491482
v 59.005080 104.065059 -317.361208
v 56.671871 109.064132 -310.641818
v 46.308336 110.988502 -289.019875
v 40.440621 111.081609 -300.461237
v 51.989768 110.709093 -300.461237
v 51.989768 110.709093 -323.343971
v 46.308336 110.988502 -311.902635
v 40.440624 111.081634 -323.343996
v 3.948087 100.858854 -328.170516
v -3.371855 99.409078 -341.994701
v -8.221637 98.780309 -333.317617
v 11.567780 110.150226 -334.785394
v 6.562418 108.123407 -345.634781
v 11.567777 110.150252 -357.668067
v 6.567048 108.118518 -368.765316
v 2.030613 102.876921 -354.671346
v -3.371873 99.409069 -366.093238
v -7.609229 96.662614 -354.043884
v 22.651223 110.988502 -334.785394
v 16.969792 110.709101 -346.226755
v 34.479779 111.081637 -334.785369
v 28.518936 111.081609 -346.226841
v 34.479779 111.081609 -357.668129
v 28.518934 111.081631 -369.109453
v 22.651223 110.988502 -357.668129
v 16.969796 110.709090 -369.109453
v 22.651223 110.988502 -380.550802
v 16.969790 110.709084 -391.992212
v 11.567780 110.150261 -380.550826
v 34.479779 111.081609 -380.550839
v 28.518936 111.081609 -391.992163
v 34.479779 111.081609 -403.433586
v 28.518935 111.081634 -414.874886
v 22.651224 110.988507 -403.433586
v 16.969795 110.709084 -414.874935
v 11.053420 110.368948 -404.358060
v 5.478617 100.439811 -374.093109
v -1.067316 100.336554 -388.574044
v -7.072741 98.358825 -381.728441
v 7.524608 107.218283 -390.552668
v 4.086066 108.084206 -418.924026
v 0.570479 104.141072 -404.238352
v -3.371873 99.409083 -414.290387
v -8.009956 99.623209 -407.969293
v 46.308336 110.988502 -334.785394
v 40.440626 111.081648 -346.226731
v 56.671868 109.064132 -333.524565
v 51.989768 110.709093 -346.226816
v 56.671871 109.064132 -356.407276
v 51.989768 110.709093 -369.109490
v 46.308336 110.988502 -357.668129
v 40.440623 111.081631 -369.109453
v 62.182307 100.576193 -326.374266
v 59.005068 104.065079 -340.244016
v 70.663754 97.707421 -328.341879
v 66.187242 98.620308 -337.815651
v 70.999612 97.882530 -351.569290
v 68.182267 99.102047 -362.551680
v 62.182313 100.576202 -349.256951
v 59.100947 104.209735 -363.294603
v 65.020087 103.064488 -376.181830
v 61.521108 107.860905 -390.415787
v 57.012700 109.578356 -379.887030
v 81.709376 104.589865 -387.884519
v 78.103431 107.311339 -399.252314
v 81.640051 102.697936 -412.031642
v 75.856434 103.921443 -419.128949
v 69.193510 108.447211 -406.215306
v 62.421241 109.218867 -414.874861
v 57.391782 110.150226 -403.433586
v 46.308338 110.988502 -380.550814
v 40.440621 111.081609 -391.992163
v 51.989762 110.709101 -391.992212
v 51.989769 110.709093 -414.874861
v 46.308336 110.988502 -403.433635
v 40.440621 111.081609 -414.874861
v 2.021560 101.594006 -426.928426
v -0.964616 100.169310 -442.314551
v -5.231507 96.210632 -423.838720
v 10.694629 110.520747 -428.063151
v 5.991864 106.163707 -440.176938
v 10.606770 110.525082 -451.359844
v 8.824390 104.248507 -463.876677
v 7.636503 102.475323 -455.514110
v 4.594370 103.198366 -471.932093
v 1.159810 97.020984 -452.182360
v 22.651229 110.988502 -426.316333
v 16.969800 110.709098 -437.757755
v 34.479779 111.081631 -426.316333
v 28.518934 111.081634 -437.757682
v 34.479779 111.081606 -449.199055
v 28.518933 111.081643 -460.640380
v 22.651223 110.988502 -449.199031
v 16.742104 110.837439 -461.331133
v 22.651222 110.988499 -472.081851
v 16.534403 110.954140 -484.959945
v 8.933062 110.372140 -479.656200
v 34.479779 111.081609 -472.081753
v 28.518934 111.081637 -483.523225
v 34.479779 111.081637 -494.964525
v 28.518934 111.081623 -506.405824
v 22.651227 110.988502 -494.964475
v 16.969789 110.709076 -506.405923
v 8.555276 111.413544 -502.768200
v 2.246981 107.793370 -490.694454
v 2.011006 102.655872 -495.662520
v 2.107345 98.125309 -483.536016
v 2.598427 108.657713 -495.076622
v 4.787093 109.408497 -510.752542
v 1.235434 104.584161 -501.657436
v 4.384320 99.881374 -504.165394
v -0.695118 96.496814 -497.132016
v 46.308336 110.988502 -426.316333
v 40.440621 111.081609 -437.757731
v 57.391782 110.150226 -426.316333
v 51.989768 110.709093 -437.757731
v 57.391783 110.150226 -449.199055
v 51.989769 110.709098 -460.640380
v 46.308336 110.988502 -449.199031
v 40.440621 111.081606 -460.640404
v 68.180007 107.831677 -427.907795
v 62.421247 109.218859 -437.757706
v 77.587629 97.714319 -427.298574
v 69.832594 101.591811 -434.865533
v 71.335687 96.385701 -443.063980
v 68.519537 102.138919 -456.313867
v 66.355347 106.871843 -448.096271
v 62.421244 109.218861 -460.640453
v 66.944635 107.760888 -472.011048
v 62.421250 109.218873 -483.523127
v 57.391782 110.150246 -472.081827
v 71.194848 98.312737 -466.514556
v 72.559379 105.705557 -485.923234
v 81.738379 103.750942 -505.662975
v 74.604014 102.031967 -512.183051
v 68.449061 108.237596 -497.667070
v 62.421250 109.218873 -506.405947
v 57.391780 110.150249 -494.964475
v 46.308336 110.988502 -472.081753
v 40.440623 111.081631 -483.523200
v 51.989767 110.709096 -483.523176
v 51.989764 110.709093 -506.405947
v 46.308335 110.988502 -494.964451
v 40.440623 111.081620 -506.405923
v 4.681076 105.652283 -516.352956
v 1.518842 107.309286 -541.345279
v 3.297958 99.935720 -522.143685
v 11.567778 110.150246 -517.847296
v 6.297411 109.222315 -529.702297
v 11.310788 109.918586 -540.847984
v 2.271801 109.844492 -561.352277
v -0.704825 109.033497 -551.195411
v -6.516188 108.025892 -572.933171
v -3.407072 105.949320 -563.477419
v 22.651224 110.988499 -517.847247
v 16.974327 110.617214 -529.101030
v 34.479779 111.081620 -517.847272
v 28.518934 110.988496 -529.109868
v 34.479779 110.940091 -541.644010
v 27.811188 111.292881 -558.790750
v 22.604348 110.660108 -540.309223
v 16.850208 109.882050 -550.974211
v 21.187639 110.316356 -569.147777
v 14.795128 108.703054 -578.431258
v 8.257892 109.788259 -570.883302
v 34.479780 111.280437 -575.945298
v 26.946679 110.192396 -588.128318
v 34.479780 108.132574 -596.223948
v 26.946679 105.386119 -603.001559
v 19.588503 108.054233 -596.120541
v 14.356518 104.318875 -594.929767
v 7.779442 106.730816 -589.724371
v -5.578334 108.508702 -577.766504
v -9.112970 105.607320 -586.275491
v -9.870233 105.215166 -587.046451
v 0.055232 108.472462 -586.650966
v 1.441788 103.744419 -597.627820
v -4.666303 105.461274 -592.885176
v -7.239229 101.873022 -594.596077
v -10.067154 102.587115 -595.623025
v 46.308335 110.988499 -517.847419
v 40.440622 110.988505 -529.109917
v 57.391779 110.150252 -517.847296
v 51.985233 110.617202 -529.101226
v 57.346497 109.790646 -539.928002
v 52.531387 110.115035 -552.701413
v 46.303808 110.617202 -540.006171
v 40.769200 110.684995 -554.318236
v 68.069357 106.751224 -520.264147
v 62.342380 109.047362 -528.967893
v 80.054686 98.140536 -526.060204
v 71.753495 99.885109 -530.802209
v 73.011995 96.525482 -537.700854
v 72.777919 102.071740 -554.591803
v 64.769036 103.336194 -536.454326
v 62.567142 108.025039 -551.231132
v 71.350688 106.778753 -570.570454
v 63.954162 106.914845 -573.517473
v 58.862846 109.048505 -565.072416
v 81.712579 103.307131 -574.180165
v 78.532686 105.461297 -585.036672
v 80.884858 102.075676 -590.858310
v 76.438315 101.899163 -594.868661
v 72.229317 105.106318 -589.626562
v 63.883509 102.698402 -587.496167
v 60.848701 106.607757 -588.636465
v 47.771915 110.316356 -569.147679
v 41.766924 109.831343 -585.183779
v 55.732722 109.499274 -584.966924
v 56.356510 105.115021 -602.481186
v 49.371059 108.054224 -596.120492
v 42.012880 105.386119 -603.001657
v -4.666303 100.115522 -603.145965
v -8.945681 96.183453 -604.912767
v -9.443985 99.689413 -603.072019
v 6.096596 101.316865 -606.769718
v 0.055243 96.867505 -608.925646
v 7.427246 92.201155 -607.860350
v -0.545545 87.295826 -613.298780
v -3.676573 91.752615 -604.180965
v -6.330054 86.473362 -596.930143
v -10.381649 92.070811 -603.838682
v 19.588500 101.801168 -608.122648
v 13.807997 97.011337 -605.968193
v 34.479780 101.401010 -603.535876
v 26.946680 97.637229 -612.226954
v 34.479780 92.830944 -615.050803
v 27.466237 87.137225 -610.210571
v 19.559893 92.807105 -614.875856
v 12.408508 87.486550 -616.206788
v 19.571723 81.855814 -618.177900
v 14.140340 76.229087 -627.983129
v 5.581644 81.797497 -616.206788
v 34.479780 81.845185 -618.063249
v 27.128861 75.975957 -621.732470
v 34.479780 69.682352 -618.816409
v 27.540630 63.470561 -628.729661
v 21.773783 70.083213 -637.002201
v 15.670889 63.526769 -636.412204
v 7.517823 69.871819 -625.582629
v -6.414443 81.697368 -611.566790
v -9.314203 75.666879 -603.412240
v -10.882093 81.225268 -593.634630
v -0.803019 75.838010 -614.876052
v -0.831639 63.404768 -615.050901
v -6.599171 69.682351 -612.226905
v -9.327068 63.431650 -603.648808
v -12.227879 69.738904 -604.566163
v 48.764572 101.430764 -604.253880
v 41.564172 97.152608 -606.494949
v 59.949352 100.386526 -596.961249
v 55.151561 97.011337 -605.968193
v 63.149048 92.592542 -613.298927
v 56.551055 87.486556 -616.206985
v 49.399676 92.807114 -614.875807
v 42.012878 87.534237 -616.933582
v 69.771241 99.251793 -593.828039
v 67.067649 96.443526 -603.837700
v 79.275523 98.766760 -593.449470
v 76.484998 95.666714 -598.780982
v 83.230774 91.781971 -600.399843
v 79.974296 87.057420 -606.769718
v 74.635073 92.091890 -608.925499
v 69.505112 87.295828 -613.298927
v 75.373993 81.697366 -611.566643
v 69.762589 75.838013 -614.875807
v 63.377923 81.797497 -616.206985
v 84.532082 81.635381 -602.481333
v 80.555446 75.814170 -608.122894
v 84.857401 69.682351 -603.001657
v 80.620016 63.404768 -608.273094
v 75.558724 69.682351 -612.226954
v 69.791195 63.404768 -615.050901
v 63.435142 69.682352 -616.933680
v 49.422558 81.840404 -617.877549
v 42.012878 75.861855 -618.628058
v 56.602539 75.857087 -617.877549
v 56.608273 63.404768 -618.063249
v 49.428282 69.682351 -618.628058
v 42.012878 63.404768 -618.816360
v -0.979163 61.616814 -629.705298
v -1.473428 59.081840 -639.603623
v -9.406284 61.504243 -622.546074
v 7.517823 57.053044 -625.582629
v 5.182126 55.752848 -633.489760
v 6.551313 44.872993 -620.442586
v 6.286744 44.971793 -634.547494
v 3.708025 53.198645 -643.047421
v -0.892272 47.838580 -638.250546
v -5.450053 53.260629 -633.962062
v 21.773783 56.970325 -637.002201
v 15.675764 50.521301 -636.218353
v 34.479780 57.065855 -626.003719
v 28.076757 50.516325 -637.002201
v 34.479780 44.844672 -621.213227
v 26.982109 39.243840 -617.539685
v 20.793771 44.568999 -628.407460
v 12.515610 39.290602 -616.831108
v 19.559894 34.002433 -614.875758
v 13.389419 28.947229 -616.484896
v 11.474253 38.741559 -630.913183
v 34.479760 33.963319 -615.423038
v 27.259861 30.629456 -617.259318
v 34.477032 28.563898 -614.636685
v 28.090030 25.573550 -619.733027
v 21.334968 24.884535 -622.150467
v 16.625158 21.071138 -616.139323
v 9.847734 27.182068 -619.827252
v 4.446951 42.804100 -640.406376
v 0.549335 38.869476 -634.626596
v -4.148764 43.114041 -631.880670
v 10.177703 38.028481 -640.406376
v 5.948998 25.328940 -601.566630
v 4.600427 33.209624 -623.529469
v 2.717581 31.107534 -608.960312
v 0.361200 36.226503 -623.820540
v 49.428282 57.127186 -618.628058
v 42.012880 50.947686 -618.628009
v 63.435142 57.127184 -616.933680
v 56.602541 50.952453 -617.877549
v 63.377920 45.012035 -616.206985
v 56.551055 39.322985 -616.206985
v 49.422555 44.969130 -617.877549
v 42.012880 39.275302 -616.933582
v 75.558735 57.127186 -612.226905
v 69.711956 50.967178 -615.059985
v 84.701907 57.123772 -603.386069
v 76.568697 50.742062 -618.690416
v 76.682962 44.865094 -621.728346
v 71.527309 40.627800 -632.193738
v 71.357436 44.651566 -623.612548
v 68.190785 40.423172 -618.997690
v 66.136301 38.749611 -641.808603
v 63.402077 35.823327 -634.452680
v 61.971624 35.526699 -618.798046
v 70.690731 39.702946 -642.376112
v 67.115151 36.656835 -646.283032
v 68.574574 33.392200 -641.038895
v 65.774518 29.910977 -639.483276
v 64.706405 32.909727 -640.584023
v 63.001925 26.598226 -624.220763
v 60.278863 27.717161 -618.100664
v 48.969208 33.764213 -618.538841
v 41.180497 28.694936 -625.643858
v 55.488404 29.696462 -616.828358
v 53.325427 26.012417 -610.149637
v 47.135247 24.954610 -625.809819
v 40.634127 26.268252 -615.658673
v 2.373392 26.636732 -576.425408
v -0.290032 27.019528 -569.290661
v -0.673579 30.261726 -596.521696
v 11.794211 24.578178 -594.886976
v 7.577769 25.156676 -573.787676
v 11.492447 24.793975 -580.097354
v 3.056711 25.296537 -570.970677
v 1.811030 26.407803 -568.762727
v -0.160835 25.898564 -564.905276
v -0.463571 28.493601 -569.543678
v 21.839625 22.122561 -612.693610
v 17.020703 25.388612 -593.981307
v 34.513723 29.411445 -601.190074
v 28.116996 28.264476 -603.209698
v 34.520019 27.363604 -593.574579
v 27.980830 26.902136 -581.100071
v 22.261937 27.650443 -590.456468
v 15.759765 26.994916 -582.860834
v 21.818880 26.461924 -571.542041
v 15.716000 26.461910 -559.547323
v 8.976345 25.185892 -568.358134
v 34.498692 16.325830 -572.867081
v 27.413261 20.611384 -551.376545
v 34.501713 17.918164 -544.921233
v 27.816140 16.455097 -532.551285
v 21.814019 26.222484 -547.169274
v 15.711127 26.402672 -534.584583
v 9.908398 26.763032 -547.169176
v 0.255760 24.585215 -566.003323
v -2.700711 21.496246 -557.781160
v -0.989910 26.029261 -561.258912
v 4.530167 27.419496 -559.509172
v 3.197950 27.644431 -531.243553
v 0.036560 24.147732 -549.194151
v -6.431020 18.765842 -532.986861
v -6.569275 21.707310 -545.552107
v 45.789671 29.325558 -601.115539
v 40.707903 28.490119 -600.044449
v 57.852769 25.233596 -608.283258
v 51.220566 29.181902 -592.921241
v 54.602675 29.143601 -576.599005
v 51.723181 27.581351 -575.385743
v 47.201698 27.419490 -593.526951
v 40.915559 23.556227 -583.380985
v 64.873202 24.266337 -619.883129
v 60.768055 26.487733 -593.506501
v 67.285303 30.163904 -636.105568
v 66.163062 23.782052 -609.688578
v 67.013588 27.163926 -604.558896
v 68.613565 20.183826 -583.948127
v 63.120619 23.563796 -578.951287
v 61.054325 26.613453 -569.446188
v 67.757449 16.972516 -569.638738
v 64.489115 18.696662 -560.698644
v 58.044200 27.291945 -567.783628
v 72.451572 25.049258 -594.422627
v 72.285175 18.404741 -567.742825
v 72.606809 24.901060 -571.027389
v 71.804402 18.918766 -545.368126
v 69.368761 14.691332 -549.235445
v 63.103738 14.600456 -532.758271
v 59.109914 16.865050 -548.480763
v 46.713924 24.734777 -568.377382
v 40.923041 26.222493 -559.557021
v 53.318925 24.333661 -559.825309
v 52.454612 26.735819 -530.949929
v 47.226013 26.222493 -547.169176
v 40.923041 26.162445 -534.584534
v -4.940672 21.532668 -513.319838
v -8.282236 23.483118 -503.914954
v -13.538815 21.235093 -515.210252
v 9.908407 26.763032 -521.999843
v 3.588683 28.206600 -500.332568
v 11.689256 28.320797 -481.296370
v 5.659530 31.038393 -475.013182
v -4.802386 30.211988 -489.206816
v -4.201859 31.257746 -489.243150
v -8.317208 27.378566 -497.495412
v 22.846733 13.694337 -517.402195
v 16.571817 20.474067 -506.885664
v 34.520019 26.162434 -521.999893
v 28.099917 18.049276 -510.464000
v 34.520019 26.162448 -496.830707
v 28.116998 26.162448 -484.246164
v 21.456396 15.937533 -496.413569
v 16.059362 25.324858 -479.514691
v 21.814019 26.222493 -471.661497
v 15.711131 26.402655 -459.077052
v 9.378376 27.560232 -464.298381
v 34.520019 26.162434 -471.661546
v 28.116998 26.162448 -459.077027
v 34.520019 26.455381 -444.039298
v 28.116998 26.162448 -433.907744
v 22.404622 26.557635 -443.823671
v 16.585419 26.735819 -431.376905
v 9.901389 23.850035 -446.878123
v 6.060361 37.479145 -488.517167
v 5.812056 37.692930 -485.580950
v -2.501754 33.187829 -490.195563
v 6.739374 30.865306 -470.020369
v 5.634395 28.265164 -437.417657
v 6.291718 33.839325 -461.357132
v 2.824263 32.124977 -457.868700
v 1.800860 33.851592 -478.902352
v 47.779691 26.514820 -518.785887
v 40.923041 26.162445 -509.415275
v 57.166146 23.478909 -516.872592
v 51.966478 29.120360 -516.519801
v 52.790897 33.088099 -513.184074
v 47.100789 33.330561 -513.335452
v 45.666779 23.792577 -504.605314
v 40.606336 26.519439 -481.252572
v 66.175833 15.771315 -516.945114
v 55.372752 31.187597 -511.926474
v 73.199181 24.242101 -543.091189
v 71.694622 17.394534 -507.829091
v 76.426667 20.651987 -502.847522
v 72.865020 18.564603 -482.974128
v 63.274683 23.235413 -493.203467
v 57.153475 30.329226 -498.747292
v 68.785280 21.022769 -475.734771
v 58.571948 34.065857 -480.162898
v 50.174717 34.483714 -493.659518
v 73.547651 26.156184 -488.355870
v 72.014190 24.600692 -480.794165
v 71.444102 29.884219 -470.805593
v 70.367240 29.149070 -459.341608
v 65.239243 29.121352 -466.590761
v 58.306106 34.291497 -462.997081
v 53.737879 34.926684 -465.229951
v 43.888739 22.574961 -482.295822
v 40.865803 26.226111 -459.344162
v 45.943419 29.220726 -478.215208
v 47.467379 20.774530 -450.687553
v 43.617787 22.392880 -464.280116
v 40.776547 22.146769 -435.084376
v 0.825774 29.240887 -425.124504
v -4.718721 23.381578 -409.677665
v -8.060464 23.528332 -419.736574
v 9.908398 26.763034 -421.323274
v 3.184247 22.340228 -407.397266
v 12.472954 22.395174 -392.046223
v 6.369356 27.795530 -380.920287
v -0.424319 17.377546 -397.698905
v -6.437927 19.659048 -383.309113
v -10.841328 20.236410 -395.472517
v 22.935385 26.862738 -416.751944
v 16.892318 27.556489 -400.796836
v 34.510358 21.994698 -421.860685
v 28.116998 26.162448 -408.738657
v 34.520019 26.162448 -396.154089
v 28.685000 21.941134 -380.337900
v 23.333931 27.094385 -390.646820
v 17.186462 27.932333 -374.320275
v 23.287980 27.067564 -366.342966
v 15.705076 23.806942 -358.738875
v 11.052401 27.092236 -369.144106
v 34.488543 13.400517 -370.857130
v 28.874133 18.031622 -355.109364
v 34.480651 11.215748 -347.736391
v 28.656575 12.219866 -332.368740
v 22.853513 15.583961 -344.471492
v 15.689978 16.505952 -334.523035
v 9.908398 26.763034 -345.815927
v 1.226523 28.577220 -369.144094
v -2.876396 24.518562 -357.570933
v -10.841505 20.323579 -370.633070
v 5.550313 28.091038 -354.488653
v 6.608185 27.851457 -331.073405
v 0.203361 28.880675 -342.660167
v -9.389511 23.836795 -331.089547
v -13.158343 20.838386 -344.058638
v 45.867521 17.008750 -428.947927
v 40.923041 26.162434 -408.738730
v 55.077301 33.245370 -437.784835
v 52.997617 16.578216 -411.517308
v 55.980168 31.829847 -414.103361
v 48.561397 31.066467 -399.774504
v 47.214011 20.354637 -396.914835
v 40.913378 21.994649 -384.106993
v 63.208402 35.192358 -450.412562
v 59.293724 31.963616 -424.444012
v 71.645332 30.191287 -441.893829
v 65.308497 30.159666 -432.970013
v 80.573532 26.120742 -409.711495
v 76.225591 19.838634 -381.926834
v 60.056489 32.651846 -410.214609
v 56.402406 35.313605 -406.287411
v 71.233970 18.116992 -366.659545
v 57.702017 32.502342 -380.707054
v 50.994028 34.242927 -396.987456
v 82.101228 24.489263 -378.653661
v 79.236907 18.359556 -355.303018
v 81.625944 21.998174 -348.209405
v 71.864091 17.756423 -333.734865
v 67.310278 21.867483 -353.066614
v 63.677521 24.173745 -342.766127
v 56.827599 32.588581 -364.375758
v 46.417355 27.122012 -374.762073
v 40.606933 18.179953 -357.787039
v 49.213013 30.981032 -377.624602
v 52.280188 27.569191 -338.129456
v 46.625171 26.569027 -344.298730
v 40.908847 19.208695 -334.130583
v -4.191002 29.326655 -318.492201
v -9.590940 25.893124 -311.015833
v -13.271736 23.901527 -316.945764
v 9.900735 23.344378 -321.099514
v 5.171276 28.065483 -305.503003
v 9.908398 26.763034 -295.477568
v 3.588683 28.206600 -280.526171
v -2.028019 31.186307 -297.238294
v 0.232902 35.364216 -300.013153
v -6.440531 29.057390 -310.594055
v 22.851863 14.781412 -319.909490
v 15.701712 22.168815 -308.614339
v 34.491985 13.446097 -322.288311
v 28.688375 23.463347 -306.250959
v 34.520019 26.162448 -295.477568
v 28.116998 26.162448 -282.893019
v 22.879257 26.830293 -293.640098
v 16.585419 26.735819 -282.017811
v 22.935385 26.862738 -268.900000
v 15.711131 26.402667 -257.723913
v 11.042811 23.228066 -270.090510
v 34.520019 26.455381 -269.630801
v 27.837982 26.455364 -257.173043
v 34.520019 26.915396 -244.049364
v 27.837982 26.455381 -232.257501
v 22.404622 26.557635 -244.678016
v 15.711131 26.402655 -232.554728
v 9.898166 22.075662 -245.760461
v -0.536682 30.259810 -284.106864
v -2.147955 28.530856 -264.770794
v 0.725629 34.399601 -290.876225
v 1.868201 16.863213 -258.155984
v 6.056624 24.631176 -247.568618
v 4.427393 34.632591 -267.028926
v 6.261051 38.174401 -263.413660
v 1.028911 37.239580 -266.937193
v 47.226017 26.222498 -320.646692
v 40.900144 15.492875 -309.440439
v 59.011685 23.285953 -321.644155
v 53.120695 22.512793 -309.524917
v 54.500400 31.914634 -317.108497
v 52.094006 20.796814 -289.502146
v 47.197604 13.713477 -297.095533
v 40.615425 21.850326 -282.627100
v 69.406940 20.749048 -321.759555
v 63.289446 28.748205 -313.875882
v 77.300003 19.680525 -322.584526
v 71.677977 21.797393 -308.333272
v 75.288407 20.810130 -296.408782
v 74.926533 20.205749 -282.603697
v 63.607921 30.923599 -314.405621
v 59.613972 34.572325 -311.177818
v 71.136188 22.328248 -273.019060
v 59.374628 33.259607 -277.996296
v 52.903526 33.690928 -299.397807
v 82.845163 20.940088 -270.179119
v 75.414679 21.707555 -258.455580
v 78.983952 21.464585 -246.476937
v 72.457285 27.537101 -239.004393
v 66.385417 31.658365 -259.389850
v 58.306086 34.291497 -261.644072
v 55.566363 32.208746 -266.376533
v 46.590402 26.607717 -269.781455
v 40.923038 26.162448 -257.723913
v 51.783906 23.329225 -265.516614
v 49.862217 31.461063 -252.277315
v 47.216355 22.068971 -245.676210
v 40.913381 21.994590 -233.092093
v 9.719098 33.891905 -251.800912
v 5.412788 33.674360 -239.462634
v 3.812620 39.574266 -251.265766
v 11.033541 27.661863 -223.469338
v 11.103946 31.042961 -235.587401
v 9.331230 27.445594 -196.424630
v 5.325289 28.018220 -184.764911
v 5.115529 29.428093 -217.486627
v 4.100878 37.812121 -213.859571
v -5.556187 30.418138 -210.061538
v 21.814019 26.222493 -219.970154
v 15.701440 22.291977 -207.921103
v 34.520019 26.498232 -219.784764
v 28.116998 26.162448 -207.385581
v 34.520019 26.162448 -194.801005
v 28.116998 26.162448 -182.216421
v 21.814019 26.222493 -194.801007
v 15.711131 26.402655 -182.216433
v 21.260345 26.514815 -169.968733
v 14.891523 26.693167 -157.510974
v 9.908407 26.763034 -169.631863
v 34.520019 26.455381 -169.968733
v 28.116998 26.162448 -157.047292
v 34.510764 22.850806 -145.581656
v 28.414625 26.498232 -132.658521
v 20.449060 26.957085 -145.946590
v 15.609685 27.095473 -133.547096
v 11.812779 25.597980 -145.773003
v 4.854800 35.089201 -194.915611
v 1.325331 37.732910 -187.846172
v 1.822251 39.293783 -201.112861
v 9.014785 30.965638 -171.070230
v 8.971221 29.874078 -141.014754
v 8.968717 37.108008 -177.552226
v -1.507178 35.848041 -166.849176
v -3.732647 38.138827 -178.097941
v 47.078754 26.386300 -220.657939
v 40.923038 26.162448 -207.385581
v 52.903523 33.690928 -249.059503
v 50.747903 29.273656 -219.440544
v 57.653292 28.407483 -201.705871
v 53.167972 26.581689 -182.968076
v 46.635412 26.557635 -194.891548
v 40.923038 26.162448 -182.216420
v 62.565383 32.100842 -244.593139
v 58.665271 32.662679 -228.233568
v 72.179101 27.094942 -227.013002
v 64.293479 30.894369 -225.698371
v 65.272473 37.451770 -216.894622
v 60.377646 36.768591 -207.973463
v 61.152983 32.815904 -208.868289
v 60.514659 31.564374 -197.228748
v 59.896345 36.031648 -197.609609
v 55.164390 35.024301 -187.282365
v 56.449117 25.710670 -182.648383
v 64.985731 39.011113 -199.865579
v 65.687448 36.752517 -186.641045
v 71.099879 35.641766 -173.991773
v 67.510437 36.453596 -160.967496
v 63.435916 35.965578 -175.188804
v 61.316637 32.678317 -153.732116
v 55.575436 24.810989 -156.983856
v 47.226017 26.222493 -169.631872
v 41.202053 26.455381 -157.510974
v 51.286377 29.168950 -167.035889
v 53.215949 22.284009 -132.913877
v 47.226012 26.222493 -144.462708
v 40.625410 26.498232 -132.658521
v 2.468017 35.410321 -146.397233
v 1.238321 36.785568 -138.462446
v -5.511670 30.473439 -142.561302
v 14.332181 31.068994 -135.361247
v 14.401247 36.135133 -140.500259
v 13.520901 29.648923 -105.359370
v 9.517919 34.020314 -107.720098
v 4.169424 37.379225 -129.759474
v 3.118390 33.254658 -115.400143
v 1.810905 37.378082 -125.954414
v 20.449060 26.957085 -121.414828
v 16.089725 26.705107 -107.886379
v 34.520019 26.162448 -119.293578
v 28.116998 26.162448 -106.708998
v 34.520019 26.498232 -95.318677
v 27.837982 26.455381 -82.764429
v 21.260345 26.514815 -95.222212
v 15.711131 26.402667 -81.539825
v 21.814019 26.222493 -68.955220
v 15.711131 26.402667 -56.370615
v 9.953796 26.799289 -69.096324
v 34.520018 26.820717 -71.837303
v 28.116998 26.162448 -56.370615
v 34.520018 27.046278 -48.446446
v 28.414625 26.498232 -33.085645
v 21.814019 26.222493 -43.785936
v 15.711131 26.402655 -31.201528
v 11.052401 27.092236 -45.532190
v 2.273830 28.462440 -96.444189
v -0.045757 31.274312 -78.237302
v -2.095079 28.072015 -96.553654
v 2.142150 28.128052 -60.124941
v 6.936338 30.607064 -45.502508
v 2.705845 30.742794 -53.434202
v 3.138616 35.786473 -55.575056
v -5.492165 27.624259 -63.961781
v 47.226012 26.222493 -119.293566
v 40.923038 26.162448 -106.708998
v 57.299283 28.801257 -127.851850
v 51.862421 28.033927 -113.558462
v 52.826460 32.833305 -119.424752
v 52.799972 22.746730 -84.518422
v 47.080310 23.417159 -96.699011
v 40.006940 27.211049 -85.700075
v 64.831619 29.625778 -138.641901
v 58.263557 33.109522 -130.536989
v 75.473606 29.149931 -138.565865
v 72.618827 30.408508 -123.458751
v 1.985556 109.125573 201.596190
v -3.890474 104.853391 193.705729
v 28.454415 109.322380 188.826142
v 12.465733 111.298600 208.638602
v 13.241213 112.387499 184.069702
v 28.493020 110.752052 168.256938
v 28.499060 111.114819 145.995343
v 13.379878 112.684690 160.340134
v -5.594553 103.728937 187.152460
v 1.867544 108.578249 191.212354
v 7.456954 102.940206 176.126457
v -2.845915 100.769624 169.181068
v 56.493827 111.298600 208.638602
v 40.505144 109.322383 188.826044
v 78.239031 104.922193 208.899280
v 67.290706 109.226911 202.493634
v 69.676767 111.298611 187.552413
v 77.585531 105.751475 185.991761
v 71.629728 99.919058 164.842010
v 67.216773 109.658690 162.210883
v 40.466539 110.752069 168.256938
v 55.718345 112.387522 184.069800
v 52.226226 110.842368 146.736155
v 40.440621 111.081609 145.752023
v -2.163978 100.509395 145.873573
v 7.456954 102.940195 152.027699
v 7.456969 102.940195 127.929014
v -0.073217 99.298658 126.991307
v 12.351293 113.233116 140.290982
v 28.460879 111.178533 123.533024
v 28.499058 111.114841 100.197982
v 13.379879 112.684696 112.671091
v 12.351293 113.233116 92.093785
v 28.460878 111.178550 77.674999
v 28.499060 111.114819 54.401064
v 13.379879 112.684696 65.002343
v -1.829484 101.079548 107.363246
v 7.456969 102.940195 103.830452
v 7.456954 102.940195 79.731963
v -0.895950 100.190546 84.225640
v 40.440623 111.081631 122.869276
v 51.989762 110.709101 122.869276
v 51.989762 110.709101 99.986406
v 40.440621 111.081609 99.986529
v 62.542720 109.260479 123.165748
v 73.490699 100.352403 144.593263
v 73.490699 100.352403 120.781353
v 62.421241 109.218867 99.986529
v 62.696358 108.519722 80.290193
v 73.672601 100.394470 97.247846
v 75.817307 100.886987 76.406326
v 63.052812 108.416118 58.628367
v 40.440621 111.081609 77.103856
v 51.989768 110.709093 77.103856
v 51.989768 110.709093 54.221231
v 40.440623 111.081631 54.221207
v -1.448833 100.018879 58.830222
v 10.921473 101.810348 49.829660
v 13.324201 101.006821 22.565064
v -2.345459 99.737062 33.087610
v 16.903576 110.746458 31.524405
v 28.518934 111.081631 31.338460
v 28.518936 111.081623 8.455688
v 17.140862 110.529033 8.697891
v 15.213454 111.482306 -9.020680
v 28.518934 111.081634 -14.427046
v 28.518935 111.081631 -37.309793
v 14.068130 112.313530 -31.645769
v -1.591283 100.896361 4.700393
v 9.098331 102.408982 5.235631
v 5.493107 105.007091 -19.443600
v -2.345459 99.737062 -15.442689
v 40.440621 111.081609 31.338435
v 51.989762 110.709101 31.338460
v 51.989768 110.709093 8.455688
v 40.440621 111.081609 8.455688
v 62.079809 107.589559 35.280757
v 73.672601 100.394470 49.579000
v 70.150357 100.758763 18.876522
v 63.613523 109.438228 10.872183
v 66.304691 109.000159 -4.980009
v 76.955257 102.603734 2.117433
v 75.817318 100.886987 -19.988290
v 66.003689 108.546051 -28.197834
v 40.440621 111.081609 -14.427059
v 51.989768 110.709093 -14.427046
v 51.989768 110.709093 -37.309806
v 40.440622 111.081614 -37.309781
v -0.744095 101.229454 -38.415475
v 7.456969 102.940195 -40.761362
v 5.493119 105.007057 -67.640871
v -0.979501 103.201646 -64.145725
v 14.068136 112.313541 -55.301440
v 28.518936 111.081609 -60.192454
v 28.518932 111.081643 -83.075281
v 16.263949 111.105553 -82.057607
v 16.742099 110.837436 -105.690354
v 28.518935 111.081623 -105.957979
v 28.518935 111.081634 -128.840757
v 16.534400 110.954132 -128.447850
v 0.947179 101.173860 -86.245250
v 9.098325 102.408979 -90.102209
v 1.663975 109.037138 -121.260271
v -2.662222 103.248238 -115.029762
v 40.440626 111.081648 -60.192528
v 51.989768 110.709093 -60.192454
v 51.989762 110.709101 -83.075226
v 40.440623 111.081623 -83.075214
v 64.122946 107.209199 -52.194438
v 75.817318 100.886987 -44.086852
v 69.215888 99.349010 -72.581367
v 59.897732 105.308864 -78.421014
v 59.100753 104.209416 -100.142718
v 68.897627 99.273156 -96.031164
v 73.490699 100.352403 -117.337344
v 60.144386 105.783892 -124.853226
v 40.440625 111.081637 -105.957961
v 51.989764 110.709087 -105.957967
v 51.989765 110.709087 -128.840708
v 40.440622 111.081609 -128.840720
v 1.205759 100.608869 -137.509776
v 5.096409 107.941042 -146.712536
v 9.649352 102.229016 -161.724468
v -0.621487 101.100420 -161.405494
v 16.969790 110.709093 -151.723498
v 28.518936 111.081609 -151.723488
v 28.518931 111.081637 -174.606199
v 16.969790 110.709093 -174.606209
v 17.149235 110.520238 -197.234844
v 28.518936 111.081620 -197.488942
v 28.518935 111.081623 -220.371674
v 16.969792 110.709079 -220.371680
v 1.840906 101.018296 -185.085341
v 13.324207 101.006821 -185.668877
v 8.629394 105.947967 -215.453811
v 3.549868 101.517961 -210.171260
v 40.440624 111.081634 -151.723464
v 51.989762 110.709090 -151.723467
v 51.989768 110.709093 -174.606209
v 40.440621 111.081609 -174.606209
v 61.574416 106.361959 -147.339172
v 73.672595 100.394470 -141.096698
v 75.817318 100.886987 -164.580245
v 63.903673 105.377882 -166.989727
v 61.523970 103.288258 -188.863264
v 73.672595 100.394470 -188.765576
v 73.672595 100.394470 -212.600041
v 59.658756 103.937022 -213.971003
v 40.440624 111.081634 -197.488941
v 51.989761 110.709101 -197.488941
v 51.970154 110.679498 -220.337331
v 40.440621 111.081609 -220.371683
v 0.512336 101.631530 -235.827336
v 11.342340 103.092696 -234.749446
v 9.098331 102.408982 -256.943416
v -0.263845 99.739652 -258.055247
v 16.969792 110.709101 -243.254418
v 28.518936 111.081609 -243.254430
v 28.518936 111.081609 -266.137165
v 16.743256 110.836225 -266.300702
v 16.534400 110.954140 -289.453327
v 28.518936 111.081606 -289.019875
v 28.518936 111.081609 -311.902635
v 16.969790 110.709098 -311.902610
v -3.103020 101.995386 -285.057220
v 4.079725 106.494654 -286.530122
v 6.463652 107.643971 -310.552553
v -2.222294 99.776023 -306.716842
v 40.440622 111.081614 -243.254430
v 51.885937 110.552473 -243.072591
v 51.989768 110.709093 -266.137165
v 40.440623 111.081623 -266.137141
v 59.121247 102.484734 -235.268615
v 75.817318 100.886976 -236.876195
v 69.215888 99.349010 -258.770502
v 59.875812 105.275762 -261.564872
v 59.005071 104.065056 -283.037050
v 66.187251 98.620305 -280.608796
v 66.187245 98.620319 -303.491482
v 59.005068 104.065079 -305.919871
v 40.440621 111.081609 -289.019875
v 51.989768 110.709093 -289.019875
v 51.989768 110.709093 -311.902635
v 40.440621 111.081609 -311.902635
v -3.371861 99.409078 -329.945273
v 6.575083 108.110060 -334.048228
v 6.361799 108.334551 -357.487314
v -3.371873 99.409069 -354.043884
v 16.969790 110.709093 -334.785394
v 28.518931 111.081637 -334.785369
v 28.518936 111.081609 -357.668129
v 16.969792 110.709079 -357.668067
v 16.969788 110.709093 -380.550839
v 28.518936 111.081609 -380.550839
v 28.518936 111.081609 -403.433586
v 16.969796 110.709090 -403.433586
v -1.227147 98.916563 -376.115740
v 7.905881 107.100726 -378.505560
v 3.794171 109.311602 -407.460508
v -4.332920 102.185266 -404.347994
v 40.440624 111.081643 -334.785418
v 51.989768 110.709093 -334.785382
v 51.989768 110.709093 -357.668129
v 40.440623 111.081623 -357.668129
v 59.005068 104.065079 -328.802606
v 66.187245 98.620308 -326.374241
v 66.199970 98.623403 -349.268085
v 59.005080 104.065059 -351.685291
v 59.877429 105.381145 -376.095829
v 74.055889 103.444670 -381.650456
v 77.577874 106.518453 -410.237858
v 62.420013 109.217008 -403.431671
v 40.440621 111.081609 -380.550839
v 51.989762 110.709101 -380.550925
v 51.989768 110.709098 -403.433635
v 40.440624 111.081634 -403.433635
v -3.129445 99.487077 -426.722816
v 4.360706 107.795155 -430.407725
v 8.380301 104.792451 -448.814300
v 4.025879 100.595726 -456.709990
v 16.969796 110.709084 -426.316333
v 28.518933 111.081637 -426.316284
v 28.518933 111.081637 -449.199055
v 16.969795 110.709093 -449.199080
v 16.534403 110.954143 -473.459528
v 28.518935 111.081626 -472.081753
v 28.518935 111.081614 -494.964500
v 16.742098 110.837428 -495.747956
v 3.508787 103.221488 -486.329078
v 3.223409 108.894356 -484.411781
v 2.560027 109.290338 -504.546270
v 1.823113 100.594765 -498.786426
v 40.440623 111.081631 -426.316382
v 51.989769 110.709093 -426.316382
v 51.989769 110.709093 -449.198981
v 40.440621 111.081606 -449.199080
v 62.421241 109.218867 -426.316382
v 73.024240 101.888291 -427.029255
v 68.064065 101.435652 -444.070257
v 62.421250 109.218870 -449.198932
v 62.421250 109.218873 -472.081827
v 69.908342 104.218015 -470.184588
v 75.708206 105.937388 -502.507522
v 62.421250 109.218873 -494.964598
v 40.440621 111.081609 -472.081728
v 51.989762 110.709101 -472.081728
v 51.989762 110.709096 -494.964525
v 40.440623 111.081620 -494.964475
v 4.250971 102.920736 -519.279303
v 6.475169 109.210309 -518.033193
v 4.386344 109.629587 -545.394960
v -1.919277 108.137358 -559.309748
v 16.969797 110.709090 -517.847296
v 28.518933 111.081643 -517.847149
v 28.379236 110.940074 -541.644108
v 16.987908 110.341721 -539.980049
v 15.895691 109.502198 -564.759373
v 27.199787 111.280431 -575.945298
v 26.946679 108.132574 -596.223751
v 14.342972 106.968056 -588.354035
v -9.108315 106.965714 -580.313227
v 0.775635 109.511291 -575.372878
v 0.312709 106.565897 -594.158022
v -7.799272 103.834178 -589.710058
v 40.440623 111.081626 -517.847394
v 51.989761 110.709093 -517.847296
v 51.971649 110.341721 -539.980049
v 40.463164 110.746464 -540.278387
v 62.421247 109.218876 -517.847198
v 73.490719 100.352401 -522.139290
v 68.277736 98.875557 -535.623487
v 62.067124 108.461443 -539.387867
v 63.616544 107.888041 -563.663389
v 77.699879 105.581167 -573.990955
v 77.694845 104.027435 -591.544939
v 64.172298 105.209711 -581.985706
v 41.186738 110.398594 -569.140534
v 54.129311 110.069305 -569.166730
v 56.379395 107.819230 -595.810738
v 42.012880 108.132562 -596.223751
v -8.352146 99.524622 -601.488265
v 0.312715 100.778751 -605.266147
v 1.593988 91.987018 -606.426011
v -8.194029 91.583472 -601.139500
v 14.131469 100.995344 -600.920166
v 26.946680 101.854968 -608.273094
v 26.946680 92.830944 -615.050803
v 12.465734 92.735600 -614.349984
v 12.425548 81.841498 -617.620554
v 26.946680 81.845185 -618.063249
v 27.388906 69.844541 -626.253987
v 15.670891 70.083213 -636.412302
v -9.174951 81.443197 -603.060283
v -0.717200 81.749806 -614.349935
v -0.831639 69.682353 -615.050901
v -9.363589 69.606312 -603.535876
v 41.703836 101.481329 -604.374178
v 55.506881 101.278951 -603.891564
v 56.493826 92.735583 -614.349984
v 42.012878 92.830944 -615.050803
v 63.631401 99.458344 -591.198654
v 74.981217 98.879789 -594.523874
v 79.328545 91.877323 -605.266049
v 69.219023 92.354136 -611.547003
v 69.676753 81.749806 -614.350033
v 80.361726 81.654456 -607.671803
v 80.620016 69.682351 -608.273094
v 69.791195 69.682354 -615.050901
v 42.012878 81.845185 -618.063249
v 56.585378 81.826107 -617.320694
v 56.608273 69.682351 -618.063249
v 42.012880 69.682351 -618.816311
v -6.027790 61.626942 -625.790915
v 2.072080 59.446860 -624.081365
v 5.331241 49.891606 -633.160537
v -1.279708 53.241559 -639.152581
v 15.670891 56.970325 -636.412302
v 28.076757 56.970325 -637.198949
v 27.580252 44.564100 -628.597874
v 14.237360 44.582841 -627.857970
v 13.754855 34.472703 -608.750847
v 26.946635 33.998681 -615.047955
v 27.827399 26.976276 -621.954063
v 14.973156 24.006614 -620.891222
v -0.246529 43.018663 -636.746925
v 9.862992 42.541853 -643.027781
v 9.007049 32.127412 -623.598702
v 2.844455 35.762995 -628.735602
v 41.348114 57.254539 -610.150324
v 56.608273 57.127186 -618.063249
v 56.585369 44.983438 -617.320547
v 42.012880 44.964352 -618.063249
v 69.791200 57.127184 -615.050999
v 80.477620 57.123773 -608.662710
v 73.464890 44.481828 -625.624463
v 69.320393 45.010442 -615.643403
v 64.645010 38.805273 -632.348455
v 68.069712 38.829314 -644.208612
v 67.289685 33.349599 -641.018567
v 62.708197 31.810425 -632.409979
v 41.374049 34.190332 -612.638813
v 56.395975 34.036985 -614.919065
v 54.939589 26.722338 -615.398438
v 40.880867 24.875746 -625.971018
v 0.136799 27.206851 -584.244353
v 5.835847 23.525202 -583.704389
v 4.946065 26.389700 -570.458995
v 0.527639 27.340268 -565.327152
v 17.375694 22.852386 -604.633775
v 28.108999 27.567244 -611.969222
v 28.332137 27.596381 -590.485609
v 16.470636 26.257079 -590.324705
v 15.730593 26.639568 -571.513489
v 27.503687 20.456604 -564.371205
v 27.410493 19.315482 -539.465127
v 15.711131 26.402678 -547.169274
v -1.826249 23.291075 -563.495316
v 3.421729 25.788002 -568.303239
v 4.505833 27.363604 -547.169274
v -4.732967 18.725486 -548.816442
v 40.336253 29.429966 -599.195100
v 51.327825 28.369234 -602.184125
v 51.694200 28.156086 -585.779816
v 40.923041 27.363604 -593.574628
v 62.656938 23.925056 -610.709290
v 65.337668 27.035721 -631.002498
v 65.908700 22.330365 -587.280859
v 59.033657 26.982336 -577.179305
v 63.172475 22.975028 -568.413716
v 71.602191 19.341023 -573.453716
v 71.824895 18.895976 -557.857266
v 64.501963 14.610205 -548.904357
v 40.914199 22.582024 -572.049647
v 52.509497 26.942162 -567.815715
v 53.314175 19.462164 -548.075286
v 41.193762 26.446558 -543.805780
v -9.812047 19.146302 -513.967505
v 1.895826 27.931284 -515.502796
v 3.433149 28.469438 -485.408729
v -6.988693 28.480893 -493.079954
v 15.701440 22.291877 -522.535487
v 28.099917 18.049276 -523.048420
v 28.107607 21.871763 -497.384690
v 16.217144 22.221557 -487.586040
v 15.711131 26.402655 -471.661546
v 28.116998 26.162448 -471.661571
v 28.116998 26.162448 -446.492484
v 15.701440 22.291962 -447.028078
v 0.729492 34.951770 -492.203378
v 6.927003 32.565553 -475.465378
v 6.546131 30.319184 -454.452177
v 5.414951 34.543213 -478.439084
v 40.923041 26.162434 -521.999893
v 53.328904 26.402667 -521.999843
v 48.951283 32.474347 -518.144627
v 40.624773 26.498954 -493.613363
v 60.216937 21.244868 -512.107558
v 70.978713 18.319317 -524.628737
v 71.720715 17.365531 -495.272658
v 53.962006 33.311690 -510.457224
v 59.381186 31.454645 -483.083304
v 73.277900 20.875896 -483.621279
v 70.476830 28.098255 -471.350271
v 58.306106 34.291492 -475.581674
v 40.817196 26.280176 -472.155846
v 46.217400 29.438919 -498.365482
v 46.229119 26.583236 -469.463220
v 40.778974 26.322694 -447.165168
v -3.236648 27.481769 -420.919492
v 4.513752 27.369953 -421.348365
v 5.890673 23.352544 -394.635419
v -4.733183 18.239719 -397.871102
v 17.170422 26.961303 -417.311033
v 28.116998 26.162448 -421.323274
v 28.414625 26.498232 -394.037294
v 18.076064 28.092434 -385.274259
v 15.945628 26.970361 -367.777060
v 28.880761 20.934833 -366.939998
v 28.663844 13.464783 -344.519967
v 15.696531 19.467110 -346.721423
v -4.712448 23.730062 -371.879708
v 7.450636 28.049810 -367.069502
v 5.428072 28.119061 -342.077227
v -6.409813 23.012377 -345.530699
v 40.913649 21.871718 -421.877355
v 50.254122 18.672661 -430.493602
v 52.306790 21.641146 -401.639704
v 40.923038 26.162448 -396.154113
v 59.902928 32.515203 -442.954215
v 67.087344 33.577368 -446.682579
v 72.656394 21.075057 -403.265366
v 58.594294 32.120196 -410.876982
v 54.112535 35.660764 -392.195957
v 80.142970 19.159204 -367.884616
v 76.145223 17.448227 -345.682458
v 62.454121 28.172071 -360.429877
v 40.606910 18.171537 -370.234677
v 48.494567 31.780182 -393.564599
v 50.179132 29.906355 -360.527453
v 40.908828 19.200426 -346.716513
v -11.402440 23.683501 -317.428574
v 6.369356 27.795530 -318.920914
v 5.379413 28.130235 -293.020111
v -3.064870 31.434154 -311.261326
v 15.683054 13.840121 -322.285071
v 28.427744 16.461808 -318.434016
v 28.414625 26.498232 -294.464381
v 15.711131 26.402667 -295.477568
v 16.585419 26.735819 -269.571217
v 28.116998 26.162448 -270.308481
v 27.517198 26.801611 -244.214049
v 15.711131 26.402667 -245.139339
v 0.315748 32.647913 -287.678975
v 1.086497 23.579832 -269.143652
v 4.957935 21.701432 -247.246810
v 3.758337 36.930690 -267.932470
v 40.906423 18.231178 -321.671811
v 53.328904 26.402678 -320.646729
v 52.690969 20.132775 -299.298500
v 40.905888 18.081008 -296.521775
v 64.118038 23.807169 -323.091150
v 71.728107 20.283169 -320.739739
v 69.807533 24.679374 -301.973192
v 60.215754 32.167242 -315.647496
v 58.533141 34.976573 -297.785341
v 76.747936 19.153272 -269.372984
v 73.043008 26.885554 -248.853205
v 59.677779 33.333693 -266.678467
v 40.869653 26.763773 -268.956534
v 52.094004 20.796819 -276.917565
v 51.023328 30.169500 -259.311926
v 40.923038 26.162448 -245.139339
v 7.246941 37.911077 -251.265766
v 8.716003 26.107275 -240.957399
v 6.768406 30.496735 -205.988358
v 0.710090 32.047682 -217.576396
v 15.711131 26.402678 -219.970154
v 28.116998 26.162448 -219.970154
v 28.116998 26.162448 -194.801007
v 14.891523 26.693181 -194.884229
v 15.711131 26.402667 -169.631872
v 27.837982 26.455381 -169.968733
v 28.116998 26.162448 -144.462708
v 14.694127 26.764248 -145.197680
v 3.133426 37.960844 -201.566330
v 5.725484 28.337951 -173.425057
v 10.266953 31.174073 -158.683402
v -0.543788 38.547301 -178.075459
v 40.625410 26.498232 -219.784764
v 49.630253 30.516898 -237.245306
v 53.384063 27.543513 -198.454712
v 40.923038 26.162448 -194.801007
v 58.306086 34.291497 -249.059497
v 69.554387 27.869756 -231.448540
v 61.681240 35.318525 -213.843807
v 60.845120 29.616461 -202.348973
v 59.319225 32.942633 -190.736019
v 61.899320 37.387056 -199.865581
v 67.510437 36.453584 -173.552043
v 56.910948 34.614127 -174.194441
v 40.923038 26.162448 -169.631872
v 52.005549 27.874716 -175.812819
v 51.670502 27.608040 -148.767407
v 41.167739 22.391089 -145.526918
v -3.563259 31.558064 -145.226889
v 12.703832 34.082971 -144.761451
v 12.018294 36.017738 -127.824550
v 3.131604 37.525794 -127.152381
v 15.793947 27.197670 -121.669607
v 28.116998 26.162448 -119.293578
v 27.837982 26.455381 -95.222212
v 15.748832 26.432790 -94.241689
v 15.711131 26.402667 -68.955195
v 28.116998 26.162448 -68.955220
v 28.116998 26.162448 -43.785936
v 15.711131 26.402667 -43.785936
v -0.829911 27.084624 -96.420762
v 4.785873 30.240033 -80.675192
v 4.016178 28.548123 -49.837760
v -2.080276 28.454220 -52.446289
v 40.923038 26.162448 -119.293578
v 53.062772 26.698698 -120.536583
v 51.052330 28.295662 -101.868250
v 40.618850 23.545846 -95.705305
v 62.105430 30.065254 -130.637468
v 68.853309 33.096885 -144.207334
v 71.453161 34.820411 -116.314699
v 55.164390 35.024301 -125.926384
v 56.636959 34.297452 -98.244257
v 66.159046 37.372034 -102.667456
v 67.474373 24.388362 -74.707478
v 59.134859 31.518885 -61.825407
v 39.796670 27.848631 -76.387212
v 52.734666 27.063664 -71.730692
v 53.328904 26.402655 -43.785973
v 40.275634 28.133961 -54.224225
v 3.714988 37.871179 -51.956666
v 9.099823 32.359218 -38.830526
v 8.120180 30.250974 -4.688398
v -1.194440 38.654864 -33.431745
v 15.711131 26.402667 -18.616972
v 28.682100 26.803950 -22.479934
v 28.414625 26.498232 4.254236
v 15.711131 26.402667 6.552189
v 15.711131 26.402667 31.721448
v 28.116998 26.162448 31.721448
v 28.116998 26.162448 56.890633
v 15.691692 16.992603 55.661634
v -3.411347 30.617509 -0.135825
v 10.903465 33.377235 5.311087
v 11.219195 36.197625 18.436036
v -4.632135 32.104364 23.768088
v 40.680883 27.168866 -24.798042
v 53.319485 22.168871 -19.169150
v 54.148511 26.693167 4.439863
v 40.910535 20.360069 5.802723
v 61.573239 28.067785 -22.993211
v 68.125312 22.428560 -39.961703
v 68.648930 22.428765 -18.969444
v 64.248624 24.496591 4.825048
v 64.285586 14.067151 28.885913
v 70.311399 20.578783 13.049507
v 63.242781 23.385009 26.231708
v 63.812715 16.880225 52.207795
v 40.916618 23.251757 31.345604
v 52.454609 26.735819 29.147474
v 51.869609 26.961303 52.112072
v 41.098493 26.345797 55.251027
v -6.446292 17.430649 77.278901
v 3.162688 14.522502 77.377029
v 4.455293 17.825401 105.927286
v -4.738913 16.901625 105.303114
v 14.847306 16.587960 77.867966
v 28.384001 20.231757 78.129772
v 28.828968 18.958920 97.306202
v 16.531234 18.414098 102.750303
v 13.725093 19.034663 123.210798
v 28.062812 17.436084 131.321060
v 27.783796 17.935718 152.856033
v 13.285712 19.315684 145.710483
v -6.379971 17.372199 126.876951
v 0.570283 18.471951 120.674976
v 0.805474 19.951333 137.101233
v -4.739971 17.380220 155.706175
v 40.157100 27.036051 73.927780
v 55.662510 21.744701 72.789398
v 53.278336 16.218073 105.931902
v 40.870089 17.637033 106.176720
v 63.962211 19.926562 75.409060
v 66.342494 26.287614 56.206214
v 70.234551 31.965842 64.081969
v 62.552765 21.372112 94.523058
v 59.416758 22.032896 114.191136
v 68.327042 27.485813 111.543732
v 68.649811 28.773126 132.975593
v 63.084857 20.035265 152.536680
v 40.868855 17.436058 131.321084
v 53.274719 17.845826 131.321060
v 54.094326 18.341356 152.856033
v 41.147871 17.935730 152.856106
v -4.738749 16.812082 180.798690
v -0.604706 17.432244 165.470724
v 0.611443 15.993010 184.068990
v -9.289708 18.400059 192.927379
v 12.337342 19.937263 165.250825
v 27.702996 19.215221 168.030754
v 27.362882 17.688263 195.223368
v 12.369867 15.932135 187.965131
v 12.465733 15.510936 208.638627
v 27.262930 15.020454 214.255048
v -10.324424 20.231058 207.119417
v -0.259456 16.971359 207.906555
v 40.868855 17.436058 181.659627
v 54.890415 18.835016 173.898424
v 53.637230 17.187816 196.081678
v 40.872146 16.344058 205.838788
v 64.165496 18.207823 179.953072
v 72.095595 24.827014 155.460548
v 68.229194 25.693619 166.042972
v 65.570250 14.867251 201.395391
v 67.262001 17.468328 205.149508
v 65.946748 26.690344 174.153578
v 40.882607 13.210813 227.216147
v 53.191391 13.505411 227.013016
v 71.843786 30.715505 -574.586943
v 73.553617 30.521230 -602.196547
v 75.059515 40.120853 -598.757168
v 79.544765 39.992184 -574.851597
v 68.686870 32.170798 -615.180920
v 69.686070 32.842364 -637.805396
v 72.275232 40.717293 -640.534873
v 75.612919 40.219315 -623.646084
v 82.972154 44.765533 -596.995349
v 80.955439 44.992701 -611.665042
v 88.109530 57.126286 -596.323304
v 90.277199 57.087391 -583.116478
v 84.978025 44.629527 -550.628540
v 84.721065 44.496297 -574.329703
v 83.128733 57.034400 -569.771900
v 85.703945 56.970326 -549.107144
v 67.025983 36.163127 -468.127451
v 75.316058 29.547119 -490.009323
v 77.474901 39.721325 -502.688656
v 80.025555 36.884098 -465.606384
v 77.686756 26.054407 -510.046150
v 75.599244 30.622154 -550.241182
v 83.852982 37.234805 -525.852899
v 80.157315 36.737518 -515.329297
v 89.256823 44.565027 -493.430658
v 85.303770 44.267199 -523.937640
v 85.703945 56.970326 -523.937640
v 85.703962 56.970323 -498.768504
v 84.782403 44.847137 -450.865298
v 85.072402 44.524564 -474.679934
v 89.886632 57.040757 -468.469710
v 89.276293 57.144389 -438.812544
v 82.520191 29.661859 -363.407093
v 81.824815 30.143970 -390.088492
v 74.418775 40.169386 -399.547436
v 80.295846 40.997250 -370.500399
v 82.604137 29.728418 -411.980036
v 74.831985 31.473907 -446.377146
v 74.027082 40.227402 -448.732129
v 78.018905 38.620128 -414.837397
v 85.212303 46.997678 -406.917426
v 81.720438 48.253146 -439.997523
v 85.703956 56.970325 -423.261120
v 85.703956 56.970325 -398.091861
v 93.269213 44.904189 -342.469287
v 86.603339 47.187737 -381.191460
v 87.936084 57.007488 -371.230580
v 94.695637 57.126287 -341.716715
v 77.977463 25.460546 -246.387966
v 84.130424 24.140341 -270.854331
v 83.981286 33.477368 -270.665170
v 83.703014 32.793433 -247.077050
v 80.101332 23.368549 -297.415328
v 81.859941 23.999457 -322.470783
v 86.334441 35.914342 -323.491630
v 87.365095 34.193331 -292.897531
v 94.273780 44.964352 -293.484570
v 94.273780 44.964352 -317.583279
v 88.150784 57.230026 -316.019375
v 84.891430 57.249226 -292.276967
v 93.768939 44.922970 -245.393541
v 85.718878 45.588950 -267.181599
v 91.943341 57.193853 -268.680046
v 94.744593 57.127183 -245.287299
v 73.476740 36.155842 -175.705417
v 66.353628 40.209356 -200.330041
v 74.123296 40.693319 -196.931488
v 75.555989 42.255415 -180.394237
v 72.421983 33.421851 -212.187632
v 79.426884 24.648998 -221.469984
v 83.703014 32.793433 -221.907892
v 87.826159 34.022725 -197.094710
v 81.042819 44.646062 -196.902944
v 85.382776 44.665018 -221.527261
v 91.307734 57.065491 -221.471531
v 89.886632 57.040757 -196.896460
v 79.929461 46.421738 -154.111983
v 78.404905 45.909680 -177.178448
v 86.345668 57.092020 -172.411774
v 85.703939 56.970326 -146.400443
v 77.330498 29.283164 -70.253635
v 79.077281 32.000223 -96.803406
v 71.002912 41.940627 -107.608633
v 73.305920 41.671932 -85.342859
v 74.451781 35.783727 -121.420868
v 77.483045 30.334883 -143.365135
v 74.637037 39.689208 -147.699043
v 71.931808 41.865555 -130.989939
v 79.391173 46.483284 -105.942242
v 81.619308 45.214285 -125.496609
v 87.342481 57.109615 -123.744506
v 91.393869 57.067005 -98.917801
v 84.569420 47.712750 -61.102665
v 76.231892 48.326849 -89.434337
v 90.478626 57.051008 -73.826790
v 87.936078 57.007491 -47.328808
v 67.345921 31.718654 16.971696
v 81.124295 24.817754 22.910416
v 78.787508 35.309790 17.653390
v 69.086240 40.971500 15.218176
v 71.752634 30.734432 -26.772763
v 71.460875 31.463953 -55.144759
v 75.186904 40.055999 -51.666037
v 79.035848 37.968939 -17.042437
v 79.791382 49.243961 -3.825141
v 78.451596 49.187652 -28.688537
v 83.673936 57.889120 -18.202633
v 86.904668 59.542578 4.465972
v 82.692574 47.171792 42.756780
v 80.699829 47.217252 27.463873
v 86.460357 58.588394 23.765707
v 88.021673 57.121729 46.292717
v 73.865977 33.608037 126.988115
v 78.285313 34.321075 110.238553
v 73.563255 43.519977 80.354024
v 74.418699 40.196571 121.251004
v 80.734742 36.727272 72.044044
v 73.866347 33.442401 51.458538
v 77.749188 41.088473 42.181930
v 82.058053 43.180782 69.364307
v 73.179836 51.721853 67.624142
v 80.731132 46.934654 66.672981
v 89.886632 57.040755 74.676988
v 83.318301 57.045116 101.867810
v 84.011227 47.375612 134.728475
v 71.435322 50.377858 93.779079
v 83.322923 57.039957 126.782456
v 87.936067 57.007491 151.995095
v 70.254143 34.652402 159.132838
v 77.116589 37.831318 179.399261
v 81.408368 30.204663 163.995754
v 81.220932 29.841075 146.575447
v 77.488644 39.209984 147.467735
v 82.394826 38.940623 161.591375
v 83.287723 48.157827 164.131715
v 88.844546 46.498691 163.807280
v 83.322923 57.039957 176.568931
v 83.295909 57.029447 201.362935
v 80.145616 46.274511 187.233305
v 90.295777 57.087735 213.444905
v 88.079560 69.795090 -537.545277
v 90.843794 69.840921 -564.016351
v 93.809511 81.826099 -557.779957
v 88.600007 81.983676 -536.197331
v 92.390500 69.682351 -578.902874
v 88.153126 69.682352 -596.223751
v 87.777134 81.654453 -595.810738
v 91.952368 81.749801 -578.719850
v 88.539635 92.149811 -575.372780
v 86.273109 91.877332 -594.158194
v 81.824389 99.172236 -588.928542
v 82.831872 99.794063 -571.213997
v 88.340875 92.748024 -533.342941
v 91.952363 92.735589 -557.633537
v 76.991838 94.947633 -539.788015
v 84.766764 96.746111 -528.540763
v 91.943335 69.611381 -435.521277
v 94.744571 69.682351 -462.175130
v 88.752681 81.534910 -457.791685
v 94.079420 81.866739 -438.313554
v 94.695637 69.684647 -486.345306
v 91.393897 69.836149 -515.576938
v 85.303770 82.786339 -523.937640
v 84.273207 82.047853 -488.272865
v 80.575428 92.654323 -494.077441
v 85.813125 93.868957 -520.662823
v 84.748061 100.671386 -506.685062
v 73.765853 93.744706 -467.028079
v 84.675826 92.153154 -443.924353
v 77.914065 88.639218 -464.523436
v 74.471981 94.750504 -454.287910
v 78.459743 94.772763 -430.429403
v 85.703956 70.083214 -347.753662
v 79.481153 69.887320 -368.057476
v 87.518480 82.563348 -371.230580
v 85.303787 82.786333 -347.753637
v 84.769243 69.765518 -390.432101
v 88.509893 69.592889 -410.662607
v 91.885397 82.106174 -416.552201
v 85.303787 82.786333 -398.091861
v 83.703014 94.260102 -398.091910
v 82.841934 92.961027 -421.753104
v 79.713743 98.748552 -415.373973
v 81.557717 102.286477 -392.081355
v 86.881907 90.386964 -337.228747
v 82.561184 93.191042 -367.948103
v 78.055810 98.624386 -357.368981
v 72.148108 92.659448 -326.374241
v 89.886632 69.903223 -246.273419
v 83.140847 69.851658 -270.199766
v 87.518480 82.563342 -271.568500
v 85.303787 82.786339 -247.077043
v 81.183134 69.941606 -295.479741
v 86.353798 69.874175 -319.617338
v 87.518480 82.563348 -321.399571
v 89.256829 82.384274 -295.736073
v 87.130078 88.631109 -288.016060
v 87.525052 91.119214 -314.299808
v 73.173614 94.206609 -305.287597
v 74.364395 93.055350 -281.515299
v 86.295706 91.221950 -243.391410
v 91.803657 92.262354 -268.753390
v 80.855567 94.185714 -260.268942
v 83.334542 94.613190 -236.879933
v 83.212793 69.838967 -148.271073
v 91.943335 69.611381 -173.342233
v 85.526713 81.231267 -174.050789
v 84.431980 81.735716 -149.364129
v 94.617381 69.688319 -197.084769
v 93.912580 69.721177 -221.258307
v 87.518480 82.563342 -221.737471
v 85.303787 82.786339 -196.738728
v 84.521276 91.919993 -194.498495
v 81.310705 93.763574 -221.539809
v 82.799452 96.262300 -214.436462
v 81.744601 95.926820 -190.710060
v 88.948041 91.373778 -148.193171
v 90.401291 91.618453 -171.187581
v 83.350425 94.609398 -164.580244
v 80.855567 94.185714 -141.096680
v 85.703945 70.083213 -45.723708
v 85.703939 70.083213 -70.892955
v 85.260452 82.720969 -70.817082
v 87.463708 82.480704 -47.232828
v 87.936061 69.988235 -97.159923
v 83.322929 70.009089 -122.149594
v 86.643348 82.182024 -123.627443
v 85.303787 82.786339 -96.062091
v 85.290092 93.125073 -99.227732
v 90.804570 92.226861 -123.421201
v 84.488327 96.326105 -118.375825
v 85.741333 98.216418 -96.471508
v 78.900302 87.014524 -37.312555
v 82.767834 89.274692 -66.850087
v 79.487526 96.733787 -66.106747
v 78.797658 97.366517 -41.069668
v 91.943335 69.611381 41.167945
v 83.140847 69.851658 22.639256
v 87.518463 82.563349 27.417694
v 94.256078 81.847145 43.919493
v 81.183134 69.941606 0.224343
v 81.183134 69.941606 -24.417669
v 85.024600 82.365137 -20.065734
v 85.303787 82.786339 4.614429
v 82.989890 87.765769 8.332948
v 81.045238 86.675903 -14.002212
v 80.319011 97.044379 -17.697089
v 75.671218 93.286329 -2.760496
v 90.161561 89.468236 47.800192
v 88.632557 88.950044 25.800723
v 74.432211 93.067376 19.239624
v 78.601980 93.797986 47.082090
v 87.936067 69.988235 151.995095
v 85.703945 70.083213 130.460123
v 89.256829 82.384274 124.364893
v 81.732479 77.398510 161.883747
v 87.342481 69.829077 95.981407
v 93.617129 69.734857 69.583714
v 94.221350 81.766077 68.087164
v 93.350641 81.896565 93.528860
v 81.905979 84.894643 93.577372
v 85.861405 86.717123 71.722678
v 81.742526 95.806839 71.233828
v 80.855565 94.185692 97.247846
v 82.149642 86.498145 158.498526
v 86.052730 88.413962 116.287529
v 83.350431 94.609373 124.603450
v 83.350431 94.609373 148.702037
v 87.699561 69.904265 218.998084
v 79.471501 76.864670 233.771576
v 85.281571 70.049689 205.220066
v 85.684884 70.054481 180.831784
v 82.715762 75.317756 185.321778
v 81.981025 75.331112 210.034741
v 80.453710 86.609852 209.667883
v 78.900302 87.014507 189.209597
v 84.315541 97.963713 171.531902
v 80.562393 94.187587 193.594539
v 79.924401 86.047621 228.551056
v 81.470419 93.533153 215.402367
v -1.004022 34.991506 -608.819834
v -0.291453 32.588803 -579.194976
v -4.521920 41.440178 -585.441068
v -7.319400 41.881586 -617.712618
v 0.147352 31.657688 -564.867665
v -8.229988 30.013222 -554.785261
v -7.626681 42.746607 -558.269690
v -0.905401 43.626583 -571.368690
v -9.777089 50.325745 -578.171809
v -0.801720 53.464086 -559.592570
v -9.599459 57.263945 -538.133164
v -20.032136 57.032744 -567.252747
v -6.897823 53.384876 -624.188798
v -13.749888 48.026751 -579.331869
v -16.126277 59.230411 -596.377290
v -10.257620 61.624285 -621.177629
v -14.812314 27.266458 -522.411384
v -9.015662 29.336452 -494.625826
v -13.962877 38.548904 -502.366062
v -15.502517 40.312337 -535.029930
v -7.550128 30.118799 -484.098910
v 0.865453 34.914726 -475.178113
v -9.420621 42.208141 -468.553476
v -10.244528 40.504824 -484.127830
v -12.544355 50.758535 -492.830447
v -11.830535 48.991188 -458.684170
v -16.744398 56.970325 -448.430256
v -16.532983 57.139214 -474.256953
v -3.646350 53.858783 -528.396651
v -4.494494 53.481255 -511.625681
v -16.377598 57.263365 -499.909268
v -16.324724 57.129312 -517.624034
v -9.713571 26.963724 -424.657307
v -14.269686 24.937485 -390.126913
v -14.072040 34.788099 -397.770175
v -15.233687 40.111571 -438.597628
v -12.070748 26.881393 -373.750015
v -16.350891 26.257127 -348.291294
v -4.337948 41.486467 -376.275195
v -8.450651 37.820523 -392.493485
v -5.222668 50.126759 -390.920509
v -3.859333 52.562579 -377.669689
v -15.165312 57.180547 -342.608169
v -16.744398 56.970325 -372.922798
v -3.859359 52.562584 -452.349352
v -13.107914 46.852581 -408.156859
v -16.744398 56.970323 -398.091861
v -16.722324 56.987929 -423.329763
v -15.462491 25.886163 -318.596577
v -13.767681 27.626396 -306.056998
v -2.332990 41.215624 -327.883128
v -10.983642 35.797015 -334.277505
v 0.322078 36.055803 -299.747099
v -3.996380 35.551279 -268.009976
v -4.621524 41.131838 -278.523930
v -6.765932 41.160681 -303.049536
v -14.300116 47.834559 -284.813341
v -6.221740 52.353672 -278.558037
v -10.616868 57.151481 -245.876879
v -12.223576 57.103351 -270.837711
v -12.358485 50.393557 -343.637216
v -11.023444 48.517756 -313.962975
v -16.744398 56.970325 -297.415328
v -19.994855 57.138541 -318.126791
v 0.100653 39.231669 -248.451731
v -7.179809 35.189243 -213.909887
v -9.150498 41.746943 -228.362071
v -7.565466 41.267193 -253.153860
v -0.979078 41.455896 -201.112861
v -8.599332 35.317305 -173.751023
v -12.048015 38.976735 -169.261370
v -9.154500 42.655214 -204.497367
v -14.343758 47.799719 -185.015668
v -9.190299 49.982233 -168.649339
v -16.744398 56.970325 -146.400434
v -16.744381 56.970326 -171.569604
v -8.632050 48.749824 -238.360261
v -8.421733 48.917855 -214.121206
v -16.744398 56.970323 -196.738740
v -14.363381 57.039954 -221.722499
v -6.401420 31.685549 -142.590827
v -2.146801 35.486042 -123.205150
v -4.620996 40.879885 -127.543140
v -2.333078 41.263392 -153.623944
v 1.278541 33.693600 -103.718303
v -3.334984 32.286564 -72.266249
v -7.222834 38.901907 -69.099884
v -6.765932 41.160690 -103.725386
v -8.817152 50.280305 -94.302267
v -10.761055 47.049061 -57.486595
v -10.616882 57.151480 -50.266510
v -14.363359 57.039957 -72.363175
v -1.960806 52.732535 -154.377721
v -8.436462 52.518859 -128.640922
v -16.702445 57.003872 -96.192743
v -16.744386 56.970415 -121.231565
v -0.986553 40.690380 -50.287636
v -3.769171 40.271710 -27.066252
v -2.336989 43.722103 -28.793540
v -4.624384 42.583758 -51.798192
v -3.803575 34.574681 -4.981188
v 2.450778 39.524610 10.970802
v -2.333317 41.356792 20.640967
v -4.620996 40.893163 -1.695801
v -10.975482 48.556116 13.086725
v -10.560336 48.887736 36.964701
v -16.744398 56.970326 54.952763
v -16.744398 56.970325 29.783651
v -10.520310 48.919741 -38.667265
v -11.780166 47.913288 -9.579928
v -14.363376 57.039955 2.316538
v -12.106994 57.106827 -24.518645
v -6.626651 28.939404 57.024090
v -5.847098 27.598288 88.824516
v -6.765932 41.160674 70.683086
v -4.620996 40.879875 48.640851
v -4.059730 29.026155 108.434876
v -9.806726 24.435068 151.477301
v -4.620996 40.879885 124.148161
v -4.620996 40.879869 98.979000
v -10.520285 48.919744 112.347761
v -7.832846 48.266866 134.792944
v -16.744398 56.970323 155.629332
v -16.744398 56.970325 130.460221
v -13.729758 48.290194 62.229977
v -10.596679 48.858706 87.416200
v -16.744386 56.970326 105.291011
v -14.363376 57.039955 76.996152
v -10.475924 23.900438 178.728050
v -12.567123 23.923041 201.153888
v -12.073113 33.396608 200.155860
v -7.216399 38.806532 157.389236
v -10.191018 25.161175 217.563647
v -8.838445 33.899523 217.515920
v -17.369442 44.907986 213.241652
v -9.213342 57.140275 215.639451
v -7.542471 47.300015 160.764686
v -15.949579 44.287131 205.142781
v -11.859209 57.103335 196.591273
v -14.363359 57.039957 176.568931
v -12.740281 70.007034 -610.299984
v -14.743461 70.083214 -595.512425
v -20.227286 81.678271 -577.071258
v -14.813110 81.373620 -589.785109
v -10.109641 69.885370 -562.706803
v -6.448014 69.755065 -532.406216
v -16.344206 82.786339 -549.107144
v -22.091938 82.128794 -562.824743
v -19.108132 93.397158 -564.906258
v -19.263836 90.359925 -533.541948
v -1.030698 97.461790 -526.678140
v -5.811299 102.403064 -563.412163
v -10.884356 93.035380 -608.593723
v -11.470281 93.548715 -591.825453
v -11.452795 102.140778 -589.703994
v -9.546566 100.550163 -602.842913
v -10.521584 69.887319 -514.697023
v -12.106988 69.937905 -492.455020
v -16.344228 82.786333 -498.768504
v -18.558899 82.563348 -520.723634
v -16.744398 70.083214 -473.599343
v -14.363376 70.009092 -445.761468
v -20.020738 82.413003 -444.323201
v -16.344206 82.786339 -473.599367
v -12.584910 91.599088 -465.331516
v -11.558684 90.908214 -443.920597
v -7.249791 92.994831 -425.407473
v -4.434225 93.670595 -453.625414
v -16.421290 86.756782 -503.697559
v -15.039793 90.635789 -490.072663
v -7.060283 94.030505 -480.675439
v -7.275281 92.988578 -497.367750
v -16.526662 69.913295 -418.656745
v -16.744392 70.083213 -398.091910
v -21.749610 82.231748 -393.252415
v -19.017626 82.036706 -415.586089
v -16.744398 70.083214 -372.922761
v -21.519044 69.877024 -344.630567
v -13.832362 82.415652 -345.977015
v -14.973316 81.343505 -370.981589
v -9.092653 85.531506 -357.385564
v -12.766363 88.243040 -338.159248
v -8.920748 96.042945 -333.976405
v -10.183997 94.602400 -354.843862
v -9.762704 89.018027 -416.208371
v -5.458972 84.612633 -380.795129
v -6.686869 94.115241 -382.557463
v -8.481101 97.778255 -413.321746
v -16.744386 70.083213 -322.584526
v -16.449850 69.916739 -295.499406
v -18.558893 82.563348 -296.483992
v -11.972858 82.283140 -320.090280
v -19.978927 69.944790 -271.258519
v -12.223582 69.941606 -246.195723
v -16.036311 82.462271 -246.641051
v -16.269435 82.707642 -272.140299
v -8.580024 87.773287 -263.518835
v -6.454848 85.536608 -235.340429
v -0.552728 94.481180 -234.839675
v -0.344727 94.437402 -259.636380
v -8.599789 85.197992 -309.662879
v -8.763850 87.966737 -288.948194
v -2.179611 94.019198 -283.581157
v -5.342754 97.581709 -314.373104
v -10.616868 69.890371 -221.425576
v -12.754735 69.781219 -197.070204
v -6.736593 81.899579 -197.114968
v -13.981801 82.572940 -221.722486
v -12.106994 69.937907 -172.287989
v -18.995859 69.800834 -148.333572
v -18.711715 81.543472 -147.861987
v -5.888679 81.818780 -173.231226
v -7.356672 92.838610 -172.226494
v -9.062317 84.380378 -136.729803
v -2.853177 94.961492 -134.663822
v -7.772633 97.613188 -164.320781
v -11.168270 87.901221 -213.637797
v -12.486746 91.884992 -193.543236
v -3.992782 93.774054 -185.235546
v -2.853177 94.961492 -210.171266
v -19.501144 69.965559 -122.276950
v -12.106971 69.937903 -98.403295
v -8.976589 82.018843 -99.655451
v -16.200917 82.635524 -121.028391
v -20.201512 69.935075 -73.000825
v -18.382934 69.829078 -50.502539
v -6.736590 81.899585 -52.979858
v -6.736593 81.899579 -77.002399
v -8.580029 87.773261 -62.165628
v -6.454848 85.536608 -33.987090
v -2.853177 94.961489 -33.987090
v -4.978345 97.198171 -62.165628
v -8.783849 87.987785 -112.792510
v -4.166856 85.197418 -85.519727
v -2.853177 94.961492 -84.325498
v -5.437916 96.006636 -114.441912
v -22.572523 69.829936 -25.511259
v -18.976514 69.988237 2.502177
v -15.494808 82.027707 -3.064812
v -9.047505 81.731873 -30.292250
v -16.744403 70.083214 29.783602
v -16.744403 70.083215 54.952714
v -21.004306 82.310360 49.361236
v -20.297253 82.384274 25.517681
v -9.274154 88.503803 37.528184
v -9.274154 88.503803 62.697369
v -0.732583 94.518992 63.839656
v -2.853177 94.961489 41.520318
v -10.871813 90.185319 -15.072479
v -6.918719 88.093683 10.156609
v -0.732583 94.518992 14.053168
v -2.853177 94.961489 -8.818052
v -16.744386 70.083213 80.121997
v -16.744403 70.083215 105.291035
v -16.344206 82.786339 105.291084
v -16.344228 82.786333 80.122071
v -16.744403 70.083214 130.460172
v -16.744398 70.083214 155.629308
v -16.344206 82.786339 155.629259
v -16.344228 82.786333 130.460172
v -9.274137 88.503806 138.204704
v -13.822766 93.291101 156.932817
v -8.363453 100.760903 159.563356
v -0.732577 94.518992 138.519123
v -10.496861 89.790692 86.135179
v -7.831328 89.054170 108.437233
v 3.988718 93.511525 105.881132
v 1.182918 94.114079 85.872464
v -16.744386 70.083213 180.798493
v -16.344194 70.083215 205.181055
v -13.971637 82.586724 201.352820
v -16.344206 82.786339 180.798493
v -10.428562 69.942576 218.213965
v -18.102775 82.293782 219.306757
v -14.405215 93.516627 223.050318
v -7.540069 99.894932 196.940283
v -14.743455 94.260102 180.798493
v -14.371061 94.160517 204.989930
v -11.233078 102.564484 195.981389
v -12.986148 102.423580 176.810852
vt 0.611011 0.676027
vt 0.611011 0.672389
vt 0.624465 0.670692
vt 0.624465 0.674330
vt 0.611011 0.668751
vt 0.624465 0.667054
vt 0.637854 0.668845
vt 0.636424 0.671261
vt 0.611011 0.665113
vt 0.626768 0.661734
vt 0.637854 0.665207
vt 0.627571 0.677382
vt 0.635213 0.673951
vt 0.611011 0.661475
vt 0.626748 0.658139
vt 0.636424 0.660466
vt 0.611011 0.657837
vt 0.624465 0.656140
vt 0.636424 0.656868
vt 0.611011 0.654199
vt 0.624465 0.652501
vt 0.637854 0.654293
vt 0.611011 0.650561
vt 0.624465 0.648863
vt 0.637854 0.650655
vt 0.611011 0.646922
vt 0.625803 0.643893
vt 0.637854 0.647017
vt 0.609625 0.642420
vt 0.623376 0.639295
vt 0.636424 0.642475
vt 0.608064 0.637894
vt 0.623478 0.634125
vt 0.633387 0.637043
vt 0.610971 0.632376
vt 0.620280 0.630353
vt 0.631369 0.632367
vt 0.605968 0.629662
vt 0.618266 0.627266
vt 0.631057 0.628890
vt 0.606685 0.626533
vt 0.617642 0.625211
vt 0.630801 0.625475
vt 0.631910 0.622518
vt 0.464032 0.854906
vt 0.457035 0.858708
vt 0.459831 0.844444
vt 0.463332 0.844379
vt 0.462537 0.869780
vt 0.455949 0.870454
vt 0.450748 0.868741
vt 0.452580 0.862648
vt 0.861439 0.455370
vt 0.863278 0.457569
vt 0.863933 0.463941
vt 0.862002 0.461765
vt 0.863346 0.448148
vt 0.858521 0.449300
vt 0.867386 0.457063
vt 0.867928 0.466409
vt 0.857452 0.459706
vt 0.859453 0.464314
vt 0.868376 0.446672
vt 0.862279 0.437938
vt 0.857411 0.438966
vt 0.871157 0.456971
vt 0.871212 0.464097
vt 0.872039 0.446672
vt 0.874346 0.457689
vt 0.874914 0.464091
vt 0.874417 0.448244
vt 0.877565 0.461205
vt 0.878704 0.463947
vt 0.881298 0.461114
vt 0.882582 0.463643
vt 0.881069 0.449300
vt 0.877388 0.449201
vt 0.884945 0.458544
vt 0.886458 0.463312
vt 0.884009 0.450454
vt 0.880209 0.438966
vt 0.877311 0.437938
vt 0.888697 0.458544
vt 0.890354 0.462908
vt 0.887808 0.450454
vt 0.884009 0.438966
vt 0.873873 0.437589
vt 0.892239 0.458926
vt 0.893928 0.465555
vt 0.892343 0.449300
vt 0.887808 0.438966
vt 0.897358 0.460631
vt 0.898925 0.465931
vt 0.896102 0.449300
vt 0.891608 0.438966
vt 0.900096 0.458251
vt 0.901473 0.465193
vt 0.896102 0.437938
vt 0.903706 0.458544
vt 0.905007 0.462908
vt 0.903007 0.450454
vt 0.899807 0.449323
vt 0.907458 0.458544
vt 0.908670 0.462908
vt 0.906215 0.472815
vt 0.903092 0.470766
vt 0.906807 0.450454
vt 0.903916 0.444799
vt 0.899962 0.443809
vt 0.911091 0.458844
vt 0.911944 0.466800
vt 0.910607 0.450454
vt 0.904896 0.437998
vt 0.901711 0.436879
vt 0.914406 0.460072
vt 0.916254 0.465881
vt 0.914406 0.450454
vt 0.910607 0.438966
vt 0.906807 0.438966
vt 0.907029 0.430241
vt 0.904167 0.432131
vt 0.917908 0.473840
vt 0.912547 0.467719
vt 0.914406 0.438966
vt 0.910607 0.425874
vt 0.907715 0.431707
vt 0.897278 0.432543
vt 0.900255 0.430799
vt 0.909491 0.415952
vt 0.905336 0.416383
vt 0.914406 0.425874
vt 0.901270 0.416723
vt 0.919115 0.431707
vt 0.919115 0.444799
vt 0.916875 0.421488
vt 0.913143 0.421515
vt 0.905798 0.400357
vt 0.900584 0.401336
vt 0.922006 0.425874
vt 0.922375 0.437951
vt 0.920996 0.423950
vt 0.919968 0.416389
vt 0.916341 0.416389
vt 0.897423 0.416823
vt 0.895828 0.401987
vt 0.904536 0.384911
vt 0.899589 0.385326
vt 0.923594 0.416389
vt 0.909741 0.423664
vt 0.912714 0.416389
vt 0.892640 0.417653
vt 0.891352 0.402405
vt 0.895152 0.385573
vt 0.908047 0.384913
vt 0.909724 0.400185
vt 0.903403 0.368469
vt 0.898951 0.368475
vt 0.927221 0.416389
vt 0.924341 0.421439
vt 0.896758 0.431430
vt 0.892309 0.431698
vt 0.888909 0.417653
vt 0.887552 0.402405
vt 0.891352 0.385573
vt 0.895152 0.368475
vt 0.911915 0.384832
vt 0.912978 0.400449
vt 0.930434 0.416700
vt 0.928213 0.419997
vt 0.888103 0.431753
vt 0.885441 0.417461
vt 0.884613 0.402027
vt 0.887552 0.385573
vt 0.891352 0.368475
vt 0.899645 0.351557
vt 0.895152 0.351376
vt 0.911197 0.368353
vt 0.907170 0.368391
vt 0.931019 0.400535
vt 0.927444 0.400460
vt 0.883752 0.385573
vt 0.887552 0.368475
vt 0.891352 0.351376
vt 0.899645 0.334911
vt 0.895303 0.334880
vt 0.911958 0.351822
vt 0.907748 0.351732
vt 0.930056 0.385194
vt 0.925952 0.385380
vt 0.881589 0.401719
vt 0.879953 0.385573
vt 0.883752 0.368475
vt 0.889147 0.351657
vt 0.891501 0.334876
vt 0.903934 0.335208
vt 0.904475 0.351856
vt 0.903237 0.327756
vt 0.900208 0.329466
vt 0.911785 0.335468
vt 0.907667 0.335228
vt 0.929349 0.368475
vt 0.925549 0.368475
vt 0.877097 0.402027
vt 0.876153 0.385573
vt 0.879953 0.368475
vt 0.883752 0.351376
vt 0.887613 0.334679
vt 0.906550 0.326676
vt 0.914677 0.334911
vt 0.915522 0.351848
vt 0.915870 0.329776
vt 0.912020 0.330381
vt 0.933468 0.368469
vt 0.933468 0.385380
vt 0.929388 0.351463
vt 0.925584 0.351452
vt 0.880782 0.418120
vt 0.876153 0.418702
vt 0.872353 0.402405
vt 0.872353 0.385573
vt 0.876153 0.368475
vt 0.879953 0.351376
vt 0.883928 0.334933
vt 0.909818 0.318475
vt 0.906952 0.319674
vt 0.918648 0.336093
vt 0.918878 0.351723
vt 0.919856 0.323840
vt 0.916056 0.323840
vt 0.933149 0.351376
vt 0.921749 0.368475
vt 0.922193 0.351557
vt 0.879763 0.432978
vt 0.876010 0.433277
vt 0.872353 0.418702
vt 0.868554 0.402405
vt 0.868554 0.385573
vt 0.873339 0.368469
vt 0.877097 0.351557
vt 0.880084 0.334837
vt 0.925296 0.342413
vt 0.919810 0.312319
vt 0.915984 0.313857
vt 0.936949 0.351376
vt 0.937226 0.368469
vt 0.917950 0.368475
vt 0.930561 0.345138
vt 0.884450 0.432858
vt 0.872211 0.433286
vt 0.868554 0.418702
vt 0.864754 0.402405
vt 0.864754 0.385573
vt 0.868554 0.368475
vt 0.873339 0.351557
vt 0.876285 0.334837
vt 0.910912 0.313761
vt 0.918898 0.306099
vt 0.915241 0.309595
vt 0.940772 0.351428
vt 0.940965 0.368399
vt 0.940749 0.342975
vt 0.936824 0.342699
vt 0.922386 0.385187
vt 0.918818 0.385092
vt 0.935055 0.339336
vt 0.928818 0.333929
vt 0.868432 0.433419
vt 0.864754 0.418702
vt 0.860954 0.402405
vt 0.860954 0.385573
vt 0.864754 0.368475
vt 0.868554 0.351376
vt 0.874177 0.335255
vt 0.885422 0.330381
vt 0.881555 0.328739
vt 0.911539 0.312735
vt 0.944548 0.351376
vt 0.944548 0.368475
vt 0.923627 0.400626
vt 0.920185 0.400456
vt 0.935055 0.323840
vt 0.928818 0.318433
vt 0.864568 0.433002
vt 0.860954 0.418702
vt 0.857155 0.402405
vt 0.857155 0.385573
vt 0.860954 0.368475
vt 0.864754 0.351376
vt 0.870419 0.335213
vt 0.877786 0.328722
vt 0.948348 0.351376
vt 0.948348 0.368475
vt 0.938854 0.323840
vt 0.939186 0.339767
vt 0.920206 0.323253
vt 0.923807 0.315746
vt 0.935055 0.309413
vt 0.931663 0.310146
vt 0.860680 0.432436
vt 0.858307 0.418145
vt 0.853355 0.402405
vt 0.853355 0.385573
vt 0.859216 0.368403
vt 0.860954 0.351376
vt 0.866694 0.335213
vt 0.952147 0.351376
vt 0.952249 0.368399
vt 0.948778 0.384960
vt 0.945132 0.384837
vt 0.943405 0.325420
vt 0.939934 0.333138
vt 0.938854 0.309413
vt 0.927455 0.309413
vt 0.857045 0.433493
vt 0.853355 0.418702
vt 0.849555 0.402405
vt 0.849555 0.385573
vt 0.855695 0.368463
vt 0.862971 0.335215
vt 0.873951 0.330221
vt 0.870223 0.330381
vt 0.952364 0.385194
vt 0.952156 0.334563
vt 0.949058 0.336120
vt 0.942967 0.310687
vt 0.931693 0.297718
vt 0.927454 0.296398
vt 0.854452 0.433460
vt 0.849555 0.418702
vt 0.845755 0.402405
vt 0.845755 0.385573
vt 0.851977 0.368463
vt 0.858307 0.351557
vt 0.853355 0.351376
vt 0.858477 0.335288
vt 0.866423 0.330381
vt 0.956042 0.334970
vt 0.956010 0.351473
vt 0.956207 0.327460
vt 0.950034 0.322109
vt 0.946729 0.310414
vt 0.947353 0.326082
vt 0.942855 0.304736
vt 0.939166 0.304868
vt 0.921208 0.304255
vt 0.920876 0.293892
vt 0.849555 0.434198
vt 0.845755 0.418702
vt 0.842016 0.402401
vt 0.842015 0.385573
vt 0.848259 0.368463
vt 0.849555 0.351376
vt 0.853487 0.334837
vt 0.960113 0.335358
vt 0.959747 0.351376
vt 0.961004 0.329467
vt 0.944286 0.295207
vt 0.941611 0.296811
vt 0.937544 0.295347
vt 0.852961 0.446098
vt 0.849555 0.448625
vt 0.845755 0.434198
vt 0.843294 0.418150
vt 0.838396 0.402392
vt 0.838394 0.385573
vt 0.844599 0.368463
vt 0.847033 0.351557
vt 0.849687 0.334837
vt 0.964254 0.336114
vt 0.963546 0.351376
vt 0.965558 0.324823
vt 0.959363 0.319624
vt 0.935519 0.302411
vt 0.935259 0.296634
vt 0.845755 0.448625
vt 0.842022 0.434165
vt 0.839550 0.418181
vt 0.834957 0.402372
vt 0.836135 0.385409
vt 0.841055 0.368463
vt 0.963485 0.368268
vt 0.959830 0.368300
vt 0.969320 0.325506
vt 0.964995 0.330376
vt 0.965682 0.312070
vt 0.962089 0.314043
vt 0.931661 0.290672
vt 0.849548 0.461672
vt 0.845755 0.461716
vt 0.842029 0.448560
vt 0.838422 0.434068
vt 0.845370 0.351838
vt 0.840987 0.351723
vt 0.934774 0.289984
vt 0.929497 0.276011
vt 0.850053 0.467978
vt 0.846959 0.469914
vt 0.842038 0.461611
vt 0.838451 0.448365
vt 0.838498 0.368460
vt 0.837608 0.351722
vt 0.843229 0.334885
vt 0.838396 0.334557
vt 0.925344 0.288199
vt 0.924248 0.276080
vt 0.843571 0.471619
vt 0.839688 0.460387
vt 0.835094 0.447975
vt 0.835022 0.433873
vt 0.836057 0.334805
vt 0.847060 0.334970
vt 0.844717 0.322069
vt 0.838405 0.318299
vt 0.922164 0.287003
vt 0.919657 0.274844
vt 0.849159 0.473909
vt 0.845671 0.476142
vt 0.836938 0.459380
vt 0.832998 0.446686
vt 0.832897 0.432987
vt 0.836071 0.318743
vt 0.851804 0.326157
vt 0.917534 0.300631
vt 0.916570 0.290432
vt 0.834801 0.457731
vt 0.836918 0.417695
vt 0.834128 0.417417
vt 0.841179 0.305177
vt 0.837310 0.304243
vt 0.831759 0.402340
vt 0.839911 0.289898
vt 0.836860 0.290070
vt 0.844369 0.293580
vt 0.847805 0.312285
vt 0.838483 0.275653
vt 0.835174 0.276282
vt 0.852824 0.304006
vt 0.854741 0.320569
vt 0.843157 0.277823
vt 0.839609 0.265191
vt 0.836761 0.266359
vt 0.859060 0.309413
vt 0.859060 0.323840
vt 0.850195 0.285084
vt 0.842044 0.263892
vt 0.840932 0.256935
vt 0.840463 0.260327
vt 0.862860 0.309413
vt 0.862860 0.323840
vt 0.855480 0.327711
vt 0.855827 0.289149
vt 0.846381 0.265132
vt 0.843209 0.255343
vt 0.840504 0.253433
vt 0.842093 0.250788
vt 0.866660 0.309413
vt 0.867812 0.324555
vt 0.859646 0.328678
vt 0.859627 0.289149
vt 0.851583 0.266645
vt 0.845755 0.254127
vt 0.837950 0.262314
vt 0.837808 0.255563
vt 0.870460 0.309413
vt 0.870459 0.323840
vt 0.863851 0.331093
vt 0.864223 0.290915
vt 0.854609 0.266527
vt 0.849555 0.254127
vt 0.843206 0.247964
vt 0.845755 0.246647
vt 0.874259 0.309413
vt 0.874259 0.323840
vt 0.870460 0.296322
vt 0.861898 0.274269
vt 0.853360 0.254139
vt 0.849550 0.246989
vt 0.844766 0.243988
vt 0.847557 0.243531
vt 0.879003 0.310146
vt 0.879003 0.324427
vt 0.874259 0.296322
vt 0.867604 0.278500
vt 0.858136 0.256306
vt 0.853332 0.248128
vt 0.879003 0.297186
vt 0.873070 0.280996
vt 0.864821 0.261518
vt 0.857131 0.248150
vt 0.883010 0.297421
vt 0.882844 0.310286
vt 0.873526 0.274776
vt 0.868589 0.261532
vt 0.862036 0.248107
vt 0.886855 0.297514
vt 0.885658 0.309413
vt 0.876781 0.273569
vt 0.869536 0.256306
vt 0.865791 0.247923
vt 0.891857 0.299867
vt 0.889458 0.309413
vt 0.885658 0.323840
vt 0.881859 0.323840
vt 0.883127 0.278274
vt 0.873414 0.255543
vt 0.868550 0.246880
vt 0.889458 0.323840
vt 0.892187 0.293246
vt 0.879962 0.262993
vt 0.872353 0.246647
vt 0.894112 0.310657
vt 0.894049 0.324427
vt 0.877012 0.248260
vt 0.869994 0.243957
vt 0.873752 0.242902
vt 0.887524 0.905624
vt 0.891162 0.905624
vt 0.892859 0.919078
vt 0.889221 0.919078
vt 0.896424 0.911681
vt 0.898025 0.924490
vt 0.895552 0.930069
vt 0.891981 0.930069
vt 0.899278 0.911014
vt 0.901840 0.923759
vt 0.886122 0.922538
vt 0.888410 0.930069
vt 0.685472 0.666505
vt 0.689271 0.666505
vt 0.689851 0.673088
vt 0.686113 0.673157
vt 0.689271 0.656887
vt 0.685472 0.656887
vt 0.693071 0.666505
vt 0.693793 0.674334
vt 0.693071 0.656887
vt 0.689632 0.644370
vt 0.685841 0.644383
vt 0.694944 0.679352
vt 0.690525 0.674451
vt 0.693449 0.644181
vt 0.698572 0.649932
vt 0.698364 0.659612
vt 0.693390 0.631423
vt 0.689632 0.631423
vt 0.694722 0.625708
vt 0.691679 0.626429
vt 0.524008 0.905383
vt 0.524273 0.908873
vt 0.511316 0.907458
vt 0.510978 0.903958
vt 0.525374 0.912475
vt 0.514548 0.911347
vt 0.501996 0.906634
vt 0.501857 0.903215
vt 0.525157 0.902082
vt 0.514184 0.900899
vt 0.526371 0.916064
vt 0.515422 0.914919
vt 0.503096 0.899368
vt 0.526421 0.898790
vt 0.515939 0.897151
vt 0.526370 0.919518
vt 0.515304 0.918334
vt 0.503472 0.913261
vt 0.506949 0.910423
vt 0.526752 0.923019
vt 0.516930 0.921708
vt 0.503472 0.916764
vt 0.491661 0.927579
vt 0.495270 0.926896
vt 0.497220 0.940362
vt 0.493451 0.938589
vt 0.498186 0.948240
vt 0.494568 0.947184
vt 0.817521 0.720450
vt 0.821321 0.720450
vt 0.821468 0.728227
vt 0.817432 0.726628
vt 0.821170 0.709579
vt 0.817424 0.709678
vt 0.824971 0.719344
vt 0.825155 0.727654
vt 0.813722 0.720450
vt 0.813722 0.727931
vt 0.824924 0.709579
vt 0.813722 0.710832
vt 0.821193 0.698329
vt 0.817398 0.697944
vt 0.828479 0.717874
vt 0.828179 0.723293
vt 0.828657 0.709465
vt 0.825121 0.699344
vt 0.813656 0.698053
vt 0.821321 0.686253
vt 0.818430 0.692086
vt 0.831957 0.717806
vt 0.832324 0.726672
vt 0.833295 0.715162
vt 0.828920 0.699344
vt 0.825121 0.686253
vt 0.814768 0.692420
vt 0.836221 0.720320
vt 0.836332 0.729176
vt 0.835887 0.708375
vt 0.829829 0.692086
vt 0.840225 0.720592
vt 0.839368 0.724049
vt 0.836203 0.733385
vt 0.832783 0.734787
vt 0.839972 0.709678
vt 0.843863 0.720135
vt 0.842872 0.723388
vt 0.845184 0.717665
vt 0.840319 0.699344
vt 0.836239 0.698329
vt 0.847759 0.722092
vt 0.846550 0.725612
vt 0.844119 0.699344
vt 0.841274 0.692384
vt 0.837507 0.692590
vt 0.847038 0.697161
vt 0.848574 0.716447
vt 0.843761 0.685370
vt 0.846904 0.684064
vt 0.778276 0.899147
vt 0.778028 0.895618
vt 0.795723 0.893755
vt 0.790979 0.897759
vt 0.782020 0.891570
vt 0.798103 0.890041
vt 0.803380 0.893052
vt 0.805554 0.896026
vt 0.778028 0.888436
vt 0.796939 0.886661
vt 0.792726 0.901008
vt 0.804658 0.899658
vt 0.778028 0.884845
vt 0.796974 0.883163
vt 0.783291 0.880434
vt 0.797524 0.879584
vt 0.778028 0.877663
vt 0.796961 0.876179
vt 0.776936 0.874570
vt 0.794307 0.873238
vt 0.780116 0.871014
vt 0.794613 0.869600
vt 0.802277 0.869158
vt 0.802259 0.872620
vt 0.058898 0.709606
vt 0.058898 0.713060
vt 0.045861 0.711635
vt 0.045861 0.708180
vt 0.058898 0.716515
vt 0.045861 0.715089
vt 0.036762 0.710901
vt 0.036762 0.707447
vt 0.059571 0.706242
vt 0.049018 0.705152
vt 0.058898 0.719969
vt 0.045861 0.718544
vt 0.036762 0.714356
vt 0.058898 0.723424
vt 0.045861 0.721998
vt 0.036762 0.717811
vt 0.058898 0.726879
vt 0.045861 0.725453
vt 0.036762 0.721265
vt 0.058898 0.730333
vt 0.045861 0.728907
vt 0.036762 0.724720
vt 0.058898 0.733788
vt 0.045861 0.732362
vt 0.036762 0.728174
vt 0.059194 0.737282
vt 0.046238 0.735867
vt 0.036762 0.731629
vt 0.060239 0.740877
vt 0.049293 0.739732
vt 0.036917 0.735149
vt 0.337604 0.874323
vt 0.341420 0.874650
vt 0.342470 0.890822
vt 0.339003 0.891575
vt 0.346296 0.876794
vt 0.345420 0.886567
vt 0.334569 0.881292
vt 0.335541 0.894776
vt 0.858619 0.963178
vt 0.863167 0.961760
vt 0.863522 0.975666
vt 0.859387 0.978128
vt 0.856011 0.966754
vt 0.855835 0.978117
vt 0.587396 0.850866
vt 0.588442 0.846122
vt 0.589315 0.858395
vt 0.586456 0.856745
vt 0.586632 0.841093
vt 0.587575 0.835718
vt 0.585132 0.854491
vt 0.583235 0.857362
vt 0.585823 0.828088
vt 0.587076 0.825030
vt 0.583814 0.842568
vt 0.582971 0.829277
vt 0.579467 0.842507
vt 0.579651 0.847988
vt 0.580106 0.834985
vt 0.307276 0.737473
vt 0.303579 0.739307
vt 0.304244 0.726933
vt 0.307580 0.724303
vt 0.306061 0.751650
vt 0.302514 0.752331
vt 0.299391 0.744729
vt 0.300500 0.729329
vt 0.310055 0.737880
vt 0.310521 0.725114
vt 0.298840 0.753969
vt 0.309263 0.752987
vt 0.303336 0.716472
vt 0.300344 0.717416
vt 0.013909 0.705257
vt 0.019581 0.716218
vt 0.018717 0.724003
vt 0.014153 0.716076
vt 0.026455 0.729609
vt 0.025379 0.735448
vt 0.017833 0.731126
vt 0.015156 0.728391
vt 0.022926 0.736806
vt 0.018340 0.740405
vt 0.016142 0.740922
vt 0.030803 0.737607
vt 0.028353 0.739944
vt 0.021864 0.740437
vt 0.115823 0.354275
vt 0.115405 0.341444
vt 0.117867 0.334452
vt 0.119663 0.341186
vt 0.112838 0.362899
vt 0.113137 0.348641
vt 0.112844 0.335107
vt 0.116502 0.325196
vt 0.112689 0.378214
vt 0.115724 0.369560
vt 0.113636 0.323337
vt 0.117155 0.312694
vt 0.123194 0.314063
vt 0.120754 0.326628
vt 0.116867 0.384853
vt 0.118565 0.379194
vt 0.120858 0.299653
vt 0.762930 0.025700
vt 0.769696 0.021914
vt 0.764479 0.034519
vt 0.759723 0.037113
vt 0.761272 0.047577
vt 0.758300 0.045420
vt 0.756495 0.034185
vt 0.754954 0.042343
vt 0.760415 0.057461
vt 0.756963 0.058005
vt 0.762895 0.045028
vt 0.764119 0.057036
vt 0.758716 0.068567
vt 0.755984 0.069281
vt 0.754018 0.058564
vt 0.754441 0.049328
vt 0.762679 0.068538
vt 0.761686 0.075938
vt 0.758727 0.076580
vt 0.753617 0.069866
vt 0.767367 0.056372
vt 0.766231 0.068310
vt 0.765350 0.074523
vt 0.766763 0.080423
vt 0.763775 0.080800
vt 0.771491 0.056575
vt 0.768713 0.067333
vt 0.770102 0.079960
vt 0.769328 0.095956
vt 0.766452 0.095985
vt 0.775120 0.056491
vt 0.773449 0.067975
vt 0.772064 0.074820
vt 0.769016 0.073780
vt 0.768728 0.042835
vt 0.765192 0.043275
vt 0.773606 0.079721
vt 0.771415 0.095681
vt 0.770953 0.112557
vt 0.769336 0.112653
vt 0.764599 0.096152
vt 0.762334 0.081016
vt 0.775685 0.075017
vt 0.773529 0.043782
vt 0.771116 0.028347
vt 0.767540 0.029005
vt 0.773863 0.095434
vt 0.771808 0.129059
vt 0.769440 0.129033
vt 0.782856 0.060002
vt 0.782215 0.072063
vt 0.777336 0.043831
vt 0.778826 0.056495
vt 0.774603 0.028618
vt 0.773871 0.014118
vt 0.775595 0.011676
vt 0.777150 0.079824
vt 0.777482 0.095424
vt 0.774982 0.112419
vt 0.772432 0.112480
vt 0.772225 0.145404
vt 0.769440 0.145404
vt 0.788243 0.060784
vt 0.791312 0.066693
vt 0.784733 0.079717
vt 0.780762 0.080068
vt 0.778408 0.028608
vt 0.778580 0.012957
vt 0.782237 0.095679
vt 0.777482 0.112252
vt 0.773661 0.129139
vt 0.774690 0.145534
vt 0.772239 0.161457
vt 0.769462 0.161423
vt 0.788821 0.079123
vt 0.785022 0.095421
vt 0.783038 0.026900
vt 0.780879 0.043538
vt 0.782351 0.013017
vt 0.777512 0.002638
vt 0.781183 0.001992
vt 0.781222 0.112252
vt 0.777482 0.129351
vt 0.774894 0.129281
vt 0.775302 0.161489
vt 0.772281 0.176875
vt 0.769529 0.176738
vt 0.794664 0.065087
vt 0.795267 0.080421
vt 0.788821 0.095421
vt 0.785022 0.112252
vt 0.788616 0.023242
vt 0.785591 0.039083
vt 0.788613 0.011454
vt 0.786119 0.003303
vt 0.781222 0.129351
vt 0.776720 0.145818
vt 0.778595 0.161507
vt 0.776245 0.176592
vt 0.772364 0.191339
vt 0.769663 0.190997
vt 0.796167 0.067848
vt 0.798032 0.079900
vt 0.793635 0.095787
vt 0.788821 0.112252
vt 0.785022 0.129351
vt 0.795189 0.017537
vt 0.793016 0.031626
vt 0.787675 0.052638
vt 0.782787 0.056714
vt 0.793685 0.009042
vt 0.790933 0.004809
vt 0.784713 0.145698
vt 0.780957 0.145724
vt 0.782023 0.161531
vt 0.778603 0.177074
vt 0.775364 0.191650
vt 0.773291 0.203997
vt 0.769886 0.203846
vt 0.792621 0.112252
vt 0.789792 0.129275
vt 0.786983 0.145968
vt 0.798147 0.019270
vt 0.794252 0.036899
vt 0.790989 0.050857
vt 0.797476 0.008966
vt 0.786024 0.161438
vt 0.782049 0.177118
vt 0.778620 0.191836
vt 0.774758 0.214658
vt 0.771540 0.214097
vt 0.796421 0.095421
vt 0.796421 0.112252
vt 0.794434 0.129204
vt 0.791346 0.145805
vt 0.787530 0.162243
vt 0.799565 0.031891
vt 0.799065 0.040735
vt 0.792540 0.055381
vt 0.801190 0.012093
vt 0.782974 0.191379
vt 0.778647 0.205525
vt 0.775433 0.205152
vt 0.774547 0.223933
vt 0.771390 0.223918
vt 0.801076 0.095687
vt 0.801076 0.112349
vt 0.798159 0.129204
vt 0.796190 0.145501
vt 0.790571 0.162529
vt 0.786030 0.178997
vt 0.785120 0.177485
vt 0.796428 0.055538
vt 0.783089 0.204951
vt 0.780640 0.213391
vt 0.777135 0.215296
vt 0.773652 0.233095
vt 0.770483 0.232647
vt 0.804020 0.095421
vt 0.805569 0.112436
vt 0.802446 0.129155
vt 0.801046 0.079615
vt 0.800172 0.145410
vt 0.794618 0.162387
vt 0.788821 0.179578
vt 0.773709 0.239025
vt 0.770373 0.238713
vt 0.807820 0.095421
vt 0.809296 0.112436
vt 0.807149 0.129062
vt 0.803831 0.145404
vt 0.798608 0.162260
vt 0.793635 0.179022
vt 0.812360 0.095687
vt 0.814524 0.112706
vt 0.811081 0.129035
vt 0.807741 0.079286
vt 0.803694 0.079795
vt 0.807469 0.145404
vt 0.803301 0.161778
vt 0.799590 0.177652
vt 0.792621 0.195074
vt 0.788821 0.195074
vt 0.816622 0.095877
vt 0.816122 0.112349
vt 0.815156 0.129064
vt 0.810884 0.080636
vt 0.811108 0.145404
vt 0.804024 0.071436
vt 0.800491 0.073157
vt 0.807470 0.161520
vt 0.804198 0.177009
vt 0.797397 0.194321
vt 0.792621 0.209501
vt 0.789810 0.208481
vt 0.817246 0.129155
vt 0.812804 0.086380
vt 0.808813 0.069401
vt 0.811108 0.161520
vt 0.798075 0.074133
vt 0.801289 0.062636
vt 0.795237 0.067268
vt 0.808793 0.176315
vt 0.805472 0.189670
vt 0.797837 0.205313
vt 0.796036 0.218007
vt 0.792730 0.217665
vt 0.819219 0.112252
vt 0.820510 0.129204
vt 0.819782 0.145050
vt 0.815517 0.145219
vt 0.806434 0.059869
vt 0.814746 0.161520
vt 0.811747 0.176719
vt 0.807658 0.191232
vt 0.801778 0.207044
vt 0.823019 0.112252
vt 0.824236 0.129204
vt 0.823023 0.145171
vt 0.818384 0.161520
vt 0.814674 0.177180
vt 0.826818 0.112252
vt 0.827961 0.129204
vt 0.825862 0.145470
vt 0.824246 0.096099
vt 0.819869 0.095937
vt 0.821729 0.161704
vt 0.818316 0.177180
vt 0.830618 0.112252
vt 0.831686 0.129204
vt 0.829131 0.145621
vt 0.827450 0.095803
vt 0.817965 0.089518
vt 0.814166 0.089518
vt 0.821245 0.177804
vt 0.817007 0.193406
vt 0.814391 0.192388
vt 0.834929 0.112349
vt 0.836268 0.129152
vt 0.832494 0.145751
vt 0.830496 0.095671
vt 0.824154 0.086244
vt 0.814236 0.081695
vt 0.810436 0.081695
vt 0.820232 0.193949
vt 0.816784 0.203690
vt 0.812980 0.204006
vt 0.839659 0.112548
vt 0.840241 0.129174
vt 0.834895 0.095756
vt 0.831702 0.162596
vt 0.827978 0.162596
vt 0.828196 0.086718
vt 0.820787 0.077830
vt 0.815147 0.068437
vt 0.811528 0.068588
vt 0.819674 0.206113
vt 0.843840 0.112659
vt 0.844182 0.129120
vt 0.838732 0.146256
vt 0.835887 0.145939
vt 0.831921 0.086740
vt 0.835426 0.162596
vt 0.830618 0.179578
vt 0.826818 0.179578
vt 0.815255 0.055585
vt 0.811845 0.056086
vt 0.823645 0.194336
vt 0.823030 0.209419
vt 0.847901 0.112835
vt 0.848046 0.129071
vt 0.842017 0.146449
vt 0.843847 0.096543
vt 0.839659 0.096234
vt 0.834929 0.178997
vt 0.830618 0.195074
vt 0.826818 0.195074
vt 0.821722 0.050784
vt 0.821762 0.064396
vt 0.826818 0.209501
vt 0.846213 0.146202
vt 0.847489 0.096546
vt 0.843613 0.080785
vt 0.838369 0.082160
vt 0.838732 0.162903
vt 0.838217 0.179578
vt 0.834929 0.194336
vt 0.831216 0.208616
vt 0.822625 0.041208
vt 0.816246 0.045837
vt 0.826818 0.222592
vt 0.823289 0.220581
vt 0.845817 0.163281
vt 0.842017 0.163281
vt 0.851127 0.096546
vt 0.851599 0.112929
vt 0.847489 0.080942
vt 0.842017 0.179578
vt 0.839009 0.193839
vt 0.835920 0.206713
vt 0.831946 0.220205
vt 0.828633 0.230433
vt 0.824169 0.230002
vt 0.850513 0.145904
vt 0.849974 0.162864
vt 0.845817 0.179578
vt 0.854765 0.096546
vt 0.855011 0.112877
vt 0.851127 0.080942
vt 0.846030 0.069093
vt 0.839197 0.073946
vt 0.842841 0.193121
vt 0.841038 0.201216
vt 0.838476 0.211732
vt 0.833983 0.226026
vt 0.829900 0.236440
vt 0.825312 0.238668
vt 0.849974 0.178997
vt 0.847331 0.190729
vt 0.854765 0.080942
vt 0.850993 0.066380
vt 0.845195 0.199400
vt 0.839114 0.220883
vt 0.822610 0.231506
vt 0.821600 0.221206
vt 0.853416 0.163281
vt 0.853992 0.178530
vt 0.849398 0.196618
vt 0.858403 0.080942
vt 0.858696 0.096896
vt 0.854765 0.066105
vt 0.820195 0.223419
vt 0.819093 0.215156
vt 0.857216 0.163281
vt 0.857723 0.178530
vt 0.854612 0.192296
vt 0.850475 0.193275
vt 0.858403 0.066105
vt 0.820593 0.212367
vt 0.818724 0.206894
vt 0.861016 0.163281
vt 0.861454 0.178530
vt 0.858838 0.190095
vt 0.857800 0.146080
vt 0.854080 0.146080
vt 0.858580 0.052852
vt 0.854960 0.052863
vt 0.817055 0.210838
vt 0.814330 0.206921
vt 0.865020 0.162864
vt 0.865020 0.178997
vt 0.861952 0.192100
vt 0.861521 0.146080
vt 0.858586 0.129325
vt 0.854805 0.129327
vt 0.857574 0.037208
vt 0.853809 0.037237
vt 0.868615 0.163281
vt 0.868615 0.179578
vt 0.865433 0.145846
vt 0.861515 0.037885
vt 0.862139 0.052685
vt 0.849343 0.057340
vt 0.847872 0.042985
vt 0.857216 0.024621
vt 0.853416 0.024621
vt 0.872415 0.163281
vt 0.872415 0.179578
vt 0.868894 0.193839
vt 0.865327 0.193138
vt 0.869159 0.145713
vt 0.861259 0.025601
vt 0.842284 0.065186
vt 0.840626 0.052802
vt 0.849651 0.026267
vt 0.857520 0.017949
vt 0.853417 0.015039
vt 0.876304 0.162864
vt 0.876438 0.178206
vt 0.872810 0.192871
vt 0.872658 0.145980
vt 0.869695 0.202871
vt 0.865870 0.204291
vt 0.865236 0.026634
vt 0.865020 0.036974
vt 0.835149 0.070596
vt 0.834733 0.057159
vt 0.843527 0.032979
vt 0.849617 0.015003
vt 0.876430 0.193382
vt 0.876444 0.145815
vt 0.872951 0.129035
vt 0.869285 0.129047
vt 0.862620 0.201465
vt 0.868827 0.025868
vt 0.868615 0.036110
vt 0.865440 0.018288
vt 0.861293 0.016232
vt 0.837291 0.041034
vt 0.846213 0.016080
vt 0.880066 0.178997
vt 0.880014 0.195074
vt 0.876593 0.129033
vt 0.872955 0.112661
vt 0.869317 0.112661
vt 0.868615 0.049201
vt 0.865293 0.050984
vt 0.868919 0.017215
vt 0.830412 0.055965
vt 0.832904 0.042697
vt 0.841880 0.021048
vt 0.883814 0.179578
vt 0.883814 0.195074
vt 0.880125 0.208206
vt 0.876635 0.205944
vt 0.880231 0.129033
vt 0.880210 0.145505
vt 0.876557 0.112622
vt 0.872954 0.096543
vt 0.869490 0.096896
vt 0.872415 0.036110
vt 0.872415 0.049201
vt 0.869219 0.065871
vt 0.865932 0.066998
vt 0.826459 0.055572
vt 0.829235 0.042291
vt 0.836609 0.026518
vt 0.887614 0.179578
vt 0.887614 0.195074
vt 0.883959 0.208421
vt 0.883838 0.162529
vt 0.880142 0.162243
vt 0.883869 0.129035
vt 0.883869 0.145420
vt 0.880146 0.112500
vt 0.876488 0.096234
vt 0.876215 0.036110
vt 0.876215 0.049201
vt 0.872880 0.065871
vt 0.830578 0.069140
vt 0.826379 0.068437
vt 0.823136 0.056299
vt 0.826496 0.040430
vt 0.832687 0.027544
vt 0.839738 0.011558
vt 0.842643 0.009182
vt 0.891260 0.178248
vt 0.891261 0.193373
vt 0.888290 0.203398
vt 0.887568 0.162529
vt 0.884908 0.211787
vt 0.881339 0.211835
vt 0.887509 0.129035
vt 0.887509 0.145420
vt 0.883839 0.112436
vt 0.876533 0.080652
vt 0.872923 0.080834
vt 0.880014 0.036110
vt 0.880014 0.049201
vt 0.876463 0.065326
vt 0.869452 0.081364
vt 0.822739 0.068588
vt 0.829397 0.026829
vt 0.835939 0.013644
vt 0.894464 0.175523
vt 0.894707 0.191514
vt 0.891918 0.200874
vt 0.891175 0.161784
vt 0.885882 0.214951
vt 0.882270 0.214722
vt 0.891171 0.129062
vt 0.891146 0.145405
vt 0.887566 0.112436
vt 0.883814 0.095421
vt 0.880066 0.095687
vt 0.883827 0.036974
vt 0.883827 0.049933
vt 0.880093 0.064523
vt 0.825635 0.081695
vt 0.821835 0.081695
vt 0.823310 0.031799
vt 0.897919 0.175318
vt 0.898201 0.190909
vt 0.894512 0.160594
vt 0.889039 0.207021
vt 0.889434 0.213848
vt 0.886409 0.219621
vt 0.882771 0.219621
vt 0.878483 0.215459
vt 0.878009 0.208476
vt 0.891293 0.112436
vt 0.887614 0.095421
vt 0.887486 0.038825
vt 0.887506 0.052407
vt 0.883844 0.064955
vt 0.883883 0.028744
vt 0.880147 0.027961
vt 0.901918 0.176838
vt 0.901874 0.191265
vt 0.898618 0.204315
vt 0.895328 0.202612
vt 0.893034 0.203402
vt 0.893619 0.209307
vt 0.878531 0.224098
vt 0.875494 0.210422
vt 0.874829 0.204404
vt 0.891413 0.095421
vt 0.887564 0.080111
vt 0.883838 0.080037
vt 0.887542 0.065388
vt 0.880129 0.080161
vt 0.902271 0.201974
vt 0.901661 0.160920
vt 0.897989 0.160523
vt 0.893619 0.218415
vt 0.890021 0.218415
vt 0.871857 0.210412
vt 0.871092 0.205105
vt 0.891089 0.080522
vt 0.905876 0.162101
vt 0.905719 0.177303
vt 0.893685 0.226783
vt 0.890021 0.225499
vt 0.905990 0.145939
vt 0.902248 0.145813
vt 0.897323 0.226783
vt 0.897323 0.219621
vt 0.071614 0.785109
vt 0.067932 0.777848
vt 0.066030 0.767861
vt 0.067674 0.772295
vt 0.063414 0.775617
vt 0.061329 0.766437
vt 0.059909 0.771690
vt 0.056186 0.761080
vt 0.059042 0.749566
vt 0.061947 0.757911
vt 0.055126 0.757163
vt 0.680013 0.869122
vt 0.684012 0.867134
vt 0.679161 0.885035
vt 0.674641 0.895184
vt 0.687259 0.869357
vt 0.685245 0.884466
vt 0.680581 0.898191
vt 0.676201 0.897563
vt 0.677276 0.870310
vt 0.673189 0.892951
vt 0.684849 0.898730
vt 0.307782 0.524855
vt 0.310262 0.525465
vt 0.304585 0.537613
vt 0.302710 0.535752
vt 0.307441 0.512093
vt 0.311629 0.502123
vt 0.314383 0.524804
vt 0.309398 0.535529
vt 0.303552 0.544036
vt 0.299417 0.543455
vt 0.315387 0.502145
vt 0.319460 0.524023
vt 0.314560 0.532727
vt 0.307334 0.544089
vt 0.311441 0.489681
vt 0.315141 0.485748
vt 0.318730 0.504806
vt 0.318422 0.483983
vt 0.322530 0.504828
vt 0.323233 0.523993
vt 0.322222 0.483984
vt 0.326292 0.502279
vt 0.326601 0.523119
vt 0.326106 0.489800
vt 0.219437 0.736949
vt 0.215646 0.736339
vt 0.216004 0.711553
vt 0.219699 0.718505
vt 0.218658 0.748093
vt 0.214989 0.747947
vt 0.210937 0.748651
vt 0.211530 0.736982
vt 0.221980 0.748791
vt 0.223109 0.745255
vt 0.880212 0.858328
vt 0.876023 0.856086
vt 0.875057 0.851517
vt 0.878781 0.858601
vt 0.882158 0.858186
vt 0.878701 0.860405
vt 0.870263 0.850216
vt 0.868140 0.840780
vt 0.873979 0.845289
vt 0.876565 0.853052
vt 0.883168 0.863971
vt 0.879611 0.865279
vt 0.867193 0.832407
vt 0.882178 0.848352
vt 0.877944 0.847706
vt 0.872898 0.839935
vt 0.876670 0.839736
vt 0.086177 0.751853
vt 0.089976 0.751853
vt 0.083189 0.785480
vt 0.079389 0.785480
vt 0.093419 0.758457
vt 0.089240 0.780847
vt 0.083219 0.750121
vt 0.077841 0.780847
vt 0.095292 0.776296
vt 0.093159 0.781614
vt 0.432832 0.835932
vt 0.429120 0.836320
vt 0.427112 0.828831
vt 0.430736 0.822824
vt 0.432852 0.840528
vt 0.428983 0.839797
vt 0.424977 0.835726
vt 0.422843 0.827640
vt 0.420623 0.811225
vt 0.424047 0.810391
vt 0.419912 0.818077
vt 0.433927 0.814068
vt 0.430455 0.816855
vt 0.014437 0.744799
vt 0.018298 0.756057
vt 0.013630 0.766600
vt 0.008025 0.770314
vt 0.022864 0.754482
vt 0.019180 0.762999
vt 0.010293 0.774922
vt 0.005945 0.776179
vt 0.015411 0.772081
vt 0.008725 0.780248
vt 0.004988 0.780408
vt 0.003898 0.771104
vt 0.001935 0.776818
vt 0.024832 0.759189
vt 0.021289 0.767676
vt 0.409885 0.858884
vt 0.403391 0.853418
vt 0.399982 0.844290
vt 0.404705 0.845841
vt 0.414109 0.870332
vt 0.410556 0.870558
vt 0.399577 0.853386
vt 0.396183 0.844290
vt 0.411900 0.854315
vt 0.408658 0.845873
vt 0.406825 0.870558
vt 0.413956 0.861902
vt 0.395795 0.852009
vt 0.393960 0.847038
vt 0.537074 0.676669
vt 0.533858 0.677139
vt 0.526287 0.660490
vt 0.528948 0.658969
vt 0.522618 0.627053
vt 0.526209 0.640874
vt 0.537821 0.669783
vt 0.532504 0.658430
vt 0.523062 0.653973
vt 0.518894 0.621944
vt 0.529847 0.651594
vt 0.566546 0.869403
vt 0.570356 0.869383
vt 0.567940 0.881637
vt 0.564186 0.881637
vt 0.569667 0.862282
vt 0.573109 0.865120
vt 0.573847 0.869630
vt 0.572929 0.878795
vt 0.568000 0.891043
vt 0.562857 0.893468
vt 0.564017 0.869382
vt 0.562635 0.877105
vt 0.133223 0.402341
vt 0.137964 0.406971
vt 0.135064 0.413272
vt 0.129558 0.409023
vt 0.140229 0.410286
vt 0.137240 0.419679
vt 0.128862 0.423875
vt 0.125380 0.419305
vt 0.129696 0.394795
vt 0.126266 0.404460
vt 0.141300 0.415857
vt 0.139158 0.423204
vt 0.134431 0.426875
vt 0.125906 0.438206
vt 0.121379 0.433284
vt 0.122305 0.417803
vt 0.126182 0.395005
vt 0.124172 0.401245
vt 0.146000 0.414056
vt 0.140474 0.427225
vt 0.132216 0.442956
vt 0.130341 0.443406
vt 0.145107 0.407314
vt 0.148484 0.407927
vt 0.148705 0.412666
vt 0.146337 0.419602
vt 0.136809 0.441683
vt 0.132997 0.445534
vt 0.128283 0.445864
vt 0.151476 0.406215
vt 0.151938 0.415779
vt 0.151961 0.420710
vt 0.142312 0.432720
vt 0.133718 0.442535
vt 0.137573 0.447198
vt 0.132972 0.455412
vt 0.128182 0.450783
vt 0.155248 0.408918
vt 0.151139 0.430000
vt 0.135954 0.461917
vt 0.130196 0.465474
vt 0.125925 0.464845
vt 0.158978 0.408918
vt 0.157313 0.413616
vt 0.158192 0.416778
vt 0.154804 0.430272
vt 0.150579 0.439668
vt 0.143545 0.445377
vt 0.133736 0.470309
vt 0.132394 0.474358
vt 0.127556 0.477534
vt 0.162320 0.416993
vt 0.157610 0.433357
vt 0.152127 0.444300
vt 0.166154 0.417988
vt 0.160207 0.431707
vt 0.155860 0.440047
vt 0.163516 0.410569
vt 0.168387 0.409385
vt 0.171794 0.405804
vt 0.168175 0.417256
vt 0.275777 0.814858
vt 0.278729 0.809216
vt 0.273551 0.823172
vt 0.272001 0.820668
vt 0.281511 0.805928
vt 0.275196 0.822928
vt 0.283318 0.806040
vt 0.276004 0.825067
vt 0.283706 0.810542
vt 0.277645 0.825528
vt 0.286679 0.796387
vt 0.287004 0.801477
vt 0.704679 0.283352
vt 0.706201 0.293774
vt 0.700337 0.299221
vt 0.700943 0.286851
vt 0.711236 0.277447
vt 0.710208 0.292529
vt 0.708705 0.302128
vt 0.703192 0.306481
vt 0.712826 0.300726
vt 0.711517 0.268134
vt 0.705427 0.273725
vt 0.712299 0.308973
vt 0.708272 0.310087
vt 0.699249 0.307234
vt 0.696866 0.300140
vt 0.713563 0.321991
vt 0.710230 0.321465
vt 0.704526 0.310264
vt 0.713892 0.337899
vt 0.710600 0.337597
vt 0.706510 0.321465
vt 0.713955 0.354616
vt 0.710254 0.354549
vt 0.706801 0.337597
vt 0.702890 0.321131
vt 0.701308 0.308751
vt 0.717441 0.337960
vt 0.717923 0.354690
vt 0.706529 0.354549
vt 0.702747 0.337914
vt 0.717923 0.371601
vt 0.713778 0.371283
vt 0.710036 0.371157
vt 0.706094 0.370688
vt 0.702602 0.354473
vt 0.722000 0.354695
vt 0.722000 0.371794
vt 0.702466 0.370564
vt 0.725468 0.354620
vt 0.725468 0.371546
vt 0.728637 0.354499
vt 0.729229 0.371546
vt 0.725202 0.387873
vt 0.721559 0.387998
vt 0.724937 0.337849
vt 0.721430 0.337785
vt 0.732605 0.354549
vt 0.733399 0.371794
vt 0.728627 0.387603
vt 0.728619 0.337854
vt 0.725799 0.404923
vt 0.721706 0.404341
vt 0.724905 0.321485
vt 0.721208 0.321485
vt 0.736331 0.354549
vt 0.737198 0.371794
vt 0.733399 0.388626
vt 0.732513 0.337807
vt 0.729599 0.404923
vt 0.729160 0.321081
vt 0.725799 0.420418
vt 0.721706 0.419681
vt 0.740514 0.354620
vt 0.740998 0.371794
vt 0.737198 0.388626
vt 0.736229 0.337807
vt 0.733422 0.404752
vt 0.729845 0.418591
vt 0.717423 0.418168
vt 0.717476 0.403347
vt 0.744798 0.354695
vt 0.744229 0.371601
vt 0.740998 0.388626
vt 0.740514 0.337694
vt 0.737293 0.404221
vt 0.736541 0.321486
vt 0.732941 0.321159
vt 0.733771 0.413876
vt 0.728746 0.430255
vt 0.724844 0.431885
vt 0.713491 0.417323
vt 0.713507 0.402648
vt 0.748686 0.354993
vt 0.747431 0.371425
vt 0.744798 0.388626
vt 0.744974 0.338192
vt 0.740543 0.404126
vt 0.740432 0.321200
vt 0.737549 0.411623
vt 0.732032 0.314642
vt 0.727800 0.315055
vt 0.734619 0.421844
vt 0.729053 0.440712
vt 0.724824 0.441958
vt 0.717539 0.429543
vt 0.713846 0.428440
vt 0.751360 0.355516
vt 0.750587 0.371190
vt 0.748598 0.388626
vt 0.749308 0.339993
vt 0.744892 0.404221
vt 0.741288 0.411640
vt 0.734285 0.436785
vt 0.721220 0.440896
vt 0.721357 0.432695
vt 0.753949 0.355504
vt 0.754871 0.371425
vt 0.753047 0.341908
vt 0.748745 0.403824
vt 0.750029 0.325595
vt 0.745301 0.322619
vt 0.745027 0.411658
vt 0.718428 0.433952
vt 0.757505 0.355195
vt 0.758592 0.371425
vt 0.756197 0.388626
vt 0.751798 0.388208
vt 0.756152 0.344305
vt 0.753698 0.327444
vt 0.752429 0.404685
vt 0.749615 0.407935
vt 0.760058 0.354641
vt 0.761639 0.371190
vt 0.759997 0.388626
vt 0.759320 0.344379
vt 0.756197 0.404923
vt 0.750123 0.318666
vt 0.746142 0.317300
vt 0.753433 0.412709
vt 0.759997 0.404923
vt 0.760216 0.327841
vt 0.756152 0.327991
vt 0.756850 0.415556
vt 0.744530 0.310129
vt 0.740520 0.309419
vt 0.753553 0.418098
vt 0.750576 0.415066
vt 0.759983 0.414753
vt 0.764066 0.324351
vt 0.761979 0.341816
vt 0.760999 0.311769
vt 0.753649 0.317447
vt 0.757320 0.417909
vt 0.750375 0.305348
vt 0.743638 0.292694
vt 0.739204 0.293485
vt 0.767655 0.321005
vt 0.764115 0.339125
vt 0.763096 0.312161
vt 0.756094 0.300718
vt 0.755253 0.423595
vt 0.752263 0.427263
vt 0.749658 0.288043
vt 0.735498 0.307929
vt 0.733783 0.295908
vt 0.742741 0.280882
vt 0.738516 0.281683
vt 0.771373 0.320812
vt 0.768781 0.337992
vt 0.762403 0.354482
vt 0.764236 0.312833
vt 0.760293 0.296553
vt 0.754934 0.283994
vt 0.760432 0.418233
vt 0.758798 0.423526
vt 0.746720 0.280538
vt 0.730705 0.308995
vt 0.729036 0.297700
vt 0.733194 0.284438
vt 0.741578 0.271600
vt 0.738154 0.271078
vt 0.775174 0.320810
vt 0.773624 0.337780
vt 0.767713 0.312043
vt 0.760134 0.281108
vt 0.728796 0.286180
vt 0.736972 0.265946
vt 0.777973 0.322868
vt 0.777351 0.337780
vt 0.771767 0.354384
vt 0.767243 0.354373
vt 0.771533 0.312001
vt 0.761782 0.264994
vt 0.754709 0.272332
vt 0.725400 0.298188
vt 0.727096 0.284607
vt 0.781029 0.322801
vt 0.781921 0.337690
vt 0.776607 0.354488
vt 0.771696 0.370749
vt 0.767234 0.370564
vt 0.722313 0.298400
vt 0.726178 0.278794
vt 0.733592 0.265391
vt 0.728089 0.272906
vt 0.781921 0.354623
vt 0.775813 0.370885
vt 0.771696 0.386864
vt 0.768064 0.386868
vt 0.727246 0.308761
vt 0.722894 0.309812
vt 0.718852 0.298536
vt 0.721810 0.282990
vt 0.775334 0.386864
vt 0.771696 0.402468
vt 0.768064 0.402473
vt 0.719077 0.310130
vt 0.715253 0.298205
vt 0.716291 0.287476
vt 0.775362 0.402262
vt 0.772073 0.414499
vt 0.768147 0.416636
vt 0.717519 0.305889
vt 0.711644 0.297190
vt 0.712552 0.285475
vt 0.778980 0.386868
vt 0.779011 0.402180
vt 0.776317 0.409989
vt 0.772871 0.422376
vt 0.769236 0.422349
vt 0.764952 0.416434
vt 0.765300 0.403149
vt 0.715572 0.302447
vt 0.718143 0.282344
vt 0.714311 0.279838
vt 0.783715 0.387353
vt 0.783043 0.402602
vt 0.780034 0.409404
vt 0.765602 0.422323
vt 0.720164 0.280497
vt 0.716339 0.277224
vt 0.783784 0.371131
vt 0.779516 0.370971
vt 0.717527 0.268326
vt 0.719684 0.279831
vt 0.789412 0.371546
vt 0.789412 0.388208
vt 0.794194 0.371794
vt 0.794194 0.388626
vt 0.790394 0.354695
vt 0.785568 0.354690
vt 0.797994 0.371794
vt 0.798180 0.387238
vt 0.792354 0.403874
vt 0.787951 0.403476
vt 0.793173 0.354620
vt 0.788299 0.337953
vt 0.785561 0.337792
vt 0.800696 0.371546
vt 0.801288 0.383806
vt 0.797556 0.399719
vt 0.795934 0.354549
vt 0.788499 0.414450
vt 0.785601 0.408190
vt 0.793084 0.337778
vt 0.804458 0.371544
vt 0.804354 0.381862
vt 0.803682 0.390872
vt 0.797994 0.337597
vt 0.809403 0.371719
vt 0.808370 0.378892
vt 0.802149 0.354541
vt 0.798939 0.354499
vt 0.813137 0.371768
vt 0.812218 0.377550
vt 0.809393 0.354695
vt 0.804596 0.337682
vt 0.800696 0.337694
vt 0.816767 0.371707
vt 0.817077 0.377869
vt 0.813647 0.385043
vt 0.810759 0.385445
vt 0.813133 0.354695
vt 0.808116 0.337778
vt 0.802767 0.321429
vt 0.799682 0.321278
vt 0.819097 0.371568
vt 0.821578 0.378271
vt 0.818220 0.385480
vt 0.816755 0.354695
vt 0.815666 0.401490
vt 0.811932 0.401522
vt 0.810549 0.337953
vt 0.800599 0.311552
vt 0.795483 0.312574
vt 0.822709 0.385897
vt 0.819095 0.354630
vt 0.818219 0.400775
vt 0.815602 0.337751
vt 0.815658 0.415884
vt 0.811932 0.415949
vt 0.808133 0.401522
vt 0.808133 0.386027
vt 0.804263 0.310288
vt 0.805928 0.321674
vt 0.824446 0.380702
vt 0.825387 0.389479
vt 0.822666 0.401198
vt 0.818109 0.414894
vt 0.810557 0.322286
vt 0.807569 0.322188
vt 0.813989 0.427545
vt 0.809700 0.432206
vt 0.806997 0.415066
vt 0.804333 0.401522
vt 0.825800 0.400873
vt 0.820717 0.414016
vt 0.816649 0.426550
vt 0.804951 0.432443
vt 0.802660 0.414603
vt 0.823811 0.413428
vt 0.813256 0.434656
vt 0.809106 0.439233
vt 0.806595 0.444504
vt 0.802983 0.441536
vt 0.799757 0.429832
vt 0.794689 0.424086
vt 0.795586 0.412705
vt 0.820749 0.423343
vt 0.818197 0.424606
vt 0.812314 0.447775
vt 0.807740 0.445680
vt 0.799702 0.435756
vt 0.795580 0.430155
vt 0.789915 0.419599
vt 0.819841 0.432950
vt 0.817085 0.434386
vt 0.816334 0.448299
vt 0.796064 0.435756
vt 0.791824 0.429234
vt 0.819138 0.446248
vt 0.815054 0.464921
vt 0.810961 0.464814
vt 0.799702 0.444965
vt 0.796064 0.444965
vt 0.792426 0.435756
vt 0.788788 0.424757
vt 0.786467 0.418163
vt 0.817877 0.462651
vt 0.814570 0.474153
vt 0.811520 0.474616
vt 0.792426 0.444965
vt 0.788788 0.435756
vt 0.788788 0.444965
vt 0.784166 0.434651
vt 0.784166 0.423772
vt 0.780487 0.434557
vt 0.778565 0.421683
vt 0.784166 0.443759
vt 0.781511 0.444965
vt 0.776312 0.438879
vt 0.775432 0.426527
vt 0.783058 0.410421
vt 0.780085 0.410942
vt 0.777873 0.444965
vt 0.773298 0.434557
vt 0.773079 0.423439
vt 0.781511 0.452128
vt 0.777873 0.452128
vt 0.774235 0.444965
vt 0.769019 0.433640
vt 0.769494 0.423439
vt 0.774235 0.452128
vt 0.769773 0.443759
vt 0.321906 0.635093
vt 0.318985 0.649363
vt 0.313866 0.650338
vt 0.314188 0.641644
vt 0.326536 0.632977
vt 0.326939 0.646879
vt 0.325307 0.655055
vt 0.318241 0.659529
vt 0.330279 0.632906
vt 0.331933 0.646164
vt 0.329060 0.618508
vt 0.324620 0.625436
vt 0.312527 0.663805
vt 0.311483 0.649619
vt 0.332678 0.615642
vt 0.310344 0.663034
vt 0.308909 0.648965
vt 0.280016 0.757760
vt 0.280404 0.769504
vt 0.274706 0.775451
vt 0.276525 0.760536
vt 0.282381 0.779779
vt 0.277981 0.782736
vt 0.287282 0.792492
vt 0.285477 0.792211
vt 0.281603 0.792362
vt 0.275406 0.784691
vt 0.202241 0.846141
vt 0.202546 0.851390
vt 0.199381 0.847865
vt 0.199532 0.844191
vt 0.199266 0.839278
vt 0.197931 0.837438
vt 0.197980 0.826217
vt 0.197096 0.824264
vt 0.776138 0.943576
vt 0.775544 0.956740
vt 0.772090 0.956740
vt 0.772137 0.947647
vt 0.779593 0.943576
vt 0.778999 0.956740
vt 0.782505 0.947610
vt 0.782454 0.956740
vt 0.779427 0.933528
vt 0.775829 0.933804
vt 0.786483 0.943638
vt 0.785908 0.956740
vt 0.789683 0.944608
vt 0.789319 0.956953
vt 0.172619 0.753540
vt 0.172619 0.766631
vt 0.168819 0.766631
vt 0.168819 0.753540
vt 0.175858 0.752657
vt 0.175858 0.765616
vt 0.171433 0.780557
vt 0.167685 0.780537
vt 0.164534 0.765603
vt 0.165020 0.753540
vt 0.174742 0.779697
vt 0.170278 0.787191
vt 0.166613 0.787185
vt 0.163690 0.777843
vt 0.177545 0.764853
vt 0.177027 0.775743
vt 0.173650 0.787728
vt 0.163023 0.782319
vt 0.176580 0.784946
vt 0.243175 0.860131
vt 0.243568 0.869579
vt 0.239681 0.868974
vt 0.239670 0.860114
vt 0.243568 0.876496
vt 0.239560 0.880173
vt 0.123666 0.579862
vt 0.123713 0.591421
vt 0.120645 0.591077
vt 0.120868 0.579118
vt 0.122389 0.600222
vt 0.120995 0.603888
vt 0.121296 0.561658
vt 0.118682 0.559864
vt 0.117614 0.603863
vt 0.118391 0.590162
vt 0.118746 0.549730
vt 0.117593 0.545185
vt 0.120094 0.551612
vt 0.123008 0.562292
vt 0.845790 0.481968
vt 0.847824 0.498992
vt 0.842683 0.492339
vt 0.840692 0.480018
vt 0.852259 0.489103
vt 0.853316 0.503629
vt 0.849600 0.515990
vt 0.843090 0.509444
vt 0.854247 0.521397
vt 0.850131 0.535409
vt 0.844369 0.530563
vt 0.847597 0.551318
vt 0.843549 0.549943
vt 0.071858 0.626249
vt 0.074427 0.650763
vt 0.072107 0.649827
vt 0.066401 0.626047
vt 0.068828 0.603463
vt 0.066371 0.606989
vt 0.659862 0.348682
vt 0.656991 0.361072
vt 0.654833 0.360793
vt 0.655088 0.346437
vt 0.667894 0.356079
vt 0.662631 0.361233
vt 0.658633 0.377891
vt 0.654833 0.377891
vt 0.662432 0.377891
vt 0.668239 0.344593
vt 0.659923 0.335897
vt 0.658633 0.394990
vt 0.654027 0.394797
vt 0.651033 0.377891
vt 0.651033 0.360793
vt 0.666441 0.361257
vt 0.666232 0.377891
vt 0.662432 0.394990
vt 0.666331 0.330632
vt 0.658376 0.321290
vt 0.656306 0.410719
vt 0.653372 0.411136
vt 0.649535 0.394611
vt 0.646569 0.377816
vt 0.647254 0.360839
vt 0.670376 0.361557
vt 0.670032 0.377891
vt 0.664505 0.394566
vt 0.660820 0.411136
vt 0.656421 0.426543
vt 0.653593 0.427145
vt 0.649647 0.411136
vt 0.643434 0.377891
vt 0.643434 0.360793
vt 0.673939 0.361032
vt 0.673831 0.377891
vt 0.668126 0.394611
vt 0.664544 0.411136
vt 0.662432 0.428119
vt 0.658633 0.443614
vt 0.654828 0.443583
vt 0.649357 0.426731
vt 0.644512 0.410301
vt 0.645843 0.394547
vt 0.643434 0.394990
vt 0.639634 0.377891
vt 0.639634 0.360793
vt 0.675725 0.361207
vt 0.675661 0.377814
vt 0.671843 0.394611
vt 0.667426 0.410742
vt 0.666232 0.428119
vt 0.662432 0.443614
vt 0.657639 0.451664
vt 0.653471 0.449300
vt 0.650232 0.442242
vt 0.644916 0.426164
vt 0.639634 0.394990
vt 0.635834 0.377891
vt 0.635834 0.360793
vt 0.647156 0.352220
vt 0.640634 0.346179
vt 0.674841 0.394479
vt 0.671992 0.411136
vt 0.670032 0.428119
vt 0.666232 0.443614
vt 0.659936 0.451102
vt 0.645600 0.438507
vt 0.640490 0.409993
vt 0.638351 0.410985
vt 0.635834 0.394990
vt 0.632035 0.377891
vt 0.632035 0.360793
vt 0.635285 0.344228
vt 0.675717 0.411136
vt 0.672899 0.427537
vt 0.669880 0.442640
vt 0.664466 0.453730
vt 0.635834 0.411821
vt 0.632035 0.394990
vt 0.627721 0.377885
vt 0.627735 0.361006
vt 0.633099 0.346322
vt 0.642673 0.334406
vt 0.636276 0.330513
vt 0.677046 0.394217
vt 0.679441 0.411136
vt 0.676661 0.427537
vt 0.672391 0.439615
vt 0.667406 0.448589
vt 0.632035 0.411821
vt 0.627762 0.394742
vt 0.641227 0.319278
vt 0.636747 0.317278
vt 0.680188 0.394134
vt 0.683165 0.411136
vt 0.681431 0.428119
vt 0.674770 0.438349
vt 0.665284 0.458603
vt 0.662391 0.462692
vt 0.634978 0.425567
vt 0.631449 0.424356
vt 0.628235 0.411821
vt 0.639537 0.302943
vt 0.636657 0.301518
vt 0.683868 0.394154
vt 0.686832 0.411134
vt 0.685231 0.428119
vt 0.679239 0.439153
vt 0.627998 0.426596
vt 0.623963 0.411444
vt 0.623492 0.394452
vt 0.645479 0.309721
vt 0.648887 0.329866
vt 0.636919 0.288856
vt 0.635471 0.288305
vt 0.689337 0.394474
vt 0.690386 0.411126
vt 0.687916 0.427542
vt 0.685916 0.377876
vt 0.680764 0.377868
vt 0.683437 0.442120
vt 0.675632 0.443014
vt 0.671520 0.438473
vt 0.623899 0.427152
vt 0.620239 0.411404
vt 0.620239 0.394742
vt 0.641102 0.290901
vt 0.637229 0.277254
vt 0.634211 0.279300
vt 0.690201 0.377880
vt 0.680531 0.447870
vt 0.626400 0.431832
vt 0.622977 0.434255
vt 0.619715 0.426216
vt 0.616836 0.411821
vt 0.616836 0.394990
vt 0.623932 0.377804
vt 0.619605 0.377695
vt 0.650501 0.300323
vt 0.651864 0.316826
vt 0.641361 0.278338
vt 0.638843 0.264994
vt 0.634673 0.265822
vt 0.686402 0.441840
vt 0.686295 0.455565
vt 0.625787 0.445605
vt 0.621538 0.442349
vt 0.616083 0.426806
vt 0.612689 0.411444
vt 0.612689 0.394797
vt 0.642583 0.265507
vt 0.688901 0.441078
vt 0.690001 0.455791
vt 0.612326 0.426808
vt 0.615650 0.377716
vt 0.611670 0.377715
vt 0.690907 0.469373
vt 0.686348 0.468187
vt 0.608658 0.394556
vt 0.608584 0.377792
vt 0.615490 0.361231
vt 0.612717 0.360890
vt 0.604976 0.394521
vt 0.605437 0.377891
vt 0.609237 0.360793
vt 0.618845 0.361396
vt 0.618956 0.351162
vt 0.613928 0.345941
vt 0.608955 0.411404
vt 0.605437 0.411821
vt 0.601339 0.394629
vt 0.601637 0.377891
vt 0.605172 0.360974
vt 0.609336 0.344182
vt 0.623192 0.343641
vt 0.616580 0.336843
vt 0.608955 0.427537
vt 0.605437 0.428119
vt 0.601414 0.411444
vt 0.601212 0.361140
vt 0.605618 0.344363
vt 0.629677 0.349257
vt 0.622788 0.352255
vt 0.623805 0.327631
vt 0.619805 0.328672
vt 0.608754 0.440520
vt 0.604932 0.441194
vt 0.601605 0.427913
vt 0.597625 0.411288
vt 0.597656 0.394797
vt 0.597656 0.377885
vt 0.597492 0.361140
vt 0.602335 0.345510
vt 0.629745 0.333844
vt 0.600182 0.434847
vt 0.597706 0.427274
vt 0.593910 0.411404
vt 0.593771 0.394621
vt 0.601384 0.351830
vt 0.610820 0.340576
vt 0.605431 0.336967
vt 0.627185 0.313883
vt 0.620366 0.305574
vt 0.593906 0.427274
vt 0.590238 0.411821
vt 0.590051 0.394621
vt 0.614642 0.333981
vt 0.608581 0.328616
vt 0.623499 0.298196
vt 0.617624 0.291827
vt 0.590206 0.427913
vt 0.586382 0.411444
vt 0.586293 0.394487
vt 0.593603 0.377873
vt 0.589848 0.377868
vt 0.614646 0.319724
vt 0.610938 0.319562
vt 0.619844 0.281029
vt 0.615632 0.279728
vt 0.586382 0.427562
vt 0.586214 0.377761
vt 0.593675 0.361265
vt 0.589933 0.361360
vt 0.624598 0.280695
vt 0.629955 0.303261
vt 0.616370 0.294436
vt 0.612830 0.278547
vt 0.619132 0.268417
vt 0.615133 0.274552
vt 0.588706 0.433782
vt 0.586005 0.440031
vt 0.582582 0.394221
vt 0.582577 0.377685
vt 0.598525 0.354591
vt 0.592382 0.349775
vt 0.627916 0.279444
vt 0.633883 0.301878
vt 0.623320 0.266564
vt 0.614561 0.298620
vt 0.611846 0.284266
vt 0.632284 0.282323
vt 0.635157 0.294332
vt 0.627288 0.265939
vt 0.619805 0.314449
vt 0.618436 0.319706
vt 0.614407 0.309815
vt 0.470672 0.575702
vt 0.472735 0.589945
vt 0.468856 0.590020
vt 0.465858 0.574376
vt 0.476473 0.580071
vt 0.476544 0.589387
vt 0.472746 0.603715
vt 0.468856 0.604302
vt 0.465075 0.590298
vt 0.461815 0.576191
vt 0.480054 0.581582
vt 0.480141 0.590020
vt 0.476545 0.603715
vt 0.472746 0.619211
vt 0.468856 0.619642
vt 0.465047 0.604847
vt 0.458952 0.585041
vt 0.455817 0.569384
vt 0.467727 0.625049
vt 0.461585 0.620233
vt 0.460609 0.609812
vt 0.457590 0.591549
vt 0.455013 0.581911
vt 0.458011 0.620166
vt 0.454619 0.605252
vt 0.458845 0.599645
vt 0.453977 0.591945
vt 0.450748 0.584342
vt 0.183147 0.894066
vt 0.181804 0.896893
vt 0.177171 0.891843
vt 0.176283 0.882071
vt 0.183594 0.891494
vt 0.176274 0.878910
vt 0.054658 0.679109
vt 0.052747 0.679636
vt 0.049936 0.673252
vt 0.050553 0.671903
vt 0.057119 0.678368
vt 0.056547 0.681517
vt 0.052344 0.682938
vt 0.048755 0.674443
vt 0.046079 0.664779
vt 0.047353 0.662121
vt 0.060400 0.677871
vt 0.059758 0.680728
vt 0.055769 0.684544
vt 0.054669 0.675419
vt 0.057730 0.674761
vt 0.053269 0.688634
vt 0.048859 0.682978
vt 0.043491 0.669760
vt 0.042163 0.670443
vt 0.040602 0.659197
vt 0.044616 0.654459
vt 0.049125 0.663535
vt 0.045087 0.681257
vt 0.041262 0.677688
vt 0.037383 0.661726
vt 0.040144 0.656083
vt 0.049918 0.696544
vt 0.046177 0.696544
vt 0.039902 0.677663
vt 0.040443 0.673156
vt 0.037398 0.658336
vt 0.044438 0.701275
vt 0.040623 0.701241
vt 0.036197 0.699851
vt 0.040294 0.691633
vt 0.679525 0.518361
vt 0.677272 0.534343
vt 0.673448 0.534185
vt 0.673923 0.517906
vt 0.682434 0.518361
vt 0.680123 0.534309
vt 0.673957 0.548600
vt 0.672221 0.549317
vt 0.679544 0.501304
vt 0.673923 0.501165
vt 0.683990 0.518162
vt 0.681947 0.534056
vt 0.682472 0.501347
vt 0.679786 0.490058
vt 0.673508 0.484511
vt 0.684926 0.495132
vt 0.681177 0.477104
vt 0.675774 0.473250
vt 0.513627 0.533518
vt 0.513360 0.545324
vt 0.509969 0.545928
vt 0.510070 0.533676
vt 0.515133 0.532337
vt 0.514835 0.543639
vt 0.511925 0.554303
vt 0.509430 0.556083
vt 0.506165 0.546287
vt 0.506924 0.534191
vt 0.512228 0.519121
vt 0.508536 0.518964
vt 0.513397 0.551935
vt 0.509631 0.560339
vt 0.508627 0.564101
vt 0.506864 0.557896
vt 0.507185 0.502086
vt 0.505615 0.502719
vt 0.501491 0.556768
vt 0.502849 0.546863
vt 0.063117 0.832759
vt 0.064365 0.840820
vt 0.064434 0.843065
vt 0.062996 0.834768
vt 0.066188 0.845146
vt 0.066614 0.848377
vt 0.064134 0.820951
vt 0.062698 0.823467
vt 0.304256 0.920082
vt 0.302727 0.925708
vt 0.300046 0.930843
vt 0.302078 0.922363
vt 0.328854 0.301452
vt 0.328843 0.317150
vt 0.325232 0.317031
vt 0.325239 0.301473
vt 0.328771 0.333860
vt 0.325087 0.333308
vt 0.321632 0.316939
vt 0.321626 0.301473
vt 0.328830 0.285546
vt 0.325065 0.285955
vt 0.332485 0.317725
vt 0.332427 0.333342
vt 0.327765 0.343191
vt 0.324295 0.342288
vt 0.321552 0.332191
vt 0.321347 0.285955
vt 0.332473 0.285565
vt 0.332485 0.301985
vt 0.328813 0.269060
vt 0.325095 0.269039
vt 0.330673 0.337463
vt 0.317587 0.331283
vt 0.317806 0.317725
vt 0.321329 0.345678
vt 0.316854 0.340506
vt 0.310611 0.323619
vt 0.311916 0.318000
vt 0.315000 0.342889
vt 0.310426 0.337315
vt 0.314696 0.357047
vt 0.309987 0.351214
vt 0.306912 0.336432
vt 0.306404 0.325752
vt 0.306682 0.348707
vt 0.309987 0.360832
vt 0.306404 0.359605
vt 0.310847 0.365942
vt 0.307074 0.368303
vt 0.311856 0.373030
vt 0.308575 0.374903
vt 0.480565 0.226628
vt 0.477673 0.224630
vt 0.476230 0.206877
vt 0.480606 0.209048
vt 0.479668 0.237826
vt 0.478387 0.236538
vt 0.475186 0.218887
vt 0.471755 0.204716
vt 0.474211 0.186147
vt 0.478228 0.187203
vt 0.483565 0.226255
vt 0.483648 0.208899
vt 0.481522 0.236230
vt 0.469131 0.183794
vt 0.471456 0.167101
vt 0.474732 0.167193
vt 0.481256 0.187201
vt 0.469065 0.206515
vt 0.467205 0.185950
vt 0.468061 0.167034
vt 0.471354 0.151488
vt 0.474484 0.151488
vt 0.477666 0.167202
vt 0.466650 0.209197
vt 0.464505 0.187204
vt 0.464734 0.167085
vt 0.468061 0.151488
vt 0.471456 0.135875
vt 0.474732 0.135783
vt 0.477399 0.151488
vt 0.463012 0.209197
vt 0.460939 0.187204
vt 0.461413 0.167185
vt 0.464661 0.151488
vt 0.468061 0.135943
vt 0.474211 0.116829
vt 0.478228 0.115774
vt 0.477666 0.135774
vt 0.458270 0.206515
vt 0.456592 0.185950
vt 0.457952 0.167185
vt 0.461206 0.151488
vt 0.464661 0.135943
vt 0.469131 0.119182
vt 0.476230 0.096100
vt 0.480606 0.093928
vt 0.481256 0.115775
vt 0.454672 0.206515
vt 0.453055 0.185950
vt 0.454363 0.167085
vt 0.457751 0.151488
vt 0.461206 0.135943
vt 0.464669 0.120628
vt 0.470290 0.101300
vt 0.476229 0.079038
vt 0.480565 0.076348
vt 0.483648 0.094077
vt 0.452097 0.209197
vt 0.450242 0.187204
vt 0.450906 0.167085
vt 0.454297 0.151488
vt 0.457751 0.135943
vt 0.461206 0.120640
vt 0.464958 0.105207
vt 0.471962 0.081278
vt 0.477282 0.059697
vt 0.479413 0.063593
vt 0.483565 0.076721
vt 0.448459 0.209197
vt 0.446676 0.187204
vt 0.447567 0.167185
vt 0.450842 0.151488
vt 0.454297 0.135943
vt 0.457751 0.120640
vt 0.461206 0.105823
vt 0.467546 0.083779
vt 0.474086 0.060613
vt 0.477370 0.045424
vt 0.480420 0.045562
vt 0.481793 0.065920
vt 0.444821 0.209197
vt 0.443110 0.187204
vt 0.444106 0.167185
vt 0.447388 0.151488
vt 0.450842 0.135943
vt 0.454297 0.120640
vt 0.457751 0.105823
vt 0.462177 0.088997
vt 0.469630 0.066113
vt 0.474804 0.049194
vt 0.483275 0.046766
vt 0.440279 0.206515
vt 0.438905 0.185950
vt 0.440644 0.167185
vt 0.443933 0.151488
vt 0.447388 0.135943
vt 0.450842 0.120640
vt 0.454297 0.105823
vt 0.457751 0.091736
vt 0.463042 0.072597
vt 0.480903 0.035533
vt 0.483727 0.037368
vt 0.434848 0.200941
vt 0.434145 0.183481
vt 0.437079 0.167085
vt 0.440479 0.151488
vt 0.443933 0.135943
vt 0.447388 0.120640
vt 0.450842 0.105823
vt 0.454297 0.091736
vt 0.457841 0.078302
vt 0.430171 0.197325
vt 0.430115 0.182336
vt 0.433570 0.167034
vt 0.437024 0.151488
vt 0.440479 0.135943
vt 0.443933 0.120640
vt 0.447388 0.105823
vt 0.450842 0.091736
vt 0.454297 0.078619
vt 0.426694 0.196949
vt 0.426661 0.182336
vt 0.430115 0.167034
vt 0.433570 0.151488
vt 0.437024 0.135943
vt 0.440479 0.120640
vt 0.443933 0.105823
vt 0.447388 0.091736
vt 0.450842 0.078619
vt 0.456167 0.063574
vt 0.459673 0.063590
vt 0.423279 0.196707
vt 0.423206 0.182336
vt 0.426661 0.167034
vt 0.430115 0.151488
vt 0.433570 0.135943
vt 0.437024 0.120640
vt 0.440479 0.105823
vt 0.443933 0.091736
vt 0.447532 0.078814
vt 0.452660 0.063555
vt 0.460716 0.049751
vt 0.464311 0.049751
vt 0.420322 0.198618
vt 0.419752 0.182336
vt 0.423206 0.167034
vt 0.426661 0.151488
vt 0.430115 0.135943
vt 0.433570 0.120640
vt 0.437024 0.105823
vt 0.440479 0.091736
vt 0.444895 0.077902
vt 0.449725 0.066356
vt 0.457121 0.049751
vt 0.461913 0.032632
vt 0.465551 0.032632
vt 0.464128 0.064992
vt 0.466924 0.054329
vt 0.417929 0.201733
vt 0.416379 0.182546
vt 0.419752 0.167034
vt 0.423206 0.151488
vt 0.426661 0.135943
vt 0.430115 0.120640
vt 0.433570 0.105823
vt 0.437024 0.091736
vt 0.441852 0.076994
vt 0.448587 0.064558
vt 0.458275 0.032632
vt 0.468007 0.038739
vt 0.414701 0.204525
vt 0.413016 0.182813
vt 0.416297 0.167034
vt 0.419752 0.151488
vt 0.423206 0.135943
vt 0.426661 0.120640
vt 0.430115 0.105823
vt 0.433570 0.091736
vt 0.438355 0.076972
vt 0.446243 0.062773
vt 0.450016 0.049276
vt 0.453526 0.049751
vt 0.454637 0.032632
vt 0.468832 0.021989
vt 0.465551 0.024037
vt 0.470424 0.054604
vt 0.471500 0.039257
vt 0.411098 0.204720
vt 0.409551 0.182813
vt 0.412843 0.167034
vt 0.416297 0.151488
vt 0.419752 0.135943
vt 0.423206 0.120640
vt 0.426661 0.105823
vt 0.430115 0.091736
vt 0.435186 0.078568
vt 0.442652 0.062773
vt 0.447361 0.043683
vt 0.450016 0.038739
vt 0.472444 0.021520
vt 0.417718 0.214792
vt 0.413386 0.219026
vt 0.407527 0.204720
vt 0.406085 0.182813
vt 0.409388 0.167034
vt 0.412843 0.151488
vt 0.416297 0.135943
vt 0.419752 0.120640
vt 0.423206 0.105823
vt 0.426661 0.091736
vt 0.431306 0.079510
vt 0.439062 0.062773
vt 0.443723 0.043683
vt 0.474955 0.028992
vt 0.473590 0.042122
vt 0.418552 0.226280
vt 0.414782 0.227083
vt 0.403956 0.204720
vt 0.402620 0.182813
vt 0.405933 0.167034
vt 0.409388 0.151488
vt 0.412843 0.135943
vt 0.416297 0.120640
vt 0.419752 0.105823
vt 0.423215 0.091696
vt 0.426831 0.079007
vt 0.434801 0.066765
vt 0.440085 0.043683
vt 0.417906 0.236475
vt 0.414782 0.242124
vt 0.400045 0.202799
vt 0.399081 0.182546
vt 0.402479 0.167034
vt 0.405933 0.151488
vt 0.409388 0.135943
vt 0.412843 0.120640
vt 0.416297 0.105823
vt 0.420036 0.090394
vt 0.423936 0.075510
vt 0.428957 0.070004
vt 0.435623 0.049276
vt 0.406649 0.215738
vt 0.401482 0.218714
vt 0.395877 0.198994
vt 0.395570 0.182336
vt 0.399025 0.167034
vt 0.402479 0.151488
vt 0.405933 0.135943
vt 0.409388 0.120640
vt 0.412843 0.105823
vt 0.416751 0.089458
vt 0.421611 0.069008
vt 0.430360 0.060899
vt 0.435623 0.038739
vt 0.440085 0.032632
vt 0.397668 0.216927
vt 0.392287 0.198288
vt 0.392115 0.182336
vt 0.395570 0.167034
vt 0.399025 0.151488
vt 0.402479 0.135943
vt 0.405933 0.120640
vt 0.409388 0.105823
vt 0.413269 0.089458
vt 0.419149 0.068491
vt 0.394554 0.214096
vt 0.388742 0.197747
vt 0.388661 0.182336
vt 0.392115 0.167034
vt 0.395570 0.151488
vt 0.399024 0.135943
vt 0.402479 0.120640
vt 0.405933 0.105823
vt 0.409788 0.089458
vt 0.415722 0.069266
vt 0.421292 0.053915
vt 0.423471 0.055168
vt 0.390755 0.211230
vt 0.385343 0.198288
vt 0.385206 0.182336
vt 0.388661 0.167034
vt 0.392115 0.151488
vt 0.395570 0.135943
vt 0.399025 0.120640
vt 0.402479 0.105823
vt 0.406306 0.089458
vt 0.412139 0.069276
vt 0.421292 0.040716
vt 0.424088 0.045629
vt 0.387311 0.214630
vt 0.381870 0.198288
vt 0.381752 0.182336
vt 0.385206 0.167034
vt 0.388661 0.151488
vt 0.392115 0.135943
vt 0.395570 0.120640
vt 0.399025 0.105823
vt 0.402683 0.090394
vt 0.408752 0.070249
vt 0.414618 0.056883
vt 0.418256 0.056883
vt 0.382820 0.220203
vt 0.378350 0.197747
vt 0.378297 0.182336
vt 0.381752 0.167034
vt 0.385206 0.151488
vt 0.388661 0.135943
vt 0.392115 0.120640
vt 0.395570 0.105823
vt 0.399085 0.091964
vt 0.404894 0.074181
vt 0.410980 0.056883
vt 0.414618 0.043683
vt 0.418256 0.043683
vt 0.378823 0.219097
vt 0.374843 0.197153
vt 0.374843 0.182336
vt 0.378297 0.167034
vt 0.381752 0.151488
vt 0.385206 0.135943
vt 0.388661 0.120640
vt 0.392115 0.105823
vt 0.395792 0.092831
vt 0.410980 0.043683
vt 0.414217 0.031334
vt 0.417148 0.036355
vt 0.384041 0.237069
vt 0.379499 0.236923
vt 0.375050 0.213518
vt 0.371388 0.197153
vt 0.371388 0.182336
vt 0.374843 0.167034
vt 0.378297 0.151488
vt 0.381752 0.135943
vt 0.385206 0.120640
vt 0.388661 0.105823
vt 0.392492 0.093592
vt 0.406837 0.061862
vt 0.407342 0.043683
vt 0.410846 0.033304
vt 0.420381 0.035349
vt 0.371959 0.210644
vt 0.367934 0.197153
vt 0.367934 0.182336
vt 0.371388 0.167034
vt 0.374843 0.151488
vt 0.378297 0.135943
vt 0.381752 0.120640
vt 0.385206 0.105823
vt 0.389002 0.093417
vt 0.402775 0.066765
vt 0.403239 0.049276
vt 0.407181 0.033308
vt 0.368831 0.208484
vt 0.364496 0.197049
vt 0.364479 0.182336
vt 0.367934 0.167034
vt 0.371388 0.151488
vt 0.374843 0.135943
vt 0.378297 0.120640
vt 0.381752 0.105823
vt 0.385399 0.092687
vt 0.398507 0.074818
vt 0.398738 0.060899
vt 0.361101 0.196685
vt 0.361025 0.182336
vt 0.364479 0.167034
vt 0.367934 0.151488
vt 0.371388 0.135943
vt 0.374843 0.120640
vt 0.378297 0.105823
vt 0.381811 0.092026
vt 0.394660 0.079186
vt 0.395166 0.061729
vt 0.399782 0.041118
vt 0.403591 0.042132
vt 0.357586 0.197056
vt 0.357570 0.182336
vt 0.361025 0.167034
vt 0.364479 0.151488
vt 0.367934 0.135943
vt 0.371388 0.120640
vt 0.374843 0.105823
vt 0.378356 0.092027
vt 0.391240 0.078700
vt 0.391658 0.061729
vt 0.396014 0.039309
vt 0.404258 0.043027
vt 0.400693 0.034112
vt 0.354115 0.197153
vt 0.354115 0.182336
vt 0.357570 0.167034
vt 0.361025 0.151488
vt 0.364479 0.135943
vt 0.367934 0.120640
vt 0.371388 0.105823
vt 0.374855 0.091745
vt 0.392415 0.039257
vt 0.395930 0.024159
vt 0.358880 0.203253
vt 0.354484 0.208995
vt 0.350661 0.197153
vt 0.350661 0.182336
vt 0.354115 0.167034
vt 0.357570 0.151488
vt 0.361025 0.135943
vt 0.364479 0.120640
vt 0.367934 0.105823
vt 0.371463 0.090474
vt 0.391525 0.017802
vt 0.350865 0.209998
vt 0.347206 0.197153
vt 0.347206 0.182336
vt 0.350661 0.167034
vt 0.354115 0.151488
vt 0.357570 0.135943
vt 0.361025 0.120640
vt 0.364479 0.105823
vt 0.368334 0.091077
vt 0.372897 0.074094
vt 0.376166 0.080827
vt 0.388264 0.035868
vt 0.387929 0.018008
vt 0.394903 0.013961
vt 0.390674 0.008547
vt 0.348191 0.205237
vt 0.343762 0.197092
vt 0.343752 0.182336
vt 0.347206 0.167034
vt 0.350661 0.151488
vt 0.354115 0.135943
vt 0.357570 0.120640
vt 0.361025 0.105823
vt 0.365106 0.092328
vt 0.370233 0.074753
vt 0.385513 0.032632
vt 0.384911 0.021070
vt 0.387069 0.008028
vt 0.340248 0.197743
vt 0.340297 0.182336
vt 0.343752 0.167034
vt 0.347206 0.151488
vt 0.350661 0.135943
vt 0.354115 0.120640
vt 0.357570 0.105823
vt 0.361774 0.094039
vt 0.370961 0.056883
vt 0.374453 0.061862
vt 0.387953 0.051304
vt 0.385225 0.049751
vt 0.381875 0.032632
vt 0.381875 0.024037
vt 0.336730 0.198288
vt 0.336843 0.182336
vt 0.340297 0.167034
vt 0.343752 0.151488
vt 0.347206 0.135943
vt 0.350661 0.120640
vt 0.354126 0.105875
vt 0.357957 0.093607
vt 0.363629 0.080959
vt 0.367234 0.077642
vt 0.367323 0.056883
vt 0.370961 0.043683
vt 0.374599 0.043683
vt 0.387452 0.072757
vt 0.384614 0.073483
vt 0.381630 0.049751
vt 0.341704 0.207489
vt 0.337293 0.214196
vt 0.333257 0.198288
vt 0.333388 0.182336
vt 0.336843 0.167034
vt 0.340297 0.151488
vt 0.343752 0.135943
vt 0.347206 0.120640
vt 0.350716 0.106094
vt 0.355042 0.096306
vt 0.359316 0.083763
vt 0.363658 0.061862
vt 0.367323 0.043683
vt 0.370961 0.032632
vt 0.373997 0.029665
vt 0.377866 0.066765
vt 0.378051 0.049276
vt 0.381111 0.073483
vt 0.378051 0.038739
vt 0.332790 0.219841
vt 0.329856 0.197747
vt 0.329934 0.182336
vt 0.333388 0.167034
vt 0.336843 0.151488
vt 0.340297 0.135943
vt 0.343752 0.120640
vt 0.347261 0.106094
vt 0.351949 0.098090
vt 0.360089 0.072210
vt 0.363658 0.049276
vt 0.329158 0.219097
vt 0.326479 0.197153
vt 0.326479 0.182336
vt 0.329934 0.167034
vt 0.333388 0.151488
vt 0.336843 0.135943
vt 0.340297 0.120640
vt 0.343766 0.105891
vt 0.348495 0.098089
vt 0.356048 0.085823
vt 0.356516 0.066765
vt 0.360061 0.049751
vt 0.326184 0.213882
vt 0.323025 0.197153
vt 0.323025 0.182336
vt 0.326479 0.167034
vt 0.329934 0.151488
vt 0.333388 0.135943
vt 0.336843 0.120640
vt 0.340297 0.105823
vt 0.344718 0.096500
vt 0.349618 0.087225
vt 0.353111 0.087225
vt 0.352881 0.062773
vt 0.356462 0.049276
vt 0.360047 0.032632
vt 0.363658 0.038739
vt 0.323025 0.211241
vt 0.319570 0.197153
vt 0.319570 0.182336
vt 0.323025 0.167034
vt 0.326479 0.151488
vt 0.329934 0.135943
vt 0.333388 0.120640
vt 0.336843 0.105823
vt 0.340588 0.093167
vt 0.345634 0.085938
vt 0.349290 0.062773
vt 0.352770 0.043683
vt 0.356409 0.032632
vt 0.363071 0.028225
vt 0.359519 0.024310
vt 0.326887 0.224552
vt 0.323173 0.224398
vt 0.319570 0.211241
vt 0.316116 0.197153
vt 0.316116 0.182336
vt 0.319570 0.167034
vt 0.323025 0.151488
vt 0.326479 0.135943
vt 0.329934 0.120640
vt 0.333388 0.105823
vt 0.337224 0.093613
vt 0.345840 0.066765
vt 0.349132 0.043683
vt 0.352169 0.029665
vt 0.319793 0.224261
vt 0.316116 0.211241
vt 0.312661 0.197153
vt 0.312661 0.182336
vt 0.316116 0.167034
vt 0.319570 0.151488
vt 0.323025 0.135943
vt 0.326479 0.120640
vt 0.329934 0.105823
vt 0.333769 0.093613
vt 0.341678 0.085257
vt 0.342638 0.074818
vt 0.345667 0.049276
vt 0.349132 0.032632
vt 0.316294 0.224294
vt 0.312661 0.211241
vt 0.309207 0.197153
vt 0.309207 0.182336
vt 0.312661 0.167034
vt 0.316116 0.151488
vt 0.319570 0.135943
vt 0.323025 0.120640
vt 0.326479 0.105823
vt 0.330314 0.093613
vt 0.342522 0.060899
vt 0.345667 0.038739
vt 0.312716 0.224817
vt 0.309207 0.211241
vt 0.305752 0.197153
vt 0.305752 0.182336
vt 0.309207 0.167034
vt 0.312661 0.151488
vt 0.316116 0.135943
vt 0.319570 0.120640
vt 0.323025 0.105823
vt 0.326860 0.093613
vt 0.339382 0.079242
vt 0.339346 0.068030
vt 0.349131 0.024079
vt 0.345494 0.024037
vt 0.309311 0.224282
vt 0.305752 0.211241
vt 0.302298 0.197153
vt 0.302298 0.182336
vt 0.305752 0.167034
vt 0.309207 0.151488
vt 0.312661 0.135943
vt 0.316116 0.120640
vt 0.319570 0.105823
vt 0.323405 0.093613
vt 0.335928 0.079242
vt 0.335928 0.068798
vt 0.339135 0.054373
vt 0.342264 0.044256
vt 0.342069 0.030544
vt 0.306370 0.220791
vt 0.302290 0.211281
vt 0.298843 0.197153
vt 0.298843 0.182336
vt 0.302298 0.167034
vt 0.305752 0.151488
vt 0.309207 0.135943
vt 0.312661 0.120640
vt 0.316116 0.105823
vt 0.319951 0.093613
vt 0.332473 0.079242
vt 0.332473 0.068798
vt 0.335290 0.056409
vt 0.338724 0.036949
vt 0.344729 0.013818
vt 0.340693 0.011854
vt 0.298564 0.212582
vt 0.295389 0.197153
vt 0.295389 0.182336
vt 0.298843 0.167034
vt 0.302298 0.151488
vt 0.305752 0.135943
vt 0.309207 0.120640
vt 0.312661 0.105823
vt 0.316496 0.093613
vt 0.329019 0.079242
vt 0.329019 0.068798
vt 0.331879 0.057123
vt 0.335654 0.047472
vt 0.337722 0.020701
vt 0.343333 0.003808
vt 0.339507 0.001992
vt 0.302732 0.221785
vt 0.297627 0.231514
vt 0.294888 0.213518
vt 0.291934 0.197153
vt 0.291934 0.182336
vt 0.295389 0.167034
vt 0.298843 0.151488
vt 0.302298 0.135943
vt 0.305752 0.120640
vt 0.309207 0.105823
vt 0.313042 0.093613
vt 0.325564 0.079242
vt 0.325564 0.068798
vt 0.328425 0.057123
vt 0.336257 0.003318
vt 0.294166 0.230752
vt 0.291407 0.213518
vt 0.288479 0.197153
vt 0.288479 0.182336
vt 0.291934 0.167034
vt 0.295389 0.151488
vt 0.298843 0.135943
vt 0.302298 0.120640
vt 0.305752 0.105823
vt 0.309547 0.093417
vt 0.322110 0.079242
vt 0.322110 0.068798
vt 0.324970 0.057123
vt 0.290699 0.230036
vt 0.287925 0.213518
vt 0.285025 0.197153
vt 0.285025 0.182336
vt 0.288479 0.167034
vt 0.291934 0.151488
vt 0.295389 0.135943
vt 0.298843 0.120640
vt 0.302298 0.105823
vt 0.305952 0.092724
vt 0.318655 0.079242
vt 0.318655 0.068798
vt 0.321516 0.057123
vt 0.287749 0.225782
vt 0.284372 0.213747
vt 0.281362 0.197747
vt 0.281570 0.182336
vt 0.285025 0.167034
vt 0.288479 0.151488
vt 0.291934 0.135943
vt 0.295389 0.120640
vt 0.298843 0.105823
vt 0.302301 0.091755
vt 0.315201 0.079242
vt 0.315197 0.068764
vt 0.318061 0.057123
vt 0.280238 0.214555
vt 0.277700 0.198288
vt 0.278116 0.182336
vt 0.281570 0.167034
vt 0.285025 0.151488
vt 0.288479 0.135943
vt 0.291934 0.120640
vt 0.295389 0.105823
vt 0.298843 0.091736
vt 0.302773 0.080967
vt 0.307097 0.085253
vt 0.311680 0.078700
vt 0.311187 0.063595
vt 0.314503 0.056247
vt 0.275829 0.218112
vt 0.274227 0.198288
vt 0.274661 0.182336
vt 0.278116 0.167034
vt 0.281570 0.151488
vt 0.285025 0.135943
vt 0.288479 0.120640
vt 0.291934 0.105823
vt 0.295389 0.091736
vt 0.298844 0.078622
vt 0.310030 0.047141
vt 0.271692 0.221519
vt 0.270970 0.197747
vt 0.271207 0.182336
vt 0.274661 0.167034
vt 0.278116 0.151488
vt 0.281570 0.135943
vt 0.285025 0.120640
vt 0.288479 0.105823
vt 0.291934 0.091736
vt 0.295389 0.078619
vt 0.298003 0.060958
vt 0.302039 0.063585
vt 0.312751 0.037845
vt 0.307620 0.028258
vt 0.274393 0.233002
vt 0.271173 0.234632
vt 0.268851 0.219097
vt 0.267752 0.197153
vt 0.267752 0.182336
vt 0.271207 0.167034
vt 0.274661 0.151488
vt 0.278116 0.135943
vt 0.281570 0.120640
vt 0.285025 0.105823
vt 0.288479 0.091736
vt 0.291934 0.078619
vt 0.294506 0.060988
vt 0.296789 0.039092
vt 0.300105 0.037721
vt 0.268314 0.234732
vt 0.266920 0.213882
vt 0.264298 0.197153
vt 0.264298 0.182336
vt 0.267752 0.167034
vt 0.271207 0.151488
vt 0.274661 0.135943
vt 0.278116 0.120640
vt 0.281570 0.105823
vt 0.285025 0.091736
vt 0.288479 0.078619
vt 0.291453 0.063601
vt 0.294104 0.043581
vt 0.266440 0.228924
vt 0.264298 0.211241
vt 0.260900 0.197141
vt 0.260898 0.182333
vt 0.264298 0.167034
vt 0.267752 0.151488
vt 0.271207 0.135943
vt 0.274661 0.120640
vt 0.278116 0.105823
vt 0.281570 0.091736
vt 0.285025 0.078619
vt 0.288560 0.067033
vt 0.264241 0.224522
vt 0.260904 0.211211
vt 0.257615 0.197105
vt 0.257516 0.182458
vt 0.260897 0.167034
vt 0.264298 0.151488
vt 0.267752 0.135943
vt 0.271207 0.120640
vt 0.274661 0.105823
vt 0.278116 0.091736
vt 0.281570 0.078619
vt 0.285358 0.068359
vt 0.260718 0.224985
vt 0.257353 0.211911
vt 0.254295 0.197465
vt 0.253247 0.184072
vt 0.257113 0.167398
vt 0.260897 0.151488
vt 0.264298 0.135943
vt 0.267752 0.120640
vt 0.271207 0.105823
vt 0.274661 0.091736
vt 0.278116 0.078619
vt 0.281812 0.067908
vt 0.255980 0.229969
vt 0.252779 0.215823
vt 0.250133 0.199954
vt 0.248808 0.186153
vt 0.251935 0.168879
vt 0.257113 0.151488
vt 0.260897 0.135943
vt 0.264298 0.120640
vt 0.267752 0.105823
vt 0.271207 0.091736
vt 0.274661 0.078619
vt 0.278137 0.066822
vt 0.259656 0.233487
vt 0.254229 0.243247
vt 0.251162 0.235484
vt 0.248284 0.219873
vt 0.246005 0.202824
vt 0.243983 0.189097
vt 0.246756 0.170474
vt 0.251935 0.151488
vt 0.257525 0.135884
vt 0.260898 0.120643
vt 0.264298 0.105823
vt 0.267752 0.091736
vt 0.271207 0.078619
vt 0.274549 0.066175
vt 0.249054 0.251268
vt 0.246929 0.239386
vt 0.244984 0.221257
vt 0.243009 0.204003
vt 0.240664 0.190323
vt 0.243077 0.171134
vt 0.246756 0.151488
vt 0.253286 0.135086
vt 0.257607 0.120652
vt 0.260900 0.105835
vt 0.264298 0.091736
vt 0.267752 0.078619
vt 0.270391 0.062899
vt 0.273937 0.052180
vt 0.278689 0.059093
vt 0.246206 0.255956
vt 0.243523 0.241265
vt 0.240633 0.171134
vt 0.243077 0.151488
vt 0.248810 0.133997
vt 0.253795 0.119692
vt 0.257615 0.105871
vt 0.260904 0.091765
vt 0.264298 0.078619
vt 0.266574 0.061439
vt 0.268929 0.043968
vt 0.247665 0.258402
vt 0.245437 0.265162
vt 0.243779 0.254829
vt 0.243966 0.132484
vt 0.248808 0.116823
vt 0.253774 0.104411
vt 0.257631 0.091854
vt 0.260940 0.078825
vt 0.263568 0.063889
vt 0.240633 0.151488
vt 0.240633 0.131842
vt 0.243983 0.113880
vt 0.248803 0.100244
vt 0.254266 0.091280
vt 0.257794 0.079543
vt 0.240664 0.112653
vt 0.244032 0.096062
vt 0.250039 0.087899
vt 0.254218 0.078239
vt 0.240758 0.094376
vt 0.245894 0.084162
vt 0.250464 0.075502
vt 0.253888 0.066075
vt 0.258680 0.072496
vt 0.242924 0.082720
vt 0.247489 0.074621
vt 0.248379 0.055332
vt 0.244932 0.074052
vt 0.244939 0.052570
vt 0.244011 0.036602
vt 0.247346 0.038774
vt 0.916296 0.585355
vt 0.912658 0.585355
vt 0.912658 0.570314
vt 0.916296 0.570314
vt 0.914199 0.597183
vt 0.910833 0.596174
vt 0.909020 0.585355
vt 0.909020 0.570314
vt 0.914303 0.623682
vt 0.913293 0.610941
vt 0.907162 0.595404
vt 0.917538 0.598174
vt 0.919048 0.590159
vt 0.905382 0.585355
vt 0.905382 0.570314
vt 0.908827 0.602587
vt 0.917791 0.624609
vt 0.904009 0.593407
vt 0.901744 0.585355
vt 0.901744 0.570314
vt 0.919828 0.619996
vt 0.919625 0.604351
vt 0.901460 0.589952
vt 0.898167 0.585129
vt 0.898106 0.570314
vt 0.899529 0.592582
vt 0.894653 0.584644
vt 0.894467 0.570314
vt 0.895534 0.594532
vt 0.891149 0.584077
vt 0.890829 0.570314
vt 0.892250 0.592077
vt 0.887496 0.584084
vt 0.887191 0.570314
vt 0.888548 0.592097
vt 0.883650 0.584933
vt 0.882689 0.566033
vt 0.884759 0.592562
vt 0.879091 0.580375
vt 0.878163 0.561278
vt 0.880880 0.593539
vt 0.875348 0.579464
vt 0.872644 0.559766
vt 0.877004 0.594596
vt 0.871758 0.579464
vt 0.869931 0.555012
vt 0.873108 0.595877
vt 0.868167 0.579464
vt 0.866802 0.557138
vt 0.869534 0.595316
vt 0.864035 0.575473
vt 0.864698 0.566033
vt 0.864537 0.593911
vt 0.861989 0.596531
vt 0.860370 0.584827
vt 0.583993 0.926820
vt 0.580720 0.922643
vt 0.580117 0.915515
vt 0.583650 0.916297
vt 0.580011 0.901256
vt 0.583650 0.901256
vt 0.574756 0.918285
vt 0.574749 0.904047
vt 0.572067 0.919881
vt 0.571896 0.906377
vt 0.675734 0.953110
vt 0.671996 0.953045
vt 0.671321 0.949529
vt 0.674976 0.949529
vt 0.670832 0.931787
vt 0.674815 0.936068
vt 0.666903 0.954186
vt 0.666713 0.941105
vt 0.637741 0.713665
vt 0.634032 0.708553
vt 0.633941 0.690371
vt 0.637578 0.693688
vt 0.637674 0.720474
vt 0.634156 0.722840
vt 0.630441 0.704556
vt 0.630348 0.684104
vt 0.636960 0.730482
vt 0.634156 0.733449
vt 0.630524 0.714052
vt 0.625953 0.707858
vt 0.626076 0.688858
vt 0.630524 0.723854
vt 0.641040 0.724530
vt 0.640712 0.721959
vt 0.625841 0.715137
vt 0.623145 0.702694
vt 0.621355 0.696348
vt 0.198303 0.776167
vt 0.194593 0.780623
vt 0.194889 0.771063
vt 0.198498 0.769265
vt 0.190557 0.784088
vt 0.190560 0.779281
vt 0.186870 0.787817
vt 0.187810 0.775113
vt 0.190882 0.755844
vt 0.192939 0.764605
vt 0.183845 0.786112
vt 0.184181 0.776039
vt 0.184181 0.761697
vt 0.188147 0.752802
vt 0.782281 0.996694
vt 0.778861 0.995362
vt 0.778287 0.983824
vt 0.782318 0.981427
vt 0.712803 0.756850
vt 0.709299 0.758956
vt 0.710003 0.742864
vt 0.713533 0.743775
vt 0.705621 0.760079
vt 0.705956 0.743704
vt 0.702286 0.761954
vt 0.702822 0.742864
vt 0.704413 0.766985
vt 0.701267 0.774601
vt 0.698647 0.761954
vt 0.699231 0.742864
vt 0.697808 0.778126
vt 0.695009 0.761954
vt 0.694820 0.747864
vt 0.695009 0.773004
vt 0.691371 0.761954
vt 0.692049 0.742864
vt 0.691220 0.771786
vt 0.688345 0.756360
vt 0.688956 0.738872
vt 0.690154 0.781180
vt 0.694768 0.779719
vt 0.686651 0.771605
vt 0.684584 0.755944
vt 0.685400 0.737884
vt 0.683578 0.764755
vt 0.226914 0.820261
vt 0.223160 0.819629
vt 0.223098 0.806195
vt 0.226914 0.807061
vt 0.218452 0.813983
vt 0.218222 0.800359
vt 0.214106 0.800968
vt 0.214467 0.791552
vt 0.602570 0.258385
vt 0.603255 0.257714
vt 0.619962 0.253514
vt 0.619912 0.256176
vt 0.603305 0.255370
vt 0.620007 0.252116
vt 0.635969 0.256484
vt 0.636613 0.259598
vt 0.586935 0.257838
vt 0.586954 0.255589
vt 0.603325 0.252725
vt 0.620024 0.251770
vt 0.635192 0.251513
vt 0.651609 0.256451
vt 0.652923 0.259549
vt 0.573356 0.256629
vt 0.575313 0.253155
vt 0.586958 0.252868
vt 0.603886 0.248884
vt 0.620024 0.249816
vt 0.649414 0.252093
vt 0.669067 0.254821
vt 0.673276 0.256406
vt 0.554880 0.254170
vt 0.560757 0.250213
vt 0.588056 0.248875
vt 0.636722 0.249816
vt 0.636161 0.251770
vt 0.545513 0.252229
vt 0.545218 0.246836
vt 0.586919 0.246603
vt 0.602970 0.246050
vt 0.653097 0.249802
vt 0.651958 0.251752
vt 0.537691 0.250879
vt 0.536188 0.244638
vt 0.549761 0.243842
vt 0.563964 0.246975
vt 0.572953 0.248835
vt 0.571099 0.246581
vt 0.664813 0.247463
vt 0.663577 0.249619
vt 0.537086 0.254462
vt 0.530355 0.246999
vt 0.559970 0.245747
vt 0.554003 0.243705
vt 0.571023 0.243155
vt 0.586900 0.243164
vt 0.672398 0.244691
vt 0.676621 0.249495
vt 0.663857 0.252416
vt 0.529242 0.242484
vt 0.537688 0.242294
vt 0.553408 0.242203
vt 0.570985 0.239542
vt 0.586891 0.239544
vt 0.664888 0.244324
vt 0.675648 0.243005
vt 0.683953 0.244866
vt 0.688477 0.249796
vt 0.680874 0.254257
vt 0.528242 0.250706
vt 0.521944 0.243995
vt 0.555870 0.239538
vt 0.570972 0.235805
vt 0.586888 0.235805
vt 0.601490 0.237075
vt 0.601726 0.240999
vt 0.689223 0.242531
vt 0.694612 0.245401
vt 0.697469 0.251391
vt 0.693403 0.254990
vt 0.684800 0.256535
vt 0.538922 0.242186
vt 0.541813 0.239531
vt 0.555839 0.235805
vt 0.601483 0.233479
vt 0.619979 0.239861
vt 0.619968 0.243564
vt 0.699986 0.243034
vt 0.701883 0.247916
vt 0.702546 0.254682
vt 0.699183 0.257760
vt 0.694302 0.259069
vt 0.530666 0.241491
vt 0.529629 0.239929
vt 0.541749 0.235805
vt 0.555839 0.232005
vt 0.570972 0.232005
vt 0.619976 0.235126
vt 0.708937 0.246910
vt 0.700394 0.261117
vt 0.525236 0.240734
vt 0.522955 0.239009
vt 0.530094 0.236416
vt 0.531053 0.242084
vt 0.537970 0.242991
vt 0.538339 0.230996
vt 0.555839 0.228205
vt 0.570947 0.228367
vt 0.602541 0.231391
vt 0.619999 0.232172
vt 0.637428 0.234789
vt 0.636722 0.239545
vt 0.517655 0.236302
vt 0.526699 0.231829
vt 0.534943 0.226244
vt 0.558822 0.223392
vt 0.573216 0.223642
vt 0.653160 0.235805
vt 0.653157 0.239544
vt 0.513227 0.231523
vt 0.517114 0.225585
vt 0.539358 0.221663
vt 0.560483 0.215916
vt 0.572291 0.217815
vt 0.588346 0.223915
vt 0.589581 0.226817
vt 0.636722 0.232005
vt 0.654604 0.230996
vt 0.504410 0.225780
vt 0.513653 0.220807
vt 0.538952 0.217157
vt 0.560298 0.213674
vt 0.571880 0.215378
vt 0.585955 0.220480
vt 0.603281 0.224722
vt 0.603281 0.228522
vt 0.636722 0.228205
vt 0.654604 0.227235
vt 0.517474 0.218304
vt 0.544758 0.214019
vt 0.554457 0.210783
vt 0.570972 0.213007
vt 0.620024 0.224406
vt 0.620024 0.228205
vt 0.588388 0.231164
vt 0.636722 0.224406
vt 0.651879 0.225098
vt 0.669076 0.228205
vt 0.666796 0.230908
vt 0.548064 0.214155
vt 0.553042 0.208428
vt 0.570972 0.209207
vt 0.586888 0.213007
vt 0.585427 0.216053
vt 0.603301 0.220773
vt 0.620024 0.220606
vt 0.635945 0.219635
vt 0.649094 0.222953
vt 0.679083 0.226657
vt 0.681188 0.231146
vt 0.586888 0.209207
vt 0.603325 0.213007
vt 0.603325 0.216806
vt 0.620024 0.216806
vt 0.635897 0.215903
vt 0.647142 0.220217
vt 0.687039 0.225218
vt 0.694568 0.231454
vt 0.570947 0.205569
vt 0.588428 0.204601
vt 0.603325 0.209207
vt 0.620024 0.213007
vt 0.636446 0.213156
vt 0.644457 0.216217
vt 0.702580 0.226679
vt 0.706746 0.231493
vt 0.684152 0.236201
vt 0.698214 0.236329
vt 0.573252 0.200843
vt 0.589812 0.200148
vt 0.603325 0.205407
vt 0.620024 0.208428
vt 0.636573 0.209288
vt 0.643532 0.212971
vt 0.710907 0.236429
vt 0.574778 0.196596
vt 0.589812 0.196428
vt 0.603325 0.201607
vt 0.620024 0.204667
vt 0.636347 0.205610
vt 0.643750 0.210778
vt 0.698181 0.239890
vt 0.710880 0.240099
vt 0.555839 0.201607
vt 0.555839 0.197808
vt 0.574052 0.191610
vt 0.589812 0.192707
vt 0.603325 0.197808
vt 0.620024 0.201607
vt 0.544693 0.202667
vt 0.541770 0.197815
vt 0.554955 0.192730
vt 0.577139 0.186923
vt 0.590852 0.188545
vt 0.603325 0.194008
vt 0.619999 0.197970
vt 0.542248 0.206390
vt 0.532152 0.198956
vt 0.562527 0.188968
vt 0.574819 0.183616
vt 0.592830 0.184057
vt 0.604102 0.189569
vt 0.620024 0.194008
vt 0.636698 0.197975
vt 0.636340 0.201963
vt 0.537364 0.208842
vt 0.521558 0.197686
vt 0.538303 0.193603
vt 0.545361 0.189750
vt 0.571583 0.181640
vt 0.590732 0.181207
vt 0.604807 0.185433
vt 0.620024 0.190208
vt 0.649617 0.200110
vt 0.645436 0.206165
vt 0.525774 0.208348
vt 0.508978 0.197329
vt 0.544120 0.215053
vt 0.546407 0.209895
vt 0.565022 0.184543
vt 0.558822 0.182053
vt 0.605317 0.181388
vt 0.636722 0.190208
vt 0.636722 0.194008
vt 0.661057 0.200577
vt 0.653790 0.206674
vt 0.534695 0.215193
vt 0.545156 0.217209
vt 0.547948 0.214413
vt 0.546609 0.185609
vt 0.549429 0.181427
vt 0.553436 0.178404
vt 0.570956 0.178911
vt 0.653129 0.190438
vt 0.652850 0.194458
vt 0.668212 0.194847
vt 0.531901 0.219209
vt 0.545803 0.218096
vt 0.524961 0.186095
vt 0.533197 0.182053
vt 0.544473 0.177628
vt 0.555839 0.175010
vt 0.570934 0.175283
vt 0.636697 0.186571
vt 0.650846 0.186230
vt 0.537364 0.177782
vt 0.544155 0.173881
vt 0.517709 0.182879
vt 0.522497 0.178559
vt 0.530529 0.174057
vt 0.501725 0.182503
vt 0.498246 0.178448
vt 0.513282 0.174924
vt 0.525609 0.169983
vt 0.547232 0.170558
vt 0.495683 0.174479
vt 0.498099 0.185832
vt 0.513209 0.186330
vt 0.505511 0.170563
vt 0.519069 0.166760
vt 0.546609 0.166889
vt 0.490500 0.170291
vt 0.501725 0.190003
vt 0.517655 0.190727
vt 0.500262 0.166438
vt 0.523120 0.164893
vt 0.543485 0.162838
vt 0.495387 0.166293
vt 0.504986 0.164502
vt 0.524710 0.160342
vt 0.544028 0.159069
vt 0.555839 0.159811
vt 0.553021 0.163431
vt 0.539358 0.155297
vt 0.558822 0.155747
vt 0.573252 0.155747
vt 0.570972 0.159811
vt 0.558797 0.152146
vt 0.573252 0.151989
vt 0.589812 0.155506
vt 0.589666 0.159256
vt 0.555799 0.148673
vt 0.570972 0.148412
vt 0.589812 0.151786
vt 0.603325 0.156011
vt 0.604102 0.159505
vt 0.555812 0.144800
vt 0.570972 0.144612
vt 0.589666 0.148083
vt 0.603325 0.152211
vt 0.620024 0.156011
vt 0.620024 0.159811
vt 0.588428 0.144473
vt 0.602598 0.148245
vt 0.620024 0.152007
vt 0.635920 0.155931
vt 0.636678 0.160126
vt 0.570972 0.140812
vt 0.586888 0.140812
vt 0.601761 0.144333
vt 0.620024 0.147984
vt 0.636583 0.151803
vt 0.570972 0.137013
vt 0.586888 0.137013
vt 0.602598 0.140723
vt 0.620024 0.144283
vt 0.636722 0.148412
vt 0.556209 0.141863
vt 0.558773 0.138069
vt 0.570947 0.133375
vt 0.586888 0.133213
vt 0.603325 0.137013
vt 0.620024 0.140719
vt 0.636722 0.144612
vt 0.653105 0.148441
vt 0.651502 0.152052
vt 0.568834 0.129438
vt 0.586888 0.129413
vt 0.603325 0.133213
vt 0.620024 0.136957
vt 0.636697 0.140975
vt 0.653135 0.144774
vt 0.665047 0.150765
vt 0.665855 0.154207
vt 0.570972 0.125613
vt 0.586888 0.125613
vt 0.603325 0.129413
vt 0.620024 0.133213
vt 0.635946 0.136957
vt 0.651502 0.140779
vt 0.653132 0.156207
vt 0.665855 0.158006
vt 0.554334 0.129903
vt 0.555839 0.125613
vt 0.570972 0.121814
vt 0.585444 0.121915
vt 0.603325 0.125613
vt 0.620024 0.129413
vt 0.636722 0.133213
vt 0.652776 0.137220
vt 0.547650 0.132791
vt 0.543886 0.126383
vt 0.555839 0.121814
vt 0.568834 0.118154
vt 0.583328 0.118366
vt 0.602598 0.121915
vt 0.620024 0.125677
vt 0.636722 0.129413
vt 0.653105 0.133242
vt 0.659430 0.142228
vt 0.660035 0.146767
vt 0.544930 0.122959
vt 0.558802 0.118287
vt 0.568320 0.114436
vt 0.583328 0.114662
vt 0.603325 0.118014
vt 0.620024 0.121915
vt 0.636722 0.125613
vt 0.651620 0.129440
vt 0.662345 0.136853
vt 0.667967 0.145796
vt 0.667967 0.149595
vt 0.560805 0.114610
vt 0.570707 0.110919
vt 0.585258 0.111152
vt 0.603325 0.114214
vt 0.620024 0.118014
vt 0.636722 0.121814
vt 0.651620 0.125682
vt 0.669220 0.130516
vt 0.672131 0.139744
vt 0.682056 0.145796
vt 0.682056 0.149595
vt 0.563390 0.111139
vt 0.571188 0.107332
vt 0.583328 0.107256
vt 0.604102 0.110650
vt 0.620000 0.114552
vt 0.637450 0.118154
vt 0.653160 0.121814
vt 0.668656 0.125840
vt 0.680354 0.131498
vt 0.682993 0.139508
vt 0.693164 0.144447
vt 0.699904 0.146857
vt 0.556774 0.118508
vt 0.553395 0.113173
vt 0.571959 0.103171
vt 0.583484 0.103519
vt 0.603325 0.106615
vt 0.620024 0.110650
vt 0.654604 0.118154
vt 0.665625 0.123680
vt 0.680334 0.127709
vt 0.688678 0.131692
vt 0.693725 0.139207
vt 0.711391 0.140478
vt 0.718961 0.142760
vt 0.685633 0.151115
vt 0.703126 0.148915
vt 0.571070 0.099051
vt 0.585444 0.099347
vt 0.603325 0.102815
vt 0.620024 0.106615
vt 0.637361 0.114536
vt 0.653160 0.114214
vt 0.663749 0.121030
vt 0.677213 0.125744
vt 0.687816 0.130146
vt 0.689480 0.133661
vt 0.697671 0.138742
vt 0.718236 0.139139
vt 0.729927 0.141105
vt 0.720489 0.145733
vt 0.684843 0.154533
vt 0.709587 0.151351
vt 0.570972 0.095216
vt 0.586888 0.095216
vt 0.602598 0.099347
vt 0.620024 0.102815
vt 0.636722 0.106615
vt 0.635946 0.110650
vt 0.651620 0.110650
vt 0.664751 0.115514
vt 0.737137 0.137465
vt 0.732344 0.141202
vt 0.735982 0.145016
vt 0.672131 0.154943
vt 0.674911 0.151024
vt 0.682648 0.160508
vt 0.715516 0.153030
vt 0.565260 0.102408
vt 0.560298 0.096821
vt 0.570972 0.091416
vt 0.586888 0.091416
vt 0.602598 0.095586
vt 0.620024 0.099376
vt 0.636722 0.102815
vt 0.653160 0.106615
vt 0.668781 0.110727
vt 0.674935 0.117995
vt 0.670602 0.124024
vt 0.708501 0.136487
vt 0.738072 0.133729
vt 0.744375 0.137598
vt 0.744375 0.141397
vt 0.726674 0.148633
vt 0.740276 0.148693
vt 0.667967 0.160994
vt 0.685467 0.164551
vt 0.695028 0.163211
vt 0.555957 0.091459
vt 0.570972 0.087616
vt 0.586888 0.087616
vt 0.603325 0.091416
vt 0.620024 0.096004
vt 0.635929 0.099493
vt 0.654604 0.103108
vt 0.668382 0.106990
vt 0.676512 0.116306
vt 0.730151 0.151929
vt 0.746052 0.152172
vt 0.667967 0.164794
vt 0.725401 0.155924
vt 0.554820 0.103120
vt 0.542480 0.094955
vt 0.555839 0.087616
vt 0.570972 0.083816
vt 0.586888 0.083816
vt 0.603325 0.087616
vt 0.620024 0.092286
vt 0.634333 0.096472
vt 0.665251 0.104883
vt 0.679430 0.109199
vt 0.689907 0.117013
vt 0.678418 0.123191
vt 0.737132 0.156319
vt 0.545565 0.106665
vt 0.535928 0.099716
vt 0.535585 0.088750
vt 0.558822 0.084344
vt 0.570972 0.080017
vt 0.586888 0.080017
vt 0.603325 0.083816
vt 0.620024 0.088568
vt 0.633785 0.093660
vt 0.650358 0.096105
vt 0.652780 0.099793
vt 0.663139 0.101354
vt 0.691964 0.110040
vt 0.696805 0.119878
vt 0.695434 0.123492
vt 0.712051 0.161772
vt 0.726345 0.160092
vt 0.530852 0.090171
vt 0.540872 0.109775
vt 0.561341 0.109191
vt 0.540472 0.085644
vt 0.556208 0.081093
vt 0.570972 0.076217
vt 0.586888 0.076217
vt 0.604102 0.080586
vt 0.620024 0.085224
vt 0.634493 0.090599
vt 0.699074 0.112457
vt 0.706060 0.119198
vt 0.706060 0.122997
vt 0.716929 0.163692
vt 0.731591 0.164195
vt 0.527834 0.099709
vt 0.529879 0.094219
vt 0.540074 0.113494
vt 0.567556 0.113018
vt 0.554046 0.077140
vt 0.570972 0.072418
vt 0.588428 0.073070
vt 0.604799 0.077384
vt 0.620024 0.081520
vt 0.635034 0.086968
vt 0.650382 0.088497
vt 0.650382 0.092221
vt 0.718340 0.117752
vt 0.715421 0.123130
vt 0.692035 0.127316
vt 0.701306 0.126949
vt 0.717059 0.167438
vt 0.731591 0.167995
vt 0.524535 0.099749
vt 0.520543 0.094500
vt 0.524573 0.086432
vt 0.537055 0.086730
vt 0.533228 0.112403
vt 0.538166 0.108988
vt 0.555839 0.072418
vt 0.570972 0.068618
vt 0.588428 0.069312
vt 0.605323 0.074114
vt 0.620024 0.078657
vt 0.636065 0.082575
vt 0.650382 0.084773
vt 0.668943 0.087689
vt 0.667526 0.092254
vt 0.729085 0.119973
vt 0.721620 0.123648
vt 0.710262 0.126949
vt 0.686203 0.130261
vt 0.691427 0.130942
vt 0.717414 0.171362
vt 0.736457 0.171399
vt 0.515675 0.089908
vt 0.526925 0.111735
vt 0.534721 0.108626
vt 0.555839 0.068618
vt 0.570972 0.064818
vt 0.586888 0.064818
vt 0.604102 0.069312
vt 0.620024 0.074141
vt 0.636091 0.078084
vt 0.653289 0.081215
vt 0.669076 0.083817
vt 0.726828 0.112434
vt 0.732068 0.113883
vt 0.686628 0.131706
vt 0.687458 0.133390
vt 0.710230 0.172087
vt 0.711006 0.167746
vt 0.728579 0.174969
vt 0.742872 0.175732
vt 0.525195 0.111863
vt 0.524400 0.107796
vt 0.555545 0.066395
vt 0.570972 0.061018
vt 0.586863 0.061181
vt 0.603325 0.064818
vt 0.620024 0.069312
vt 0.635946 0.073070
vt 0.653160 0.076217
vt 0.669051 0.080179
vt 0.680688 0.085720
vt 0.677264 0.091372
vt 0.699476 0.130942
vt 0.692711 0.134706
vt 0.696064 0.174089
vt 0.697213 0.168148
vt 0.705538 0.177199
vt 0.532874 0.105511
vt 0.534688 0.105025
vt 0.563220 0.063676
vt 0.603325 0.061018
vt 0.620024 0.064818
vt 0.653142 0.072541
vt 0.669051 0.076384
vt 0.703043 0.131083
vt 0.702803 0.134805
vt 0.681631 0.173720
vt 0.683896 0.167711
vt 0.692874 0.179422
vt 0.715732 0.177860
vt 0.736642 0.177874
vt 0.586844 0.057526
vt 0.603325 0.057219
vt 0.620024 0.061018
vt 0.636679 0.065128
vt 0.636690 0.068844
vt 0.654604 0.069256
vt 0.669076 0.072418
vt 0.681225 0.076828
vt 0.684074 0.080090
vt 0.666341 0.172689
vt 0.669076 0.167410
vt 0.678200 0.180613
vt 0.680481 0.185544
vt 0.715771 0.181303
vt 0.739005 0.181673
vt 0.586844 0.053726
vt 0.603325 0.053419
vt 0.620024 0.057219
vt 0.653160 0.064818
vt 0.671213 0.069256
vt 0.681225 0.073070
vt 0.690576 0.077539
vt 0.690692 0.082025
vt 0.651620 0.170779
vt 0.653160 0.167410
vt 0.660862 0.179451
vt 0.667275 0.186677
vt 0.671120 0.189013
vt 0.620024 0.053419
vt 0.637450 0.057971
vt 0.636706 0.061132
vt 0.670631 0.065308
vt 0.688181 0.069528
vt 0.693312 0.073970
vt 0.699204 0.081226
vt 0.702639 0.082732
vt 0.684217 0.089263
vt 0.651593 0.174551
vt 0.658342 0.184614
vt 0.662987 0.190460
vt 0.677091 0.193268
vt 0.696295 0.190090
vt 0.603300 0.049781
vt 0.620024 0.050521
vt 0.637180 0.053914
vt 0.650236 0.058783
vt 0.651620 0.061796
vt 0.666796 0.061796
vt 0.686978 0.065677
vt 0.697554 0.069139
vt 0.695578 0.090301
vt 0.664983 0.194594
vt 0.682808 0.194654
vt 0.686621 0.194454
vt 0.604022 0.047006
vt 0.620013 0.048371
vt 0.635946 0.050521
vt 0.651502 0.055807
vt 0.665270 0.058592
vt 0.702720 0.073570
vt 0.703439 0.077012
vt 0.710111 0.087125
vt 0.705966 0.093153
vt 0.680257 0.095142
vt 0.686416 0.097494
vt 0.728789 0.185913
vt 0.719480 0.192356
vt 0.684632 0.198750
vt 0.690576 0.202286
vt 0.586825 0.050016
vt 0.585328 0.047059
vt 0.604681 0.044175
vt 0.619947 0.044802
vt 0.634725 0.048275
vt 0.651780 0.053469
vt 0.665270 0.054862
vt 0.684152 0.057613
vt 0.684160 0.061356
vt 0.721153 0.086246
vt 0.720216 0.093662
vt 0.677703 0.100259
vt 0.679596 0.101827
vt 0.744755 0.188215
vt 0.740128 0.194302
vt 0.700318 0.201324
vt 0.680403 0.197235
vt 0.675990 0.195628
vt 0.686220 0.204339
vt 0.694841 0.206591
vt 0.570894 0.050066
vt 0.568719 0.047085
vt 0.585880 0.042886
vt 0.653700 0.048068
vt 0.669401 0.051661
vt 0.684143 0.053751
vt 0.697132 0.058360
vt 0.697650 0.061874
vt 0.724991 0.088428
vt 0.731670 0.091808
vt 0.744112 0.184924
vt 0.673636 0.202778
vt 0.682056 0.210391
vt 0.698792 0.208254
vt 0.570831 0.042345
vt 0.570921 0.053790
vt 0.588287 0.039573
vt 0.605182 0.041216
vt 0.675162 0.048619
vt 0.686892 0.050760
vt 0.696417 0.054833
vt 0.668963 0.207755
vt 0.704957 0.205465
vt 0.713511 0.209287
vt 0.682056 0.214190
vt 0.700137 0.211476
vt 0.556673 0.047857
vt 0.560204 0.043907
vt 0.573111 0.039573
vt 0.586746 0.034746
vt 0.603960 0.035814
vt 0.691125 0.048377
vt 0.697959 0.050092
vt 0.670142 0.211065
vt 0.716844 0.204019
vt 0.716700 0.208991
vt 0.538247 0.047233
vt 0.541629 0.042497
vt 0.558681 0.039572
vt 0.567461 0.036306
vt 0.586746 0.030946
vt 0.603184 0.030946
vt 0.619883 0.034746
vt 0.619885 0.039566
vt 0.671104 0.043178
vt 0.685942 0.042950
vt 0.696807 0.047828
vt 0.663506 0.215381
vt 0.682749 0.215574
vt 0.726548 0.200434
vt 0.713796 0.212912
vt 0.716319 0.212748
vt 0.519986 0.048332
vt 0.522777 0.044003
vt 0.541618 0.038613
vt 0.551206 0.036336
vt 0.565792 0.033395
vt 0.586746 0.027146
vt 0.603184 0.027146
vt 0.619883 0.030946
vt 0.637309 0.035728
vt 0.636584 0.038538
vt 0.668944 0.038612
vt 0.681084 0.039573
vt 0.698743 0.046757
vt 0.660850 0.219648
vt 0.684860 0.216455
vt 0.738846 0.201366
vt 0.725154 0.205372
vt 0.513187 0.047263
vt 0.517640 0.042605
vt 0.522775 0.040246
vt 0.538203 0.035766
vt 0.546032 0.034591
vt 0.565792 0.029687
vt 0.585302 0.024444
vt 0.602456 0.024444
vt 0.619883 0.027146
vt 0.636581 0.030946
vt 0.653019 0.034746
vt 0.653033 0.038601
vt 0.635898 0.043279
vt 0.653099 0.042351
vt 0.668935 0.034746
vt 0.679094 0.036580
vt 0.662987 0.224029
vt 0.679050 0.221185
vt 0.519969 0.037217
vt 0.531486 0.034160
vt 0.544369 0.031616
vt 0.564647 0.026601
vt 0.619883 0.024444
vt 0.636581 0.027146
vt 0.653019 0.030946
vt 0.668935 0.030946
vt 0.679088 0.032808
vt 0.667673 0.225544
vt 0.670727 0.224720
vt 0.517640 0.038802
vt 0.513336 0.036043
vt 0.519966 0.033486
vt 0.528415 0.031526
vt 0.544369 0.027978
vt 0.562648 0.024062
vt 0.582455 0.023011
vt 0.601022 0.023011
vt 0.619883 0.020682
vt 0.637309 0.024444
vt 0.653019 0.027146
vt 0.668935 0.027146
vt 0.679088 0.029078
vt 0.657659 0.227041
vt 0.652833 0.225589
vt 0.513360 0.032288
vt 0.524035 0.031025
vt 0.532099 0.029201
vt 0.544369 0.024339
vt 0.562173 0.020701
vt 0.580910 0.020691
vt 0.602246 0.019862
vt 0.619883 0.015747
vt 0.637309 0.020682
vt 0.654463 0.024444
vt 0.671072 0.024444
vt 0.684843 0.026078
vt 0.517637 0.027383
vt 0.524236 0.027770
vt 0.528415 0.024235
vt 0.544378 0.020763
vt 0.562197 0.017183
vt 0.580902 0.017121
vt 0.601350 0.015121
vt 0.619883 0.012007
vt 0.636581 0.015747
vt 0.657310 0.023011
vt 0.673633 0.022082
vt 0.684068 0.019547
vt 0.694519 0.024540
vt 0.686958 0.030744
vt 0.517637 0.023583
vt 0.524004 0.023703
vt 0.528422 0.020635
vt 0.544431 0.017300
vt 0.562258 0.013843
vt 0.580921 0.013712
vt 0.601359 0.011652
vt 0.619891 0.008447
vt 0.636581 0.012007
vt 0.656579 0.018697
vt 0.673148 0.018090
vt 0.684068 0.015747
vt 0.697931 0.019669
vt 0.704498 0.025736
vt 0.701772 0.029864
vt 0.517640 0.019801
vt 0.522775 0.017809
vt 0.528115 0.017287
vt 0.544552 0.013918
vt 0.562356 0.010621
vt 0.580959 0.010535
vt 0.636590 0.008447
vt 0.654600 0.016001
vt 0.670970 0.015821
vt 0.681328 0.013249
vt 0.697337 0.016262
vt 0.684953 0.036118
vt 0.694266 0.036096
vt 0.517640 0.016007
vt 0.520175 0.015018
vt 0.531593 0.015020
vt 0.544779 0.010685
vt 0.562508 0.007601
vt 0.581008 0.007551
vt 0.653665 0.011390
vt 0.669880 0.011392
vt 0.688329 0.010512
vt 0.697936 0.012260
vt 0.515553 0.013210
vt 0.528576 0.010754
vt 0.545152 0.007684
vt 0.601098 0.005905
vt 0.601375 0.008415
vt 0.636607 0.005124
vt 0.653020 0.005182
vt 0.701000 0.009788
vt 0.513510 0.013458
vt 0.505772 0.012345
vt 0.513993 0.010830
vt 0.529322 0.007822
vt 0.619917 0.003004
vt 0.619908 0.005124
vt 0.636617 0.001992
vt 0.652992 0.002010
vt 0.689782 0.008039
vt 0.706321 0.008979
vt 0.707529 0.014148
vt 0.708065 0.016929
vt 0.501697 0.010756
vt 0.515197 0.007974
vt 0.668717 0.002053
vt 0.668844 0.005230
vt 0.689317 0.004954
vt 0.705412 0.008655
vt 0.503073 0.008060
vt 0.654611 0.717393
vt 0.650580 0.726641
vt 0.647723 0.722751
vt 0.652005 0.712677
vt 0.655739 0.730250
vt 0.654671 0.733613
vt 0.646999 0.717709
vt 0.650626 0.708692
vt 0.647552 0.710874
vt 0.649595 0.704533
vt 0.652610 0.703639
vt 0.653786 0.695247
vt 0.650644 0.699366
vt 0.656825 0.684104
vt 0.865894 0.901689
vt 0.862473 0.901692
vt 0.861364 0.886567
vt 0.865887 0.885283
vt 0.861195 0.871453
vt 0.863480 0.873504
vt 0.858700 0.885235
vt 0.858782 0.869342
vt 0.608142 0.705163
vt 0.605908 0.706269
vt 0.606532 0.684243
vt 0.610324 0.684311
vt 0.611561 0.726877
vt 0.611117 0.730556
vt 0.602668 0.694574
vt 0.602819 0.681259
vt 0.613076 0.698703
vt 0.615396 0.686178
vt 0.466050 0.825084
vt 0.462381 0.825103
vt 0.463222 0.809915
vt 0.467021 0.809915
vt 0.466036 0.840237
vt 0.462444 0.840274
vt 0.027272 0.866565
vt 0.023577 0.866583
vt 0.022860 0.847887
vt 0.026685 0.847920
vt 0.866832 0.985638
vt 0.860130 0.997623
vt 0.856658 0.993312
vt 0.865595 0.982005
vt 0.633837 0.793464
vt 0.630493 0.803069
vt 0.630486 0.794753
vt 0.633436 0.789879
vt 0.633948 0.801103
vt 0.629180 0.815761
vt 0.637442 0.788583
vt 0.637578 0.785163
vt 0.626636 0.807071
vt 0.627083 0.805454
vt 0.628246 0.825057
vt 0.625293 0.810920
vt 0.627825 0.824755
vt 0.622410 0.824706
vt 0.529454 0.948468
vt 0.525502 0.943913
vt 0.525802 0.926896
vt 0.529626 0.930295
vt 0.618940 0.883265
vt 0.612675 0.873445
vt 0.613864 0.872493
vt 0.617236 0.865999
vt 0.617259 0.893753
vt 0.613997 0.897415
vt 0.529497 0.521969
vt 0.526349 0.520734
vt 0.526609 0.514986
vt 0.529018 0.518035
vt 0.533048 0.554984
vt 0.529346 0.555659
vt 0.525376 0.535776
vt 0.525473 0.518791
vt 0.525903 0.505679
vt 0.531038 0.514149
vt 0.532399 0.564449
vt 0.528388 0.561738
vt 0.525609 0.558716
vt 0.523606 0.502086
vt 0.521566 0.522277
vt 0.521092 0.509392
vt 0.309118 0.820211
vt 0.306586 0.829000
vt 0.305826 0.811539
vt 0.309379 0.810313
vt 0.309256 0.831186
vt 0.305976 0.834907
vt 0.303525 0.833015
vt 0.302095 0.811539
vt 0.297981 0.839474
vt 0.296861 0.819620
vt 0.293472 0.838796
vt 0.292963 0.821445
vt 0.097540 0.681833
vt 0.093934 0.681987
vt 0.092702 0.662022
vt 0.095917 0.659938
vt 0.093838 0.705893
vt 0.091092 0.703361
vt 0.348130 0.721910
vt 0.343537 0.718206
vt 0.342573 0.701587
vt 0.346628 0.710358
vt 0.338034 0.726445
vt 0.336801 0.711192
vt 0.333559 0.690486
vt 0.341133 0.690822
vt 0.329767 0.711894
vt 0.329601 0.697210
vt 0.335827 0.686517
vt 0.339528 0.681665
vt 0.800681 0.996869
vt 0.797895 0.981736
vt 0.801562 0.983740
vt 0.804233 0.997205
vt 0.324275 0.925145
vt 0.335230 0.920067
vt 0.335203 0.923680
vt 0.324229 0.928766
vt 0.334560 0.927223
vt 0.324496 0.931813
vt 0.844856 0.992603
vt 0.846332 0.986252
vt 0.850699 0.981766
vt 0.848946 0.997374
vt 0.059534 0.893749
vt 0.057019 0.875456
vt 0.062164 0.877943
vt 0.061089 0.889694
vt 0.068216 0.882108
vt 0.067025 0.893748
vt 0.432259 0.764452
vt 0.431533 0.749607
vt 0.431691 0.745280
vt 0.437147 0.764711
vt 0.428945 0.768603
vt 0.428513 0.754918
vt 0.437077 0.741445
vt 0.441107 0.767840
vt 0.423766 0.737406
vt 0.425269 0.730480
vt 0.446485 0.756516
vt 0.444813 0.767861
vt 0.480854 0.948081
vt 0.474568 0.926883
vt 0.478293 0.926864
vt 0.484654 0.948081
vt 0.482335 0.930511
vt 0.485702 0.938371
vt 0.341189 0.932098
vt 0.341384 0.920067
vt 0.345184 0.920067
vt 0.344976 0.931085
vt 0.065841 0.572441
vt 0.062693 0.548387
vt 0.066949 0.539916
vt 0.069037 0.571465
vt 0.064053 0.579705
vt 0.058912 0.561485
vt 0.070645 0.539916
vt 0.071276 0.568718
vt 0.072777 0.599587
vt 0.074335 0.595774
vt 0.068960 0.597013
vt 0.074566 0.547761
vt 0.074941 0.565655
vt 0.076281 0.592680
vt 0.079027 0.587168
vt 0.079554 0.566332
vt 0.083148 0.579515
vt 0.487512 0.892570
vt 0.482083 0.880400
vt 0.486655 0.870203
vt 0.492305 0.889353
vt 0.482490 0.891353
vt 0.476868 0.886158
vt 0.477709 0.871523
vt 0.482578 0.861847
vt 0.472980 0.878178
vt 0.383664 0.839066
vt 0.377030 0.817868
vt 0.380850 0.817905
vt 0.387394 0.839066
vt 0.378826 0.840101
vt 0.373629 0.823021
vt 0.384328 0.819799
vt 0.388947 0.835437
vt 0.370591 0.812203
vt 0.373390 0.810353
vt 0.923734 0.842071
vt 0.924884 0.860774
vt 0.922392 0.852584
vt 0.920195 0.843281
vt 0.928402 0.832044
vt 0.926441 0.864775
vt 0.932791 0.835591
vt 0.929015 0.862626
vt 0.781348 0.857515
vt 0.777559 0.835838
vt 0.782675 0.843077
vt 0.786342 0.863603
vt 0.777057 0.848727
vt 0.773896 0.830473
vt 0.775627 0.845094
vt 0.772546 0.831642
vt 0.965771 0.998008
vt 0.962496 0.990603
vt 0.965071 0.982004
vt 0.969320 0.992065
vt 0.614851 0.794581
vt 0.616451 0.799878
vt 0.613853 0.805527
vt 0.611958 0.790610
vt 0.609509 0.800672
vt 0.607516 0.785163
vt 0.613867 0.810558
vt 0.612905 0.824179
vt 0.608981 0.820963
vt 0.606004 0.800275
vt 0.603416 0.808948
vt 0.603627 0.805142
vt 0.134057 0.712322
vt 0.135998 0.728139
vt 0.131604 0.722855
vt 0.130254 0.712113
vt 0.136948 0.716895
vt 0.137867 0.725341
vt 0.127092 0.728418
vt 0.126290 0.720551
vt 0.134328 0.728324
vt 0.130271 0.732840
vt 0.135273 0.730598
vt 0.133455 0.742961
vt 0.130513 0.746903
vt 0.127124 0.738723
vt 0.127178 0.748623
vt 0.126269 0.742109
vt 0.112702 0.681145
vt 0.115064 0.705632
vt 0.111467 0.703817
vt 0.108499 0.674909
vt 0.115422 0.673232
vt 0.117894 0.701169
vt 0.107430 0.701079
vt 0.104342 0.678825
vt 0.119701 0.676689
vt 0.121851 0.702626
vt 0.123358 0.674262
vt 0.124869 0.692038
vt 0.117916 0.660031
vt 0.113779 0.667234
vt 0.122142 0.665877
vt 0.240832 0.814141
vt 0.241947 0.818318
vt 0.237953 0.823359
vt 0.237204 0.815943
vt 0.244242 0.800608
vt 0.245472 0.808777
vt 0.233822 0.823160
vt 0.232873 0.818793
vt 0.247531 0.796387
vt 0.248639 0.806455
vt 0.246237 0.818997
vt 0.242533 0.825503
vt 0.131094 0.791601
vt 0.132509 0.803182
vt 0.128712 0.810120
vt 0.127307 0.798803
vt 0.134787 0.793962
vt 0.135676 0.800860
vt 0.133274 0.813402
vt 0.129450 0.819908
vt 0.044487 0.852415
vt 0.046798 0.871135
vt 0.042998 0.871135
vt 0.040748 0.852427
vt 0.049075 0.858078
vt 0.050036 0.865541
vt 0.039198 0.871135
vt 0.037009 0.852439
vt 0.034080 0.861048
vt 0.033231 0.854141
vt 0.727730 0.805402
vt 0.726052 0.825615
vt 0.722902 0.822384
vt 0.724185 0.805724
vt 0.731257 0.805002
vt 0.729545 0.825615
vt 0.734841 0.805002
vt 0.733050 0.825520
vt 0.731526 0.788582
vt 0.729364 0.798678
vt 0.738426 0.805002
vt 0.737951 0.814741
vt 0.734533 0.784612
vt 0.738168 0.784595
vt 0.741803 0.784577
vt 0.742011 0.805002
vt 0.745391 0.795809
vt 0.744364 0.807716
vt 0.831557 0.878447
vt 0.829206 0.888217
vt 0.826533 0.884568
vt 0.826649 0.871559
vt 0.823640 0.876230
vt 0.822617 0.869342
vt 0.826664 0.901405
vt 0.823691 0.897166
vt 0.820065 0.891090
vt 0.819923 0.875843
vt 0.201098 0.856797
vt 0.203486 0.869288
vt 0.200860 0.875063
vt 0.197081 0.855370
vt 0.196409 0.871852
vt 0.194015 0.858864
vt 0.043610 0.744799
vt 0.041720 0.754789
vt 0.035909 0.755528
vt 0.038259 0.747146
vt 0.048089 0.756510
vt 0.046651 0.770293
vt 0.037131 0.767743
vt 0.032411 0.771814
vt 0.043104 0.780394
vt 0.086373 0.739704
vt 0.094355 0.743101
vt 0.091365 0.745880
vt 0.086787 0.741925
vt 0.085394 0.730894
vt 0.092079 0.739498
vt 0.084212 0.717727
vt 0.089404 0.732148
vt 0.085910 0.709770
vt 0.088636 0.717342
vt 0.105628 0.767109
vt 0.104934 0.778241
vt 0.102477 0.773254
vt 0.103280 0.771377
vt 0.108919 0.771255
vt 0.110910 0.785359
vt 0.106494 0.765287
vt 0.103813 0.761862
vt 0.102449 0.763287
vt 0.104290 0.750121
vt 0.472773 0.772179
vt 0.470818 0.790722
vt 0.468100 0.794816
vt 0.468726 0.773677
vt 0.469521 0.805243
vt 0.467735 0.806038
vt 0.464172 0.805381
vt 0.466956 0.783117
vt 0.460237 0.805756
vt 0.465221 0.782871
vt 0.456427 0.805786
vt 0.461690 0.790908
vt 0.597457 0.782454
vt 0.592981 0.807020
vt 0.588309 0.798290
vt 0.594481 0.791668
vt 0.588749 0.819022
vt 0.583895 0.821154
vt 0.922257 0.756726
vt 0.922581 0.769832
vt 0.918879 0.763677
vt 0.921194 0.744778
vt 0.923692 0.778242
vt 0.918879 0.775876
vt 0.916676 0.759147
vt 0.917526 0.749467
vt 0.928416 0.764537
vt 0.929493 0.767548
vt 0.914836 0.776406
vt 0.917526 0.740510
vt 0.921193 0.743081
vt 0.908837 0.782584
vt 0.908953 0.776301
vt 0.362824 0.901769
vt 0.357927 0.916151
vt 0.354209 0.915925
vt 0.359411 0.905797
vt 0.365172 0.898676
vt 0.362520 0.913950
vt 0.898422 0.869135
vt 0.898353 0.881632
vt 0.894553 0.881632
vt 0.894553 0.874326
vt 0.895939 0.901679
vt 0.894941 0.887263
vt 0.075527 0.736658
vt 0.072371 0.738992
vt 0.066198 0.745689
vt 0.072149 0.721772
vt 0.078253 0.725459
vt 0.074424 0.719206
vt 0.077618 0.709769
vt 0.074134 0.720696
vt 0.754998 0.907690
vt 0.750116 0.928116
vt 0.746045 0.922863
vt 0.751006 0.914307
vt 0.756327 0.910287
vt 0.754256 0.927170
vt 0.760552 0.920725
vt 0.759323 0.903154
vt 0.541540 0.953017
vt 0.541229 0.963758
vt 0.537429 0.963758
vt 0.537893 0.952127
vt 0.534037 0.969352
vt 0.534067 0.954060
vt 0.540277 0.787241
vt 0.535999 0.799867
vt 0.530536 0.810030
vt 0.536744 0.782290
vt 0.530559 0.820780
vt 0.526736 0.820845
vt 0.526612 0.810376
vt 0.529721 0.795682
vt 0.537740 0.811130
vt 0.534335 0.820845
vt 0.523184 0.804147
vt 0.528973 0.799178
vt 0.522936 0.820845
vt 0.519176 0.820735
vt 0.520349 0.801584
vt 0.524842 0.793402
vt 0.515372 0.820749
vt 0.217573 0.905799
vt 0.217285 0.912741
vt 0.213583 0.912185
vt 0.214361 0.910976
vt 0.802198 0.904885
vt 0.800112 0.925109
vt 0.798848 0.922097
vt 0.797789 0.910845
vt 0.804072 0.914233
vt 0.802978 0.920221
vt 0.796397 0.929512
vt 0.793368 0.927371
vt 0.773911 0.675377
vt 0.759542 0.670485
vt 0.759296 0.666596
vt 0.772171 0.670950
vt 0.773953 0.679192
vt 0.759548 0.674286
vt 0.759614 0.662911
vt 0.774994 0.668167
vt 0.759493 0.659068
vt 0.775098 0.664405
vt 0.782166 0.673032
vt 0.787874 0.668442
vt 0.766728 0.660539
vt 0.787874 0.664642
vt 0.766707 0.656770
vt 0.787874 0.660842
vt 0.774899 0.652934
vt 0.782166 0.657986
vt 0.760594 0.653160
vt 0.770311 0.649402
vt 0.775098 0.649206
vt 0.787874 0.653242
vt 0.775098 0.645407
vt 0.787874 0.649443
vt 0.781469 0.642834
vt 0.793962 0.646795
vt 0.770313 0.641955
vt 0.765797 0.637460
vt 0.759493 0.632470
vt 0.782107 0.638630
vt 0.759493 0.628670
vt 0.780896 0.634464
vt 0.765400 0.626043
vt 0.782864 0.630788
vt 0.583811 0.948259
vt 0.585168 0.937298
vt 0.590153 0.930718
vt 0.588370 0.952686
vt 0.583730 0.717041
vt 0.586336 0.710545
vt 0.590149 0.708640
vt 0.586026 0.716611
vt 0.587264 0.695785
vt 0.594256 0.691869
vt 0.594348 0.705271
vt 0.590194 0.714365
vt 0.587700 0.681196
vt 0.591810 0.692267
vt 0.595784 0.703128
vt 0.596709 0.701699
vt 0.594524 0.721007
vt 0.588838 0.725250
vt 0.593434 0.730385
vt 0.903266 0.956729
vt 0.905900 0.933945
vt 0.908906 0.942730
vt 0.907378 0.950670
vt 0.898367 0.958083
vt 0.900322 0.935453
vt 0.143799 0.819807
vt 0.142959 0.795993
vt 0.145811 0.791463
vt 0.146675 0.815372
vt 0.141635 0.815932
vt 0.141706 0.798772
vt 0.714068 0.955234
vt 0.716916 0.934472
vt 0.719886 0.932232
vt 0.717598 0.947754
vt 0.722647 0.938569
vt 0.721048 0.949883
vt 0.888273 0.665937
vt 0.890620 0.628486
vt 0.895418 0.631856
vt 0.892457 0.667060
vt 0.884229 0.663540
vt 0.884725 0.643080
vt 0.900631 0.636789
vt 0.897699 0.643386
vt 0.888761 0.681310
vt 0.891657 0.674340
vt 0.556752 0.922333
vt 0.558804 0.908250
vt 0.562604 0.908251
vt 0.560552 0.922333
vt 0.560164 0.897345
vt 0.563964 0.897345
vt 0.565751 0.912228
vt 0.564252 0.922941
vt 0.028673 0.844010
vt 0.030729 0.829726
vt 0.034900 0.828542
vt 0.032846 0.842704
vt 0.024839 0.818873
vt 0.025058 0.816194
vt 0.032034 0.818846
vt 0.036241 0.817639
vt 0.038274 0.826753
vt 0.036775 0.837462
vt 0.325644 0.879237
vt 0.324007 0.887047
vt 0.319315 0.877507
vt 0.321169 0.874323
vt 0.328610 0.894753
vt 0.326883 0.885968
vt 0.936475 0.951483
vt 0.937690 0.933900
vt 0.941367 0.946335
vt 0.940379 0.949403
vt 0.933089 0.949282
vt 0.933048 0.941760
vt 0.935182 0.956051
vt 0.938652 0.958189
vt 0.787187 0.814962
vt 0.787404 0.785433
vt 0.791031 0.785433
vt 0.790732 0.807263
vt 0.783745 0.812889
vt 0.783778 0.785433
vt 0.794658 0.785433
vt 0.794394 0.815047
vt 0.779928 0.807197
vt 0.780151 0.785433
vt 0.797881 0.791460
vt 0.797648 0.818207
vt 0.802036 0.803289
vt 0.801574 0.826596
vt 0.297132 0.601688
vt 0.301077 0.589757
vt 0.304877 0.589757
vt 0.301581 0.596124
vt 0.293635 0.591258
vt 0.296612 0.583614
vt 0.302282 0.578491
vt 0.306082 0.578491
vt 0.308676 0.589757
vt 0.305787 0.598909
vt 0.297789 0.572706
vt 0.309882 0.578491
vt 0.312476 0.589757
vt 0.309440 0.611766
vt 0.313681 0.578491
vt 0.315402 0.583614
vt 0.314127 0.605470
vt 0.319553 0.592946
vt 0.317880 0.605755
vt 0.316579 0.572706
vt 0.320017 0.570764
vt 0.323346 0.592985
vt 0.321679 0.605764
vt 0.323761 0.570764
vt 0.326286 0.585994
vt 0.325458 0.605890
vt 0.319473 0.562486
vt 0.321851 0.555169
vt 0.326696 0.566280
vt 0.331135 0.591825
vt 0.329322 0.605494
vt 0.325515 0.555169
vt 0.331611 0.572706
vt 0.335274 0.589757
vt 0.333210 0.604956
vt 0.336480 0.578491
vt 0.338391 0.593924
vt 0.336845 0.605960
vt 0.650281 0.793182
vt 0.647186 0.801119
vt 0.643537 0.786992
vt 0.645035 0.785397
vt 0.656177 0.800722
vt 0.655320 0.806447
vt 0.663855 0.803197
vt 0.661624 0.810783
vt 0.666277 0.813215
vt 0.669107 0.810239
vt 0.662146 0.819870
vt 0.657039 0.820811
vt 0.673047 0.815646
vt 0.674697 0.817345
vt 0.660809 0.825923
vt 0.656286 0.825424
vt 0.672040 0.819093
vt 0.670817 0.824882
vt 0.879095 0.987645
vt 0.874510 0.997672
vt 0.876580 0.982027
vt 0.872791 0.983309
vt 0.908670 0.828167
vt 0.904881 0.826885
vt 0.913657 0.822199
vt 0.916804 0.822839
vt 0.898138 0.820709
vt 0.903946 0.812693
vt 0.917528 0.807425
vt 0.920453 0.808713
vt 0.907789 0.797717
vt 0.898987 0.807890
vt 0.902824 0.792848
vt 0.919384 0.789773
vt 0.924807 0.795517
vt 0.916279 0.786625
vt 0.320676 0.792974
vt 0.313974 0.785577
vt 0.317626 0.773840
vt 0.324550 0.775936
vt 0.314324 0.802776
vt 0.310554 0.797217
vt 0.305144 0.777763
vt 0.320490 0.771816
vt 0.300677 0.788290
vt 0.299135 0.806436
vt 0.293635 0.803164
vt 0.370233 0.643848
vt 0.364883 0.637744
vt 0.369490 0.634668
vt 0.370099 0.636665
vt 0.365812 0.648137
vt 0.370755 0.652833
vt 0.354476 0.632932
vt 0.360546 0.629623
vt 0.374631 0.652202
vt 0.373155 0.661373
vt 0.349975 0.649484
vt 0.361492 0.660427
vt 0.344142 0.643942
vt 0.379086 0.664943
vt 0.375091 0.664889
vt 0.366849 0.665516
vt 0.343174 0.659375
vt 0.351274 0.667071
vt 0.338789 0.655208
vt 0.353801 0.669472
vt 0.338670 0.671411
vt 0.338636 0.677788
vt 0.788974 0.977474
vt 0.787690 0.971881
vt 0.794852 0.960830
vt 0.796058 0.966937
vt 0.372272 0.734572
vt 0.372573 0.738729
vt 0.356626 0.733660
vt 0.358004 0.730544
vt 0.383230 0.740712
vt 0.380289 0.749607
vt 0.366445 0.746718
vt 0.354664 0.736451
vt 0.374358 0.758206
vt 0.385424 0.759047
vt 0.379399 0.768401
vt 0.725044 0.878472
vt 0.719654 0.873350
vt 0.733108 0.867127
vt 0.736568 0.870414
vt 0.721207 0.893513
vt 0.715817 0.888391
vt 0.711300 0.898914
vt 0.711300 0.898914
vt 0.852211 0.918226
vt 0.849485 0.929848
vt 0.842568 0.920379
vt 0.845127 0.907689
vt 0.835008 0.905370
vt 0.833120 0.916149
vt 0.809943 0.643947
vt 0.813558 0.641696
vt 0.821485 0.651989
vt 0.819048 0.655666
vt 0.800940 0.630780
vt 0.804437 0.629354
vt 0.824779 0.637526
vt 0.834318 0.647436
vt 0.810939 0.627363
vt 0.839044 0.656069
vt 0.825574 0.663188
vt 0.839231 0.647178
vt 0.844598 0.654230
vt 0.832651 0.672048
vt 0.832651 0.672048
vt 0.835883 0.671477
vt 0.843591 0.656427
vt 0.848654 0.665630
vt 0.852543 0.680187
vt 0.850764 0.676520
vt 0.162483 0.804804
vt 0.158006 0.807772
vt 0.152634 0.794572
vt 0.157111 0.791605
vt 0.173792 0.819381
vt 0.172624 0.820155
vt 0.913648 0.723889
vt 0.918769 0.718498
vt 0.926634 0.733654
vt 0.923803 0.736633
vt 0.900143 0.720690
vt 0.905308 0.715255
vt 0.923050 0.717113
vt 0.929500 0.732316
vt 0.896767 0.719180
vt 0.901727 0.713961
vt 0.893644 0.713142
vt 0.899187 0.707308
vt 0.891881 0.697690
vt 0.886339 0.703524
vt 0.880979 0.685187
vt 0.880860 0.692035
vt 0.222995 0.766569
vt 0.217452 0.760737
vt 0.220575 0.754698
vt 0.225542 0.760760
vt 0.210147 0.770355
vt 0.215689 0.776187
vt 0.223951 0.753187
vt 0.225548 0.752802
vt 0.204667 0.781842
vt 0.210210 0.787676
vt 0.466145 0.688344
vt 0.459458 0.697661
vt 0.449042 0.685293
vt 0.450941 0.681893
vt 0.448859 0.707732
vt 0.443176 0.690865
vt 0.463101 0.710742
vt 0.457854 0.716811
vt 0.468119 0.710785
vt 0.463956 0.719014
vt 0.475949 0.712206
vt 0.471449 0.722514
vt 0.482841 0.726253
vt 0.485567 0.719512
vt 0.605713 0.524916
vt 0.601191 0.520620
vt 0.607790 0.516159
vt 0.611815 0.522713
vt 0.598219 0.528417
vt 0.592492 0.522975
vt 0.623776 0.513489
vt 0.620810 0.513634
vt 0.581595 0.525844
vt 0.586827 0.532155
vt 0.605918 0.514060
vt 0.617951 0.504683
vt 0.569319 0.532799
vt 0.577147 0.534855
vt 0.624449 0.490083
vt 0.627007 0.495662
vt 0.558639 0.540401
vt 0.565915 0.540881
vt 0.608301 0.497794
vt 0.621655 0.487209
vt 0.552966 0.551304
vt 0.557829 0.549515
vt 0.603055 0.492809
vt 0.619381 0.485049
vt 0.601963 0.489491
vt 0.614741 0.480081
vt 0.599867 0.483225
vt 0.612145 0.476839
vt 0.625062 0.473615
vt 0.625170 0.473718
vt 0.624678 0.473250
vt 0.148779 0.769803
vt 0.145579 0.777106
vt 0.134980 0.762387
vt 0.136320 0.757484
vt 0.157020 0.786016
vt 0.156061 0.787587
vt 0.143823 0.780822
vt 0.132736 0.770441
vt 0.150799 0.765871
vt 0.137663 0.752505
vt 0.956537 0.992380
vt 0.955253 0.997973
vt 0.949138 0.990829
vt 0.954004 0.982004
vt 0.857765 0.736596
vt 0.854532 0.734453
vt 0.862132 0.722074
vt 0.867085 0.728017
vt 0.864326 0.700621
vt 0.870638 0.711046
vt 0.870466 0.685185
vt 0.874901 0.688575
vt 0.655039 0.875217
vt 0.648788 0.867874
vt 0.652631 0.866856
vt 0.655808 0.868129
vt 0.651759 0.880327
vt 0.646217 0.874494
vt 0.638911 0.884112
vt 0.644453 0.889945
vt 0.631624 0.883030
vt 0.640265 0.874579
vt 0.624899 0.893270
vt 0.634438 0.898271
vt 0.148504 0.871418
vt 0.149777 0.874595
vt 0.150887 0.855152
vt 0.160537 0.862041
vt 0.120238 0.816029
vt 0.114414 0.811578
vt 0.116102 0.791601
vt 0.121348 0.796586
vt 0.119219 0.819872
vt 0.113158 0.818386
vt 0.484842 0.911500
vt 0.484166 0.904440
vt 0.493559 0.896959
vt 0.494644 0.904095
vt 0.471570 0.915078
vt 0.479430 0.922987
vt 0.729895 0.928355
vt 0.725141 0.923352
vt 0.733302 0.912916
vt 0.736282 0.916077
vt 0.717651 0.915468
vt 0.727560 0.906873
vt 0.739499 0.903154
vt 0.739870 0.903544
vt 0.591120 0.644116
vt 0.585287 0.638574
vt 0.592768 0.629181
vt 0.598601 0.634723
vt 0.575669 0.645879
vt 0.580482 0.656711
vt 0.593312 0.622280
vt 0.598747 0.627444
vt 0.562891 0.658231
vt 0.568497 0.664234
vt 0.557257 0.667565
vt 0.561918 0.665561
vt 0.570813 0.666435
vt 0.567646 0.671003
vt 0.555830 0.677319
vt 0.557797 0.669831
vt 0.549581 0.670155
vt 0.556923 0.660815
vt 0.545395 0.666178
vt 0.551090 0.655272
vt 0.696276 0.954565
vt 0.694651 0.950935
vt 0.706241 0.936872
vt 0.708109 0.943590
vt 0.692310 0.944202
vt 0.704901 0.931970
vt 0.205224 0.658618
vt 0.203940 0.653025
vt 0.206625 0.639007
vt 0.212308 0.648081
vt 0.221416 0.639885
vt 0.215834 0.630412
vt 0.226802 0.630098
vt 0.222115 0.620838
vt 0.228749 0.618781
vt 0.226407 0.610770
vt 0.314642 0.914954
vt 0.312754 0.916206
vt 0.299314 0.901519
vt 0.303672 0.898630
vt 0.568807 0.973504
vt 0.566109 0.969476
vt 0.576591 0.960167
vt 0.578651 0.962063
vt 0.564324 0.966784
vt 0.575189 0.956380
vt 0.467483 0.753626
vt 0.458263 0.744866
vt 0.470350 0.738274
vt 0.475361 0.743035
vt 0.453539 0.741823
vt 0.465748 0.735479
vt 0.457967 0.768302
vt 0.452444 0.764134
vt 0.478063 0.730129
vt 0.478126 0.730190
vt 0.260236 0.622464
vt 0.257296 0.631358
vt 0.246030 0.621167
vt 0.248028 0.616119
vt 0.249163 0.642050
vt 0.240649 0.627874
vt 0.235318 0.611421
vt 0.235713 0.610770
vt 0.261090 0.645700
vt 0.252763 0.657316
vt 0.246641 0.644446
vt 0.234708 0.633519
vt 0.264257 0.655774
vt 0.260879 0.658683
vt 0.754397 0.956884
vt 0.749270 0.952481
vt 0.751681 0.939406
vt 0.758606 0.949690
vt 0.764384 0.933528
vt 0.766131 0.938152
vt 0.617473 0.941951
vt 0.614746 0.953574
vt 0.609285 0.936930
vt 0.610389 0.931414
vt 0.584617 0.982601
vt 0.587950 0.977573
vt 0.595859 0.988126
vt 0.595179 0.991789
vt 0.381309 0.930866
vt 0.378151 0.933136
vt 0.369053 0.924850
vt 0.370308 0.920427
vt 0.579743 0.575137
vt 0.565955 0.568665
vt 0.574362 0.555180
vt 0.584091 0.560639
vt 0.561684 0.578586
vt 0.553167 0.573765
vt 0.552873 0.585048
vt 0.543578 0.580446
vt 0.542349 0.585258
vt 0.556886 0.595044
vt 0.550709 0.597226
vt 0.563027 0.606146
vt 0.546989 0.599558
vt 0.543177 0.593174
vt 0.539007 0.608104
vt 0.553600 0.618068
vt 0.543417 0.602903
vt 0.545560 0.597733
vt 0.964219 0.853697
vt 0.956979 0.851191
vt 0.962351 0.837991
vt 0.969320 0.840909
vt 0.957538 0.863286
vt 0.953895 0.862994
vt 0.944810 0.863687
vt 0.952726 0.864515
vt 0.948638 0.856040
vt 0.957183 0.850559
vt 0.940251 0.861304
vt 0.949982 0.850443
vt 0.958962 0.844913
vt 0.937365 0.850045
vt 0.950751 0.839373
vt 0.960074 0.831898
vt 0.642850 0.618642
vt 0.639795 0.616617
vt 0.645837 0.603205
vt 0.652171 0.610063
vt 0.633328 0.612330
vt 0.635762 0.594948
vt 0.644845 0.579641
vt 0.656170 0.594958
vt 0.634761 0.569085
vt 0.641858 0.559681
vt 0.655974 0.578505
vt 0.639631 0.555114
vt 0.652272 0.559621
vt 0.647866 0.560076
vt 0.752244 0.751388
vt 0.750176 0.752759
vt 0.740212 0.742165
vt 0.747374 0.737417
vt 0.743403 0.757248
vt 0.732126 0.745912
vt 0.738101 0.764634
vt 0.727216 0.752733
vt 0.755160 0.774655
vt 0.753601 0.777267
vt 0.737328 0.772958
vt 0.724561 0.765096
vt 0.723863 0.746674
vt 0.719544 0.750459
vt 0.752435 0.780700
vt 0.284315 0.930905
vt 0.284468 0.922098
vt 0.290511 0.920158
vt 0.294087 0.926387
vt 0.809422 0.492533
vt 0.802635 0.491050
vt 0.797154 0.487881
vt 0.804520 0.483116
vt 0.818745 0.500007
vt 0.810157 0.502959
vt 0.799896 0.480018
vt 0.798478 0.481177
vt 0.820943 0.526735
vt 0.827482 0.514596
vt 0.821294 0.552043
vt 0.831209 0.529356
vt 0.830256 0.547139
vt 0.832885 0.535852
vt 0.414010 0.886241
vt 0.407507 0.895532
vt 0.404636 0.892986
vt 0.416752 0.878379
vt 0.400782 0.878095
vt 0.402846 0.874539
vt 0.708746 0.567499
vt 0.708796 0.560541
vt 0.721327 0.558236
vt 0.721019 0.564044
vt 0.698342 0.565966
vt 0.696481 0.559287
vt 0.687654 0.572533
vt 0.685662 0.562624
vt 0.678600 0.578634
vt 0.678505 0.589694
vt 0.667316 0.596821
vt 0.667878 0.605606
vt 0.680201 0.593569
vt 0.673014 0.609292
vt 0.681223 0.589133
vt 0.682383 0.616908
vt 0.686823 0.594424
vt 0.686472 0.619732
vt 0.664534 0.607090
vt 0.672369 0.609943
vt 0.663395 0.614388
vt 0.666420 0.610854
vt 0.662129 0.621831
vt 0.662253 0.613546
vt 0.482928 0.424178
vt 0.489842 0.420298
vt 0.499410 0.430489
vt 0.486283 0.439578
vt 0.498054 0.419693
vt 0.513780 0.425395
vt 0.492988 0.451491
vt 0.503935 0.443362
vt 0.521629 0.433427
vt 0.504997 0.452604
vt 0.516921 0.441641
vt 0.518802 0.441983
vt 0.492606 0.460858
vt 0.491444 0.452435
vt 0.524014 0.440139
vt 0.523139 0.445387
vt 0.500496 0.467378
vt 0.510747 0.454335
vt 0.524406 0.451167
vt 0.531281 0.452251
vt 0.514564 0.469977
vt 0.515407 0.465326
vt 0.521513 0.464574
vt 0.527220 0.465312
vt 0.523078 0.480069
vt 0.528854 0.480651
vt 0.529753 0.467265
vt 0.531675 0.482163
vt 0.537276 0.468269
vt 0.546104 0.482529
vt 0.530999 0.454090
vt 0.534970 0.454697
vt 0.537032 0.498209
vt 0.546906 0.498117
vt 0.618811 0.582828
vt 0.608626 0.585708
vt 0.602955 0.568525
vt 0.613109 0.567102
vt 0.624810 0.601759
vt 0.624630 0.600300
vt 0.604246 0.588611
vt 0.598478 0.571493
vt 0.605078 0.559253
vt 0.598366 0.556868
vt 0.603027 0.593142
vt 0.597149 0.577540
vt 0.594841 0.559204
vt 0.620934 0.602750
vt 0.615143 0.608048
vt 0.600395 0.602206
vt 0.594266 0.589860
vt 0.593351 0.565860
vt 0.627369 0.617480
vt 0.626922 0.617685
vt 0.612028 0.611357
vt 0.590151 0.579481
vt 0.591167 0.555180
vt 0.590050 0.560829
vt 0.625394 0.618403
vt 0.064700 0.484866
vt 0.062408 0.493750
vt 0.056702 0.489870
vt 0.058861 0.480904
vt 0.071656 0.500020
vt 0.073289 0.493439
vt 0.062684 0.506675
vt 0.056993 0.501858
vt 0.070527 0.508255
vt 0.078091 0.476264
vt 0.084543 0.487552
vt 0.064323 0.510605
vt 0.059757 0.508618
vt 0.053427 0.494724
vt 0.054365 0.486702
vt 0.072340 0.514732
vt 0.089051 0.476768
vt 0.096114 0.492778
vt 0.082747 0.515408
vt 0.098091 0.512473
vt 0.107398 0.510965
vt 0.095369 0.536039
vt 0.103064 0.535103
vt 0.234356 0.168060
vt 0.228984 0.168060
vt 0.228984 0.148414
vt 0.234356 0.148414
vt 0.221821 0.168060
vt 0.220923 0.148414
vt 0.228780 0.187249
vt 0.221645 0.187234
vt 0.212612 0.168060
vt 0.211428 0.148414
vt 0.221821 0.128768
vt 0.228984 0.128768
vt 0.225947 0.200929
vt 0.219038 0.200894
vt 0.212472 0.187249
vt 0.201613 0.168060
vt 0.201613 0.148414
vt 0.211638 0.129574
vt 0.221645 0.109594
vt 0.228780 0.109579
vt 0.225328 0.218046
vt 0.219083 0.219472
vt 0.210370 0.201481
vt 0.201512 0.187283
vt 0.189078 0.168060
vt 0.189078 0.148414
vt 0.200349 0.129938
vt 0.211506 0.111160
vt 0.221114 0.091361
vt 0.228167 0.091302
vt 0.224898 0.237519
vt 0.217540 0.234574
vt 0.211209 0.222435
vt 0.230359 0.218183
vt 0.230472 0.199750
vt 0.199981 0.202324
vt 0.189016 0.187324
vt 0.174230 0.166705
vt 0.175265 0.148414
vt 0.189078 0.128768
vt 0.200257 0.111848
vt 0.211110 0.093577
vt 0.218254 0.079733
vt 0.225007 0.079646
vt 0.222017 0.250504
vt 0.215324 0.247310
vt 0.209806 0.237519
vt 0.229870 0.238190
vt 0.200609 0.222771
vt 0.188830 0.205825
vt 0.175234 0.187361
vt 0.160429 0.168060
vt 0.160429 0.148414
vt 0.175265 0.128768
vt 0.189016 0.109504
vt 0.199981 0.094504
vt 0.208783 0.081991
vt 0.214812 0.071731
vt 0.221361 0.070978
vt 0.217774 0.258674
vt 0.212659 0.257214
vt 0.208076 0.250504
vt 0.226562 0.251755
vt 0.199605 0.238190
vt 0.187436 0.218965
vt 0.175141 0.205974
vt 0.160456 0.187293
vt 0.145122 0.167585
vt 0.144824 0.148414
vt 0.160429 0.128768
vt 0.175234 0.109467
vt 0.188830 0.091003
vt 0.199427 0.078250
vt 0.206362 0.072389
vt 0.214712 0.052035
vt 0.221092 0.049966
vt 0.214522 0.264589
vt 0.211291 0.262089
vt 0.206535 0.260116
vt 0.222398 0.262100
vt 0.198455 0.251755
vt 0.186878 0.234177
vt 0.174954 0.223554
vt 0.160419 0.205930
vt 0.145792 0.184253
vt 0.129132 0.166906
vt 0.128709 0.148414
vt 0.144824 0.128768
vt 0.160416 0.109444
vt 0.175141 0.090854
vt 0.188457 0.073647
vt 0.198500 0.063427
vt 0.205823 0.056377
vt 0.212728 0.038990
vt 0.218278 0.035713
vt 0.225808 0.071547
vt 0.225404 0.049495
vt 0.206965 0.262964
vt 0.217613 0.266681
vt 0.197821 0.261664
vt 0.225941 0.262088
vt 0.229965 0.252882
vt 0.186266 0.247923
vt 0.174643 0.239757
vt 0.160304 0.223778
vt 0.145782 0.201458
vt 0.129754 0.181550
vt 0.112509 0.166511
vt 0.112387 0.148414
vt 0.128709 0.128768
vt 0.144821 0.109433
vt 0.160379 0.090764
vt 0.174954 0.073274
vt 0.187835 0.057817
vt 0.197437 0.050217
vt 0.204853 0.042789
vt 0.210426 0.031645
vt 0.213188 0.027393
vt 0.222017 0.033528
vt 0.198904 0.263916
vt 0.209210 0.263231
vt 0.211577 0.265102
vt 0.221375 0.264075
vt 0.185825 0.259704
vt 0.173469 0.248367
vt 0.160180 0.240205
vt 0.145165 0.221605
vt 0.129754 0.197466
vt 0.112656 0.181550
vt 0.095557 0.165112
vt 0.095806 0.148414
vt 0.112337 0.128768
vt 0.128709 0.109429
vt 0.144812 0.090720
vt 0.160304 0.073050
vt 0.174643 0.057071
vt 0.187151 0.043692
vt 0.196474 0.038868
vt 0.204559 0.031590
vt 0.205616 0.024943
vt 0.215951 0.024077
vt 0.187096 0.265409
vt 0.172498 0.254843
vt 0.160043 0.255063
vt 0.144762 0.240429
vt 0.129203 0.218729
vt 0.112656 0.197466
vt 0.095557 0.181550
vt 0.078725 0.165112
vt 0.079410 0.148414
vt 0.096298 0.130502
vt 0.112337 0.109429
vt 0.128709 0.090705
vt 0.144793 0.072938
vt 0.160180 0.056623
vt 0.174301 0.042488
vt 0.186591 0.031452
vt 0.196017 0.029660
vt 0.207223 0.021749
vt 0.196458 0.023020
vt 0.174088 0.269597
vt 0.159380 0.262262
vt 0.144728 0.255424
vt 0.128709 0.240503
vt 0.112488 0.218729
vt 0.095557 0.197466
vt 0.078729 0.181547
vt 0.063203 0.166407
vt 0.063934 0.148414
vt 0.079850 0.128768
vt 0.095966 0.109429
vt 0.112337 0.090705
vt 0.128709 0.072901
vt 0.144762 0.056399
vt 0.160043 0.041765
vt 0.174022 0.029768
vt 0.186343 0.021275
vt 0.197402 0.018405
vt 0.186591 0.013341
vt 0.189612 0.266720
vt 0.175761 0.274487
vt 0.158812 0.266714
vt 0.144316 0.262625
vt 0.128709 0.255544
vt 0.112337 0.240503
vt 0.095773 0.218729
vt 0.078738 0.197453
vt 0.063215 0.184106
vt 0.049328 0.167967
vt 0.049410 0.148414
vt 0.064246 0.128768
vt 0.079853 0.109433
vt 0.095966 0.090705
vt 0.112337 0.072901
vt 0.128709 0.056325
vt 0.144728 0.041404
vt 0.159931 0.028758
vt 0.173897 0.019154
vt 0.187151 0.007375
vt 0.174022 0.010890
vt 0.190793 0.268295
vt 0.176395 0.277702
vt 0.159199 0.276966
vt 0.144595 0.273263
vt 0.128511 0.262754
vt 0.112526 0.255309
vt 0.102016 0.232931
vt 0.079349 0.218682
vt 0.063251 0.201204
vt 0.049359 0.187178
vt 0.035649 0.168060
vt 0.035557 0.148414
vt 0.049410 0.128768
vt 0.064259 0.109444
vt 0.079863 0.090720
vt 0.095966 0.072901
vt 0.112337 0.056325
vt 0.128709 0.041283
vt 0.144700 0.028252
vt 0.159881 0.017882
vt 0.174301 0.004683
vt 0.159931 0.009419
vt 0.159360 0.282076
vt 0.145449 0.279482
vt 0.128856 0.270224
vt 0.112408 0.262659
vt 0.092382 0.224820
vt 0.064008 0.221249
vt 0.049450 0.205695
vt 0.035659 0.187324
vt 0.026862 0.167243
vt 0.026355 0.148423
vt 0.036149 0.130434
vt 0.049441 0.109467
vt 0.064296 0.090764
vt 0.079881 0.072938
vt 0.095966 0.056325
vt 0.112337 0.041283
vt 0.128709 0.028084
vt 0.144688 0.017245
vt 0.160043 0.003069
vt 0.144700 0.008684
vt 0.145703 0.282705
vt 0.129556 0.271560
vt 0.112358 0.266262
vt 0.077096 0.224431
vt 0.057274 0.214099
vt 0.036885 0.202463
vt 0.022753 0.185628
vt 0.017335 0.165763
vt 0.021475 0.148421
vt 0.021817 0.130939
vt 0.035037 0.110627
vt 0.049534 0.090854
vt 0.064371 0.073050
vt 0.079901 0.056531
vt 0.095966 0.041283
vt 0.112337 0.028084
vt 0.128709 0.017033
vt 0.144728 0.002261
vt 0.128709 0.008438
vt 0.159993 0.291086
vt 0.145736 0.286944
vt 0.112707 0.269041
vt 0.022475 0.203416
vt 0.011880 0.182695
vt 0.011857 0.131720
vt 0.021912 0.113848
vt 0.035749 0.091258
vt 0.049811 0.073355
vt 0.064367 0.057553
vt 0.079535 0.047090
vt 0.095957 0.028455
vt 0.112333 0.022423
vt 0.128709 0.001992
vt 0.112333 0.013008
vt 0.129754 0.272870
vt 0.112740 0.272764
vt 0.009590 0.199286
vt 0.005075 0.181398
vt 0.013677 0.165078
vt 0.012063 0.115410
vt 0.024429 0.093625
vt 0.039634 0.076717
vt 0.052403 0.060498
vt 0.063431 0.052240
vt 0.079314 0.038650
vt 0.095957 0.017439
vt 0.112337 0.001992
vt 0.095964 0.008552
vt 0.107694 0.265085
vt 0.106526 0.269797
vt 0.035516 0.207740
vt 0.017872 0.212652
vt 0.001935 0.194977
vt 0.016673 0.095056
vt 0.029711 0.078657
vt 0.051705 0.055781
vt 0.062988 0.046744
vt 0.079325 0.028626
vt 0.095958 0.002414
vt 0.079457 0.018099
vt 0.096513 0.267442
vt 0.088497 0.283666
vt 0.046158 0.211792
vt 0.030769 0.214845
vt 0.004997 0.213453
vt 0.019267 0.081132
vt 0.040407 0.072987
vt 0.048184 0.069746
vt 0.052937 0.051797
vt 0.063987 0.038351
vt 0.079290 0.014816
vt 0.064320 0.027209
vt 0.101076 0.253184
vt 0.107381 0.262865
vt 0.086206 0.256323
vt 0.081453 0.262032
vt 0.047309 0.225357
vt 0.033591 0.226337
vt 0.013039 0.222820
vt 0.014821 0.099266
vt 0.009168 0.083533
vt 0.029942 0.074797
vt 0.042671 0.068245
vt 0.048039 0.065856
vt 0.101064 0.242177
vt 0.107701 0.254054
vt 0.085882 0.252548
vt 0.084643 0.287921
vt 0.072233 0.274193
vt 0.072206 0.255112
vt 0.065496 0.260106
vt 0.048351 0.236902
vt 0.040250 0.230916
vt 0.018416 0.230642
vt 0.016349 0.074031
vt 0.032809 0.069585
vt 0.042581 0.063304
vt 0.048247 0.060814
vt 0.085833 0.241672
vt 0.071866 0.251275
vt 0.081235 0.295777
vt 0.072082 0.276023
vt 0.062620 0.258038
vt 0.049451 0.242548
vt 0.041459 0.237392
vt 0.028109 0.231247
vt 0.059172 0.238977
vt 0.058613 0.226737
vt 0.020196 0.070702
vt 0.033956 0.062848
vt 0.041656 0.058317
vt 0.050525 0.053979
vt 0.071742 0.240661
vt 0.059421 0.249154
vt 0.056207 0.257423
vt 0.101451 0.280390
vt 0.095904 0.293116
vt 0.046532 0.248854
vt 0.038238 0.240953
vt 0.033126 0.235067
vt 0.071462 0.227941
vt 0.009378 0.074930
vt 0.010268 0.069150
vt 0.024988 0.066800
vt 0.034067 0.059498
vt 0.041869 0.052785
vt 0.053170 0.049846
vt 0.085721 0.228664
vt 0.037568 0.257599
vt 0.027502 0.250025
vt 0.025903 0.240091
vt 0.017936 0.237978
vt 0.017490 0.067939
vt 0.028262 0.063275
vt 0.032633 0.056599
vt 0.060412 0.042471
vt 0.058476 0.047638
vt 0.048246 0.264345
vt 0.017868 0.246389
vt 0.025648 0.062860
vt 0.052586 0.044775
vt 0.059885 0.036984
vt 0.020417 0.061376
vt 0.028725 0.052893
vt 0.064105 0.026018
vt 0.298764 0.894668
vt 0.296314 0.890972
vt 0.310453 0.874285
vt 0.313356 0.878665
vt 0.050168 0.641432
vt 0.041832 0.629696
vt 0.050207 0.620940
vt 0.056297 0.629085
vt 0.038535 0.650582
vt 0.037534 0.644161
vt 0.032680 0.616860
vt 0.038611 0.606395
vt 0.060412 0.618706
vt 0.057079 0.615491
vt 0.029557 0.633418
vt 0.047773 0.603476
vt 0.639306 0.927537
vt 0.632669 0.915660
vt 0.632641 0.902509
vt 0.639280 0.914371
vt 0.617438 0.915155
vt 0.617326 0.902147
vt 0.670328 0.927911
vt 0.671532 0.915061
vt 0.685657 0.914377
vt 0.676330 0.920714
vt 0.672913 0.903757
vt 0.686478 0.902606
vt 0.469061 0.986767
vt 0.466395 0.985267
vt 0.472921 0.973194
vt 0.477176 0.977737
vt 0.445275 0.292338
vt 0.442309 0.289074
vt 0.450485 0.289027
vt 0.457348 0.285811
vt 0.436829 0.290669
vt 0.438962 0.291506
vt 0.438640 0.285093
vt 0.445557 0.286176
vt 0.437166 0.287746
vt 0.436377 0.294513
vt 0.437189 0.292631
vt 0.432823 0.280946
vt 0.438253 0.284321
vt 0.435004 0.288087
vt 0.425380 0.279239
vt 0.430543 0.276265
vt 0.437970 0.302765
vt 0.431374 0.301063
vt 0.420454 0.276815
vt 0.425243 0.269039
vt 0.438580 0.322020
vt 0.428842 0.320372
vt 0.416123 0.298476
vt 0.414155 0.277479
vt 0.420814 0.269144
vt 0.435225 0.333979
vt 0.428654 0.333063
vt 0.414289 0.318345
vt 0.406194 0.298449
vt 0.402278 0.275584
vt 0.411997 0.270136
vt 0.417696 0.331684
vt 0.401978 0.312975
vt 0.398957 0.291313
vt 0.431574 0.346765
vt 0.427290 0.346234
vt 0.409898 0.330742
vt 0.416364 0.345222
vt 0.435495 0.359634
vt 0.433147 0.360430
vt 0.410602 0.344755
vt 0.397157 0.325336
vt 0.428076 0.360664
vt 0.424766 0.365728
vt 0.409533 0.364073
vt 0.408480 0.369836
vt 0.395012 0.369193
vt 0.409058 0.385799
vt 0.394834 0.385799
vt 0.412551 0.369544
vt 0.417788 0.385854
vt 0.418228 0.402203
vt 0.410146 0.402465
vt 0.420770 0.402120
vt 0.662712 0.891761
vt 0.665928 0.898624
vt 0.661766 0.881551
vt 0.667230 0.877558
vt 0.665582 0.868569
vt 0.663317 0.867134
vt 0.603326 0.947790
vt 0.600475 0.952717
vt 0.596112 0.936685
vt 0.599165 0.930718
vt 0.924900 0.680520
vt 0.931745 0.677097
vt 0.934331 0.680104
vt 0.932198 0.680941
vt 0.921264 0.670886
vt 0.932194 0.666417
vt 0.913689 0.660821
vt 0.928047 0.653050
vt 0.906944 0.650143
vt 0.921162 0.643333
vt 0.935733 0.648846
vt 0.934897 0.667050
vt 0.911183 0.632892
vt 0.913251 0.635768
vt 0.931865 0.637288
vt 0.922853 0.628486
vt 0.133891 0.836527
vt 0.127277 0.837453
vt 0.129696 0.824882
vt 0.135794 0.824885
vt 0.129390 0.851083
vt 0.123365 0.847876
vt 0.125012 0.838887
vt 0.121379 0.823784
vt 0.663755 0.534252
vt 0.661944 0.535168
vt 0.653219 0.518134
vt 0.663148 0.518114
vt 0.645135 0.536412
vt 0.634362 0.518170
vt 0.653219 0.501435
vt 0.663148 0.501416
vt 0.661733 0.551219
vt 0.660796 0.551238
vt 0.650678 0.501439
vt 0.653431 0.485029
vt 0.663294 0.485041
vt 0.663716 0.473250
vt 0.665215 0.473325
vt 0.682483 0.862788
vt 0.683983 0.846771
vt 0.698136 0.837315
vt 0.697078 0.844775
vt 0.666567 0.863257
vt 0.666567 0.863257
vt 0.666542 0.852537
vt 0.685176 0.830115
vt 0.934727 0.978098
vt 0.933445 0.977146
vt 0.935015 0.962660
vt 0.939091 0.962065
vt 0.813964 0.885924
vt 0.811513 0.884955
vt 0.811646 0.869158
vt 0.813692 0.871702
vt 0.813916 0.901109
vt 0.811513 0.901092
vt 0.174253 0.872828
vt 0.166496 0.875022
vt 0.168990 0.860579
vt 0.175136 0.855370
vt 0.881647 0.502409
vt 0.876049 0.495355
vt 0.891158 0.490682
vt 0.894253 0.499528
vt 0.873851 0.487561
vt 0.888738 0.485346
vt 0.904762 0.487944
vt 0.907310 0.495164
vt 0.879795 0.504307
vt 0.867675 0.497588
vt 0.903008 0.482472
vt 0.892817 0.515069
vt 0.883329 0.509545
vt 0.862372 0.493413
vt 0.871410 0.485780
vt 0.916106 0.480018
vt 0.916769 0.488624
vt 0.897086 0.528645
vt 0.894587 0.522919
vt 0.872171 0.506112
vt 0.895342 0.539404
vt 0.893675 0.537354
vt 0.887685 0.520129
vt 0.886872 0.535242
vt 0.867394 0.520140
vt 0.861514 0.506078
vt 0.874167 0.535255
vt 0.891954 0.551136
vt 0.891798 0.551132
vt 0.606154 0.845391
vt 0.596660 0.845368
vt 0.596504 0.828934
vt 0.600539 0.830266
vt 0.622469 0.862123
vt 0.617745 0.862111
vt 0.549903 0.877397
vt 0.530934 0.879638
vt 0.545311 0.865246
vt 0.556676 0.862282
vt 0.532273 0.893274
vt 0.531510 0.891830
vt 0.623432 0.953656
vt 0.623455 0.943345
vt 0.640178 0.932155
vt 0.640884 0.931414
vt 0.345601 0.551292
vt 0.349590 0.539982
vt 0.354845 0.532398
vt 0.358305 0.545069
vt 0.335882 0.545844
vt 0.344660 0.542131
vt 0.352964 0.526948
vt 0.358665 0.522434
vt 0.332560 0.530115
vt 0.343531 0.532065
vt 0.349499 0.529823
vt 0.360232 0.519706
vt 0.377655 0.509167
vt 0.347678 0.524717
vt 0.352924 0.521456
vt 0.373092 0.510072
vt 0.386995 0.503481
vt 0.385949 0.520279
vt 0.380143 0.526978
vt 0.364665 0.514673
vt 0.389255 0.516296
vt 0.381106 0.502562
vt 0.386347 0.502924
vt 0.351500 0.522677
vt 0.371102 0.507495
vt 0.353668 0.511167
vt 0.368818 0.501670
vt 0.343410 0.526070
vt 0.341533 0.519952
vt 0.344473 0.495591
vt 0.350758 0.490815
vt 0.341205 0.500894
vt 0.645720 0.927816
vt 0.646460 0.923659
vt 0.663203 0.902500
vt 0.663179 0.913690
vt 0.558075 0.858406
vt 0.555684 0.851614
vt 0.573030 0.836139
vt 0.573010 0.846107
vt 0.555156 0.830790
vt 0.573054 0.824949
vt 0.542020 0.835226
vt 0.541609 0.827133
vt 0.226540 0.901922
vt 0.218195 0.899143
vt 0.214132 0.884017
vt 0.224852 0.883992
vt 0.443202 0.916973
vt 0.435605 0.916954
vt 0.435676 0.899541
vt 0.447265 0.901847
vt 0.661422 0.993432
vt 0.660933 0.988997
vt 0.666401 0.979047
vt 0.667815 0.980378
vt 0.440587 0.509021
vt 0.430208 0.514240
vt 0.432011 0.504815
vt 0.440225 0.503779
vt 0.435654 0.519024
vt 0.432980 0.516680
vt 0.441480 0.521309
vt 0.437651 0.527795
vt 0.417724 0.532706
vt 0.415390 0.523161
vt 0.452334 0.539368
vt 0.452001 0.543505
vt 0.437524 0.539888
vt 0.412245 0.544269
vt 0.403285 0.539958
vt 0.451500 0.552761
vt 0.430029 0.556654
vt 0.408044 0.554794
vt 0.395214 0.547211
vt 0.446533 0.558665
vt 0.420608 0.565287
vt 0.724312 0.659546
vt 0.717225 0.663100
vt 0.723604 0.652453
vt 0.731937 0.649539
vt 0.724020 0.674018
vt 0.723357 0.676743
vt 0.708477 0.670963
vt 0.706877 0.660949
vt 0.711833 0.654216
vt 0.737763 0.641583
vt 0.731119 0.679529
vt 0.706294 0.657895
vt 0.735772 0.632502
vt 0.752037 0.626043
vt 0.256645 0.597611
vt 0.253710 0.591801
vt 0.280916 0.567276
vt 0.282076 0.569951
vt 0.246900 0.593911
vt 0.272793 0.569522
vt 0.281298 0.555560
vt 0.287326 0.556636
vt 0.248867 0.605933
vt 0.275145 0.581647
vt 0.246312 0.594605
vt 0.259795 0.576524
vt 0.271585 0.558855
vt 0.267528 0.554856
vt 0.280149 0.548905
vt 0.262463 0.562864
vt 0.261962 0.560638
vt 0.248357 0.577869
vt 0.259723 0.563150
vt 0.257805 0.560342
vt 0.712846 0.710015
vt 0.710148 0.709797
vt 0.721077 0.702987
vt 0.727955 0.703732
vt 0.701112 0.708112
vt 0.705928 0.699758
vt 0.742836 0.683405
vt 0.742219 0.690041
vt 0.720397 0.717201
vt 0.709507 0.717207
vt 0.720743 0.733524
vt 0.719979 0.733524
vt 0.672071 0.761687
vt 0.661378 0.765552
vt 0.664525 0.754306
vt 0.676658 0.751093
vt 0.661761 0.774267
vt 0.653689 0.781521
vt 0.647968 0.765590
vt 0.645720 0.754353
vt 0.658662 0.744942
vt 0.671779 0.741475
vt 0.653176 0.781520
vt 0.661302 0.737884
vt 0.113488 0.896440
vt 0.110021 0.883323
vt 0.126673 0.878275
vt 0.127557 0.894858
vt 0.740911 0.590015
vt 0.729325 0.588766
vt 0.729337 0.570354
vt 0.743408 0.572849
vt 0.756494 0.606484
vt 0.741582 0.610414
vt 0.728968 0.560556
vt 0.728550 0.558236
vt 0.754245 0.617721
vt 0.750544 0.622167
vt 0.739927 0.617667
vt 0.727286 0.602178
vt 0.289953 0.402083
vt 0.278069 0.401378
vt 0.278208 0.386186
vt 0.289077 0.386160
vt 0.275444 0.400867
vt 0.255795 0.386243
vt 0.278208 0.369487
vt 0.289077 0.369462
vt 0.267873 0.400884
vt 0.251862 0.386261
vt 0.268238 0.370286
vt 0.291438 0.415453
vt 0.282399 0.416539
vt 0.255963 0.401433
vt 0.250098 0.386263
vt 0.291184 0.434601
vt 0.282935 0.435228
vt 0.261490 0.416586
vt 0.271617 0.435251
vt 0.263894 0.435268
vt 0.252788 0.416623
vt 0.290644 0.450346
vt 0.282339 0.450364
vt 0.901098 0.848559
vt 0.889908 0.848535
vt 0.909860 0.832407
vt 0.913780 0.835640
vt 0.900777 0.865259
vt 0.889908 0.865233
vt 0.117398 0.614115
vt 0.124553 0.608653
vt 0.136744 0.644553
vt 0.129977 0.652119
vt 0.110131 0.619596
vt 0.125304 0.656154
vt 0.508208 0.724833
vt 0.508486 0.720026
vt 0.521768 0.716671
vt 0.523570 0.729875
vt 0.506203 0.702988
vt 0.512000 0.692091
vt 0.531348 0.690100
vt 0.535761 0.693976
vt 0.520341 0.684388
vt 0.532449 0.681015
vt 0.538165 0.689343
vt 0.654974 0.989017
vt 0.645341 0.993282
vt 0.641849 0.983540
vt 0.650762 0.978901
vt 0.260539 0.707665
vt 0.236847 0.688502
vt 0.250006 0.667855
vt 0.256415 0.681435
vt 0.259415 0.662559
vt 0.264044 0.669136
vt 0.822124 0.781373
vt 0.793368 0.761898
vt 0.796086 0.738664
vt 0.797858 0.748880
vt 0.434902 0.717351
vt 0.428520 0.711230
vt 0.429708 0.707752
vt 0.435471 0.712476
vt 0.429726 0.723064
vt 0.430907 0.726604
vt 0.421456 0.699536
vt 0.415258 0.690732
vt 0.405281 0.684403
vt 0.405008 0.682132
vt 0.415904 0.688028
vt 0.416194 0.689618
vt 0.425188 0.718644
vt 0.405424 0.687099
vt 0.410834 0.709072
vt 0.399639 0.690166
vt 0.107932 0.454510
vt 0.086212 0.454461
vt 0.084426 0.435766
vt 0.105477 0.435814
vt 0.083146 0.469590
vt 0.082504 0.472387
vt 0.075170 0.454436
vt 0.074055 0.435743
vt 0.082836 0.420593
vt 0.101095 0.421273
vt 0.074230 0.469570
vt 0.074921 0.421306
vt 0.086987 0.405409
vt 0.108960 0.405457
vt 0.112087 0.435847
vt 0.112158 0.420676
vt 0.075797 0.405384
vt 0.103622 0.388745
vt 0.096481 0.388729
vt 0.114776 0.405487
vt 0.149593 0.527715
vt 0.149990 0.512212
vt 0.164753 0.516430
vt 0.164753 0.516430
vt 0.136709 0.528691
vt 0.139575 0.521051
vt 0.135326 0.494968
vt 0.139698 0.499126
vt 0.128652 0.541308
vt 0.149580 0.532554
vt 0.133581 0.488975
vt 0.140108 0.485731
vt 0.114925 0.519254
vt 0.126463 0.488169
vt 0.138411 0.481411
vt 0.142679 0.486418
vt 0.149126 0.496899
vt 0.118178 0.510881
vt 0.119660 0.501445
vt 0.118652 0.493962
vt 0.113357 0.492572
vt 0.838246 0.783171
vt 0.836789 0.775409
vt 0.841022 0.757988
vt 0.847548 0.770055
vt 0.829334 0.762527
vt 0.843061 0.740472
vt 0.866988 0.757071
vt 0.867013 0.767148
vt 0.863990 0.749226
vt 0.793385 0.843971
vt 0.793368 0.836829
vt 0.809841 0.853979
vt 0.809866 0.864811
vt 0.825239 0.855137
vt 0.825782 0.865281
vt 0.809792 0.832189
vt 0.824118 0.848930
vt 0.232332 0.605773
vt 0.238539 0.606894
vt 0.207813 0.602175
vt 0.216959 0.593952
vt 0.207154 0.587270
vt 0.216071 0.579254
vt 0.203180 0.606339
vt 0.200882 0.588839
vt 0.210397 0.578423
vt 0.227489 0.564558
vt 0.230316 0.590410
vt 0.228956 0.577093
vt 0.204775 0.579278
vt 0.226682 0.562255
vt 0.234198 0.557377
vt 0.236932 0.563300
vt 0.238349 0.548905
vt 0.238147 0.557246
vt 0.414912 0.806515
vt 0.414958 0.786928
vt 0.427681 0.788042
vt 0.429238 0.789773
vt 0.398504 0.795124
vt 0.397746 0.785294
vt 0.398409 0.772480
vt 0.413328 0.772887
vt 0.715590 0.863250
vt 0.704401 0.863226
vt 0.725476 0.846572
vt 0.732226 0.846587
vt 0.736867 0.830164
vt 0.715076 0.830115
vt 0.916771 0.893467
vt 0.910842 0.881129
vt 0.927929 0.895086
vt 0.931406 0.901747
vt 0.904381 0.869135
vt 0.921744 0.881582
vt 0.365319 0.783067
vt 0.361454 0.790012
vt 0.359888 0.775922
vt 0.362385 0.772345
vt 0.370637 0.794914
vt 0.367269 0.797943
vt 0.391763 0.804843
vt 0.379926 0.806476
vt 0.444255 0.884771
vt 0.444285 0.895665
vt 0.454213 0.874539
vt 0.456196 0.892378
vt 0.896887 0.746957
vt 0.885838 0.751740
vt 0.877779 0.740531
vt 0.886406 0.740510
vt 0.901225 0.755914
vt 0.886450 0.767024
vt 0.881596 0.764005
vt 0.874764 0.752516
vt 0.900331 0.765594
vt 0.881398 0.782748
vt 0.877346 0.780347
vt 0.308902 0.845958
vt 0.318330 0.843732
vt 0.315714 0.864033
vt 0.308779 0.867883
vt 0.318309 0.852359
vt 0.321942 0.851162
vt 0.321819 0.870408
vt 0.321758 0.859980
vt 0.168362 0.723602
vt 0.153329 0.714759
vt 0.166437 0.713366
vt 0.175193 0.712112
vt 0.172611 0.739944
vt 0.148733 0.715510
vt 0.160169 0.744178
vt 0.143826 0.728007
vt 0.152705 0.745394
vt 0.150275 0.748055
vt 0.168560 0.742345
vt 0.165232 0.748628
vt 0.548336 0.991452
vt 0.548397 0.981023
vt 0.560510 0.977448
vt 0.560535 0.988168
vt 0.812698 0.973360
vt 0.802833 0.977860
vt 0.804795 0.963359
vt 0.816273 0.961247
vt 0.332830 0.756947
vt 0.341408 0.750094
vt 0.346702 0.767940
vt 0.343739 0.761054
vt 0.344674 0.749551
vt 0.348705 0.764092
vt 0.329068 0.740532
vt 0.341288 0.734075
vt 0.321355 0.732446
vt 0.316480 0.730322
vt 0.770215 0.788819
vt 0.770224 0.797695
vt 0.751350 0.788812
vt 0.754740 0.785433
vt 0.773969 0.813627
vt 0.766930 0.816139
vt 0.772904 0.821943
vt 0.765497 0.824328
vt 0.755742 0.821501
vt 0.765788 0.805772
vt 0.752913 0.826583
vt 0.510948 0.408201
vt 0.497228 0.400313
vt 0.508059 0.397877
vt 0.517793 0.410222
vt 0.490416 0.388775
vt 0.499781 0.383212
vt 0.493283 0.400617
vt 0.489038 0.395302
vt 0.487016 0.384994
vt 0.492269 0.378147
vt 0.518427 0.393722
vt 0.537629 0.415817
vt 0.486185 0.391580
vt 0.502361 0.379199
vt 0.547550 0.405737
vt 0.549356 0.407587
vt 0.488235 0.403646
vt 0.487373 0.398566
vt 0.522306 0.388738
vt 0.484256 0.394972
vt 0.485761 0.386916
vt 0.502601 0.376021
vt 0.506849 0.373604
vt 0.542105 0.385735
vt 0.558600 0.392155
vt 0.479892 0.406777
vt 0.476771 0.413832
vt 0.522864 0.374758
vt 0.538528 0.373583
vt 0.554082 0.379174
vt 0.470160 0.406392
vt 0.473421 0.389543
vt 0.515133 0.373977
vt 0.520518 0.369765
vt 0.526241 0.365906
vt 0.540540 0.364039
vt 0.540909 0.364450
vt 0.465182 0.408189
vt 0.463307 0.404813
vt 0.525016 0.362672
vt 0.534030 0.361155
vt 0.532781 0.359642
vt 0.546607 0.348775
vt 0.552804 0.349141
vt 0.554739 0.331992
vt 0.563973 0.332125
vt 0.562421 0.315433
vt 0.574562 0.315499
vt 0.569337 0.299342
vt 0.576618 0.299156
vt 0.557397 0.283967
vt 0.561285 0.282778
vt 0.556367 0.299218
vt 0.543125 0.284038
vt 0.546568 0.298749
vt 0.533361 0.283641
vt 0.545818 0.269244
vt 0.552603 0.269039
vt 0.103457 0.885414
vt 0.098028 0.896249
vt 0.094878 0.878076
vt 0.095401 0.883908
vt 0.181502 0.708141
vt 0.179847 0.698262
vt 0.184184 0.689305
vt 0.185737 0.700092
vt 0.186478 0.683218
vt 0.188862 0.696524
vt 0.176950 0.684146
vt 0.178291 0.677948
vt 0.190906 0.683992
vt 0.191279 0.692276
vt 0.181828 0.668341
vt 0.168702 0.670482
vt 0.178329 0.662889
vt 0.194198 0.672525
vt 0.195117 0.678607
vt 0.381081 0.916526
vt 0.372444 0.916550
vt 0.371245 0.899189
vt 0.381845 0.899100
vt 0.482976 0.969318
vt 0.473463 0.969293
vt 0.473463 0.953371
vt 0.484175 0.951957
vt 0.150477 0.596438
vt 0.136844 0.583916
vt 0.135139 0.577070
vt 0.140430 0.580709
vt 0.153305 0.601519
vt 0.140204 0.590219
vt 0.138540 0.549588
vt 0.143892 0.554015
vt 0.150144 0.603840
vt 0.138769 0.591949
vt 0.150503 0.545685
vt 0.151752 0.549768
vt 0.140372 0.601155
vt 0.130843 0.589513
vt 0.163132 0.545185
vt 0.161848 0.545956
vt 0.154868 0.563749
vt 0.160567 0.553753
vt 0.162114 0.546437
vt 0.253884 0.848021
vt 0.258319 0.856099
vt 0.261781 0.829404
vt 0.272757 0.839139
vt 0.705778 0.928093
vt 0.699564 0.927787
vt 0.703483 0.911178
vt 0.709681 0.916130
vt 0.693043 0.922578
vt 0.698520 0.907214
vt 0.709293 0.902791
vt 0.710182 0.903501
vt 0.182333 0.851493
vt 0.182298 0.840355
vt 0.189732 0.844106
vt 0.185039 0.851111
vt 0.178888 0.851108
vt 0.178855 0.840812
vt 0.172001 0.824264
vt 0.180096 0.827857
vt 0.168702 0.826839
vt 0.010245 0.844164
vt 0.009168 0.837961
vt 0.014892 0.834544
vt 0.015987 0.839431
vt 0.001935 0.825695
vt 0.009522 0.826929
vt 0.017964 0.818808
vt 0.018689 0.816194
vt 0.241959 0.790347
vt 0.255570 0.771225
vt 0.266707 0.777145
vt 0.254441 0.784379
vt 0.233061 0.792511
vt 0.236337 0.776922
vt 0.257073 0.765788
vt 0.266971 0.768715
vt 0.246099 0.761292
vt 0.239563 0.766724
vt 0.244812 0.758436
vt 0.237269 0.761256
vt 0.237869 0.757760
vt 0.425079 0.620164
vt 0.421597 0.623295
vt 0.412170 0.618003
vt 0.419596 0.609116
vt 0.420914 0.625407
vt 0.409081 0.620780
vt 0.408360 0.606601
vt 0.416299 0.596582
vt 0.403367 0.614683
vt 0.415829 0.593134
vt 0.417446 0.589472
vt 0.399639 0.605219
vt 0.403899 0.572204
vt 0.415404 0.569164
vt 0.380240 0.858448
vt 0.384798 0.843977
vt 0.387789 0.869492
vt 0.384867 0.870282
vt 0.369881 0.845726
vt 0.367459 0.844256
vt 0.015982 0.865922
vt 0.009158 0.866715
vt 0.008822 0.849864
vt 0.016901 0.848040
vt 0.412944 0.840413
vt 0.396147 0.838144
vt 0.405199 0.827656
vt 0.413953 0.831158
vt 0.394906 0.810391
vt 0.408589 0.818878
vt 0.969320 0.713951
vt 0.954022 0.715219
vt 0.956034 0.700452
vt 0.962397 0.696966
vt 0.966627 0.736891
vt 0.958028 0.730071
vt 0.935459 0.710521
vt 0.942659 0.696271
vt 0.946148 0.720909
vt 0.948225 0.684817
vt 0.955740 0.687567
vt 0.437268 0.805843
vt 0.435605 0.806392
vt 0.438261 0.789795
vt 0.448631 0.789818
vt 0.437652 0.772650
vt 0.448910 0.772480
vt 0.823899 0.992486
vt 0.823874 0.981766
vt 0.838897 0.993576
vt 0.835512 0.997342
vt 0.010017 0.889140
vt 0.001935 0.885263
vt 0.010255 0.870592
vt 0.012832 0.871969
vt 0.813293 0.997310
vt 0.810192 0.990105
vt 0.811456 0.981736
vt 0.817915 0.993621
vt 0.810455 0.929823
vt 0.810430 0.919102
vt 0.826328 0.908865
vt 0.826346 0.918521
vt 0.810405 0.905282
vt 0.826328 0.908865
vt 0.344763 0.849813
vt 0.344744 0.843811
vt 0.361219 0.859275
vt 0.361244 0.870144
vt 0.084397 0.700177
vt 0.082773 0.705893
vt 0.066484 0.681833
vt 0.073980 0.682825
vt 0.070313 0.659938
vt 0.077199 0.662845
vt 0.766867 0.927827
vt 0.768789 0.929652
vt 0.772009 0.909671
vt 0.781539 0.919507
vt 0.783361 0.904885
vt 0.786510 0.912560
vt 0.216782 0.541524
vt 0.207837 0.527949
vt 0.214602 0.518358
vt 0.219589 0.524875
vt 0.196817 0.544915
vt 0.186576 0.524196
vt 0.195771 0.484997
vt 0.214198 0.491268
vt 0.175443 0.530849
vt 0.182253 0.526621
vt 0.177510 0.490803
vt 0.226244 0.490384
vt 0.228419 0.486329
vt 0.170712 0.492581
vt 0.236776 0.907362
vt 0.243890 0.906072
vt 0.243577 0.914980
vt 0.236767 0.910752
vt 0.388282 0.916855
vt 0.388282 0.915417
vt 0.404948 0.899409
vt 0.404204 0.915417
vt 0.864053 0.930049
vt 0.861605 0.929655
vt 0.868078 0.921932
vt 0.875095 0.925211
vt 0.870304 0.906091
vt 0.878933 0.911223
vt 0.863659 0.917400
vt 0.859621 0.905569
vt 0.566944 0.945011
vt 0.571179 0.930696
vt 0.576751 0.937817
vt 0.575404 0.937796
vt 0.558317 0.952503
vt 0.561053 0.941185
vt 0.570379 0.945739
vt 0.577852 0.937402
vt 0.390280 0.465554
vt 0.378178 0.466758
vt 0.370530 0.456161
vt 0.383301 0.456181
vt 0.367200 0.469575
vt 0.356102 0.456085
vt 0.364107 0.446305
vt 0.373645 0.451015
vt 0.388821 0.483104
vt 0.389141 0.486939
vt 0.362342 0.446975
vt 0.378155 0.443901
vt 0.377908 0.444706
vt 0.373084 0.440370
vt 0.382060 0.423474
vt 0.387320 0.435996
vt 0.384139 0.412171
vt 0.391308 0.424682
vt 0.395387 0.406342
vt 0.402726 0.419139
vt 0.399569 0.436612
vt 0.390163 0.444018
vt 0.410931 0.431387
vt 0.414387 0.413939
vt 0.418436 0.417618
vt 0.411275 0.433329
vt 0.401994 0.448056
vt 0.315855 0.469365
vt 0.303582 0.463549
vt 0.318206 0.455216
vt 0.332752 0.460389
vt 0.309251 0.480107
vt 0.303378 0.476892
vt 0.297421 0.462047
vt 0.303488 0.448068
vt 0.338862 0.453666
vt 0.344055 0.458310
vt 0.308122 0.440314
vt 0.344009 0.442969
vt 0.349884 0.447062
vt 0.312817 0.429361
vt 0.326198 0.422321
vt 0.337960 0.430948
vt 0.312660 0.416183
vt 0.330613 0.408064
vt 0.335978 0.415503
vt 0.326984 0.403818
vt 0.346251 0.399222
vt 0.342948 0.399894
vt 0.745183 0.863595
vt 0.745183 0.863595
vt 0.752774 0.846913
vt 0.765867 0.846940
vt 0.744152 0.831999
vt 0.745026 0.830459
vt 0.283245 0.710565
vt 0.272779 0.682350
vt 0.271390 0.667617
vt 0.282932 0.701657
vt 0.279734 0.712603
vt 0.270920 0.697631
vt 0.765123 0.996765
vt 0.762764 0.996264
vt 0.760707 0.981561
vt 0.772328 0.981499
vt 0.233337 0.877268
vt 0.230671 0.880116
vt 0.230930 0.861549
vt 0.233602 0.860114
vt 0.511059 0.609821
vt 0.491546 0.608648
vt 0.486714 0.591447
vt 0.510958 0.590846
vt 0.507399 0.624534
vt 0.499558 0.624599
vt 0.493301 0.573442
vt 0.497260 0.569384
vt 0.170090 0.896896
vt 0.154009 0.890450
vt 0.154429 0.878898
vt 0.153558 0.881197
vt 0.250479 0.539426
vt 0.248829 0.535005
vt 0.253229 0.528260
vt 0.257169 0.533137
vt 0.240188 0.530440
vt 0.246174 0.515715
vt 0.257936 0.520625
vt 0.263088 0.525823
vt 0.235110 0.541873
vt 0.234378 0.545029
vt 0.253264 0.506642
vt 0.262936 0.511424
vt 0.265802 0.518664
vt 0.266502 0.525830
vt 0.261422 0.533146
vt 0.246009 0.519140
vt 0.248316 0.495759
vt 0.257588 0.495071
vt 0.272729 0.523712
vt 0.253640 0.484997
vt 0.277698 0.516375
vt 0.280200 0.524381
vt 0.276189 0.503835
vt 0.290619 0.505014
vt 0.293458 0.513802
vt 0.290399 0.501382
vt 0.540786 0.982975
vt 0.542377 0.987013
vt 0.536231 0.980967
vt 0.533406 0.973228
vt 0.441450 0.604412
vt 0.435494 0.604395
vt 0.431819 0.585862
vt 0.437944 0.585879
vt 0.443955 0.624849
vt 0.438119 0.624811
vt 0.431819 0.569164
vt 0.437944 0.569181
vt 0.193350 0.731920
vt 0.181152 0.732956
vt 0.188004 0.712017
vt 0.191384 0.713471
vt 0.192163 0.748135
vt 0.182053 0.748780
vt 0.757403 0.966171
vt 0.758002 0.960830
vt 0.768131 0.971981
vt 0.763495 0.977623
vt 0.018102 0.472044
vt 0.009562 0.469540
vt 0.029402 0.466223
vt 0.032827 0.466058
vt 0.008019 0.469784
vt 0.023106 0.464058
vt 0.001935 0.467645
vt 0.011226 0.457819
vt 0.042389 0.458019
vt 0.052783 0.463916
vt 0.002067 0.467185
vt 0.004733 0.454554
vt 0.024222 0.449329
vt 0.053665 0.453132
vt 0.063545 0.458593
vt 0.013300 0.446420
vt 0.033553 0.443581
vt 0.044962 0.435237
vt 0.044708 0.436043
vt 0.021492 0.440673
vt 0.036278 0.435354
vt 0.037230 0.416552
vt 0.047160 0.421833
vt 0.031197 0.438130
vt 0.031287 0.420439
vt 0.047291 0.411199
vt 0.060613 0.414939
vt 0.048722 0.403528
vt 0.047495 0.403625
vt 0.057291 0.404140
vt 0.061782 0.415526
vt 0.041261 0.387861
vt 0.047382 0.388035
vt 0.058712 0.388132
vt 0.067522 0.404385
vt 0.310215 0.920082
vt 0.315536 0.921776
vt 0.318270 0.931428
vt 0.316743 0.931316
vt 0.757545 0.733541
vt 0.753127 0.716743
vt 0.767437 0.716666
vt 0.759837 0.733267
vt 0.768559 0.700084
vt 0.771157 0.700164
vt 0.748795 0.716803
vt 0.759798 0.699941
vt 0.768915 0.683405
vt 0.773288 0.683689
vt 0.755250 0.699872
vt 0.761731 0.683499
vt 0.181095 0.875033
vt 0.183318 0.859425
vt 0.188056 0.855370
vt 0.187108 0.874210
vt 0.822439 0.951805
vt 0.812037 0.937286
vt 0.832833 0.948528
vt 0.828221 0.957371
vt 0.830877 0.938235
vt 0.826822 0.933725
vt 0.086962 0.805876
vt 0.092850 0.789356
vt 0.093827 0.793068
vt 0.087834 0.811843
vt 0.075231 0.817517
vt 0.075074 0.816633
vt 0.344744 0.623619
vt 0.354905 0.613371
vt 0.367524 0.621643
vt 0.349231 0.625747
vt 0.367646 0.604450
vt 0.374534 0.612112
vt 0.351880 0.612924
vt 0.363481 0.599817
vt 0.380929 0.595133
vt 0.379929 0.600876
vt 0.371944 0.591994
vt 0.375739 0.585575
vt 0.391930 0.585635
vt 0.382333 0.569260
vt 0.388154 0.569163
vt 0.428587 0.920779
vt 0.430682 0.933954
vt 0.427552 0.933735
vt 0.418555 0.921072
vt 0.094168 0.874166
vt 0.098722 0.855039
vt 0.100329 0.863593
vt 0.094419 0.869839
vt 0.887655 0.828531
vt 0.874895 0.823741
vt 0.883549 0.810779
vt 0.892179 0.824464
vt 0.868903 0.804965
vt 0.875187 0.793266
vt 0.863421 0.791636
vt 0.863136 0.787048
vt 0.932328 0.982071
vt 0.922802 0.997592
vt 0.916604 0.997958
vt 0.925512 0.982592
vt 0.920195 0.977964
vt 0.921581 0.962338
vt 0.927391 0.962071
vt 0.926519 0.978143
vt 0.007059 0.556192
vt 0.024198 0.562686
vt 0.012514 0.568747
vt 0.001935 0.555489
vt 0.017262 0.557648
vt 0.038052 0.560998
vt 0.042058 0.569212
vt 0.033711 0.573792
vt 0.028600 0.552238
vt 0.049137 0.556145
vt 0.051095 0.567837
vt 0.024129 0.544211
vt 0.017061 0.543017
vt 0.048370 0.583286
vt 0.036853 0.582807
vt 0.033010 0.544392
vt 0.051626 0.553432
vt 0.048665 0.599600
vt 0.037187 0.599401
vt 0.035687 0.539915
vt 0.051873 0.553157
vt 0.830137 0.828312
vt 0.813961 0.812443
vt 0.828516 0.817959
vt 0.830363 0.827536
vt 0.807995 0.800155
vt 0.818405 0.804346
vt 0.819595 0.787048
vt 0.829306 0.790913
vt 0.338459 0.832659
vt 0.341804 0.824348
vt 0.351575 0.839934
vt 0.337684 0.832802
vt 0.352130 0.821754
vt 0.353938 0.833583
vt 0.341881 0.810656
vt 0.351629 0.812605
vt 0.364632 0.826447
vt 0.364185 0.823422
vt 0.249527 0.871015
vt 0.262961 0.860114
vt 0.266826 0.869824
vt 0.253568 0.880403
vt 0.062051 0.869138
vt 0.059426 0.858717
vt 0.071535 0.862926
vt 0.066344 0.871579
vt 0.055995 0.862114
vt 0.058413 0.857843
vt 0.070444 0.852684
vt 0.070444 0.852684
vt 0.361896 0.395346
vt 0.361112 0.381336
vt 0.368812 0.379635
vt 0.367464 0.394435
vt 0.364528 0.365322
vt 0.376161 0.365856
vt 0.365644 0.349750
vt 0.380706 0.350857
vt 0.386112 0.366215
vt 0.369937 0.379468
vt 0.370111 0.334862
vt 0.370679 0.334891
vt 0.387954 0.351378
vt 0.381584 0.335424
vt 0.360029 0.319247
vt 0.363486 0.319340
vt 0.369211 0.319443
vt 0.388875 0.335774
vt 0.338444 0.302995
vt 0.341295 0.302993
vt 0.358360 0.303118
vt 0.371986 0.319391
vt 0.353815 0.286240
vt 0.367299 0.286416
vt 0.371807 0.303249
vt 0.381877 0.319485
vt 0.365344 0.269039
vt 0.371154 0.269456
vt 0.371426 0.286118
vt 0.282278 0.905494
vt 0.291647 0.898545
vt 0.290667 0.903730
vt 0.283995 0.916281
vt 0.447726 0.466895
vt 0.441123 0.483050
vt 0.426140 0.483147
vt 0.451182 0.466802
vt 0.441511 0.499903
vt 0.441511 0.499903
vt 0.461584 0.482966
vt 0.446617 0.499668
vt 0.475845 0.482870
vt 0.459167 0.499536
vt 0.476878 0.466484
vt 0.469573 0.466658
vt 0.469280 0.450719
vt 0.457808 0.451280
vt 0.467237 0.435187
vt 0.453340 0.436393
vt 0.474334 0.434656
vt 0.476525 0.450366
vt 0.452094 0.419694
vt 0.452224 0.420821
vt 0.759212 0.867508
vt 0.770977 0.882885
vt 0.749129 0.883122
vt 0.759779 0.867480
vt 0.762988 0.899194
vt 0.742527 0.899277
vt 0.287580 0.663740
vt 0.280705 0.648103
vt 0.300337 0.647612
vt 0.281996 0.662938
vt 0.287092 0.632576
vt 0.298548 0.632030
vt 0.270216 0.648226
vt 0.281282 0.632843
vt 0.296157 0.615763
vt 0.302950 0.615642
vt 0.388144 0.894667
vt 0.380059 0.876176
vt 0.387581 0.874434
vt 0.394823 0.895223
vt 0.895646 0.985829
vt 0.901963 0.982071
vt 0.906159 0.987799
vt 0.899206 0.989421
vt 0.910645 0.994657
vt 0.905513 0.997891
vt 0.352031 0.931768
vt 0.351143 0.920067
vt 0.363094 0.925880
vt 0.359337 0.932197
vt 0.080386 0.646384
vt 0.091681 0.636159
vt 0.091447 0.647424
vt 0.080874 0.651633
vt 0.096140 0.617009
vt 0.097329 0.629912
vt 0.103886 0.608653
vt 0.104172 0.620828
vt 0.097741 0.638753
vt 0.092498 0.656061
vt 0.276316 0.741703
vt 0.280177 0.739089
vt 0.288050 0.750794
vt 0.282810 0.753884
vt 0.283370 0.733452
vt 0.292881 0.741480
vt 0.273575 0.721737
vt 0.280628 0.726398
vt 0.271811 0.716480
vt 0.277324 0.718201
vt 0.143381 0.611236
vt 0.161274 0.626092
vt 0.143265 0.626290
vt 0.142703 0.613271
vt 0.158306 0.642258
vt 0.154870 0.642198
vt 0.169120 0.625783
vt 0.165219 0.642083
vt 0.154033 0.658994
vt 0.147824 0.658988
vt 0.552280 0.948250
vt 0.535632 0.929315
vt 0.535585 0.926650
vt 0.552358 0.935152
vt 0.632469 0.973456
vt 0.635432 0.957883
vt 0.642569 0.958381
vt 0.642146 0.974875
vt 0.548661 0.739085
vt 0.552040 0.746743
vt 0.540564 0.741918
vt 0.535930 0.734163
vt 0.557279 0.751662
vt 0.545260 0.752871
vt 0.561970 0.765724
vt 0.545103 0.766048
vt 0.559427 0.778413
vt 0.559427 0.778413
vt 0.228011 0.829380
vt 0.246267 0.839923
vt 0.234811 0.839377
vt 0.227383 0.830599
vt 0.246562 0.856238
vt 0.239941 0.853840
vt 0.442663 0.934228
vt 0.436641 0.921403
vt 0.436995 0.920849
vt 0.447929 0.931665
vt 0.089550 0.299653
vt 0.099715 0.316034
vt 0.081863 0.316144
vt 0.085066 0.300787
vt 0.099778 0.332225
vt 0.087106 0.332361
vt 0.106730 0.348530
vt 0.100511 0.349015
vt 0.076822 0.332852
vt 0.079456 0.316303
vt 0.105809 0.364135
vt 0.099627 0.364811
vt 0.089055 0.349870
vt 0.088238 0.366003
vt 0.083245 0.350287
vt 0.071716 0.333087
vt 0.100656 0.378096
vt 0.092091 0.377020
vt 0.082462 0.366585
vt 0.095114 0.383985
vt 0.091143 0.382659
vt 0.083338 0.376415
vt 0.081047 0.379894
vt 0.076428 0.379571
vt 0.077674 0.377218
vt 0.682550 0.821607
vt 0.689865 0.816527
vt 0.701398 0.818081
vt 0.686714 0.826239
vt 0.691983 0.810299
vt 0.699631 0.809973
vt 0.686687 0.800643
vt 0.689083 0.794091
vt 0.712091 0.805110
vt 0.708122 0.818751
vt 0.707690 0.796725
vt 0.682515 0.785397
vt 0.680655 0.786116
vt 0.711237 0.794976
vt 0.716943 0.803973
vt 0.180010 0.811615
vt 0.191317 0.800851
vt 0.184413 0.810594
vt 0.179751 0.820387
vt 0.199150 0.791694
vt 0.199132 0.807870
vt 0.208147 0.797400
vt 0.207525 0.807427
vt 0.178167 0.476343
vt 0.187744 0.462273
vt 0.195234 0.466249
vt 0.182167 0.480567
vt 0.221418 0.461705
vt 0.224364 0.463382
vt 0.207437 0.474758
vt 0.190357 0.481121
vt 0.179350 0.461503
vt 0.192378 0.454607
vt 0.214184 0.448391
vt 0.226023 0.448493
vt 0.208311 0.448230
vt 0.214196 0.431493
vt 0.226023 0.431560
vt 0.224679 0.415051
vt 0.228131 0.415211
vt 0.241042 0.415297
vt 0.236081 0.431695
vt 0.243629 0.399315
vt 0.243676 0.399318
vt 0.257533 0.825517
vt 0.254666 0.796387
vt 0.254598 0.802498
vt 0.266042 0.813315
vt 0.778568 0.557469
vt 0.799094 0.562289
vt 0.778019 0.565645
vt 0.774215 0.559952
vt 0.814299 0.570993
vt 0.796901 0.571011
vt 0.809329 0.587408
vt 0.803508 0.587311
vt 0.783516 0.575639
vt 0.766297 0.570119
vt 0.818347 0.604214
vt 0.814694 0.604263
vt 0.797298 0.587493
vt 0.775481 0.581290
vt 0.762453 0.574394
vt 0.809329 0.621261
vt 0.803508 0.621509
vt 0.791414 0.587667
vt 0.179501 0.548792
vt 0.187321 0.564402
vt 0.174985 0.564408
vt 0.176394 0.548943
vt 0.181596 0.549073
vt 0.193240 0.564560
vt 0.183572 0.581288
vt 0.180221 0.581352
vt 0.190621 0.581152
vt 0.186469 0.597984
vt 0.183563 0.598225
vt 0.170595 0.607359
vt 0.171562 0.604928
vt 0.876617 0.934237
vt 0.873654 0.947739
vt 0.866468 0.946584
vt 0.873654 0.933926
vt 0.860255 0.957883
vt 0.855388 0.957245
vt 0.870978 0.978122
vt 0.873477 0.961967
vt 0.880782 0.961782
vt 0.880601 0.978151
vt 0.644232 0.633565
vt 0.659964 0.648352
vt 0.658745 0.654858
vt 0.643827 0.639599
vt 0.644692 0.625708
vt 0.659900 0.641953
vt 0.668110 0.658670
vt 0.662354 0.667866
vt 0.671519 0.650231
vt 0.675237 0.666537
vt 0.670181 0.674992
vt 0.659783 0.671176
vt 0.657183 0.657108
vt 0.678955 0.670959
vt 0.678292 0.676842
vt 0.666302 0.679066
vt 0.674725 0.680228
vt 0.506728 0.952723
vt 0.506467 0.969555
vt 0.500270 0.969177
vt 0.500519 0.952530
vt 0.495290 0.968870
vt 0.490500 0.952213
vt 0.090842 0.824854
vt 0.074055 0.848808
vt 0.074243 0.837756
vt 0.090789 0.821394
vt 0.671785 0.733557
vt 0.662784 0.716582
vt 0.675870 0.716883
vt 0.674935 0.733708
vt 0.673179 0.699600
vt 0.678955 0.700181
vt 0.695153 0.717474
vt 0.681540 0.734007
vt 0.671613 0.684104
vt 0.677321 0.684841
vt 0.690343 0.701374
vt 0.680260 0.685229
vt 0.849429 0.937031
vt 0.844236 0.948193
vt 0.838792 0.939979
vt 0.847238 0.933725
vt 0.844910 0.957614
vt 0.839080 0.948819
vt 0.503752 0.781896
vt 0.505282 0.804149
vt 0.493235 0.794627
vt 0.498255 0.789247
vt 0.495569 0.813705
vt 0.484085 0.800997
vt 0.509413 0.806887
vt 0.499641 0.816403
vt 0.486477 0.820275
vt 0.486020 0.819399
vt 0.673774 0.993383
vt 0.679698 0.979242
vt 0.686862 0.980280
vt 0.678308 0.993850
vt 0.654739 0.931693
vt 0.660754 0.945971
vt 0.650810 0.943425
vt 0.648964 0.932274
vt 0.654756 0.954006
vt 0.646843 0.949314
vt 0.861626 0.628486
vt 0.870992 0.631724
vt 0.864347 0.642587
vt 0.859621 0.634202
vt 0.873531 0.649108
vt 0.866845 0.660364
vt 0.877731 0.665355
vt 0.875885 0.675879
vt 0.874916 0.681309
vt 0.865262 0.670951
vt 0.493493 0.987058
vt 0.483135 0.977404
vt 0.485460 0.973432
vt 0.494949 0.983243
vt 0.578658 0.981652
vt 0.569168 0.991463
vt 0.566494 0.987428
vt 0.574196 0.977381
vt 0.609278 0.916914
vt 0.596715 0.924287
vt 0.601082 0.913840
vt 0.609789 0.913220
vt 0.594183 0.920649
vt 0.598255 0.914923
vt 0.599789 0.901291
vt 0.608821 0.908518
vt 0.594454 0.926841
vt 0.590825 0.923008
vt 0.597555 0.911301
vt 0.510391 0.978553
vt 0.503876 0.987192
vt 0.500908 0.982715
vt 0.509462 0.973516
vt 0.115331 0.835703
vt 0.098663 0.851163
vt 0.098789 0.841431
vt 0.115397 0.823749
vt 0.534070 0.824721
vt 0.526582 0.841459
vt 0.518212 0.842080
vt 0.527277 0.825031
vt 0.517395 0.858213
vt 0.513215 0.857422
vt 0.444161 0.859545
vt 0.439442 0.870662
vt 0.432239 0.869540
vt 0.437123 0.858831
vt 0.424735 0.844870
vt 0.420461 0.844405
vt 0.516350 0.980106
vt 0.527447 0.973516
vt 0.525710 0.987048
vt 0.518208 0.987230
vt 0.145704 0.824032
vt 0.151985 0.833606
vt 0.147508 0.836573
vt 0.142201 0.826354
vt 0.161194 0.842201
vt 0.156717 0.845168
vt 0.155511 0.851275
vt 0.146403 0.843080
vt 0.710199 0.980119
vt 0.719408 0.988714
vt 0.718202 0.994821
vt 0.709094 0.986625
vt 0.846247 0.832725
vt 0.845998 0.849372
vt 0.833120 0.848570
vt 0.836228 0.832407
vt 0.852456 0.832918
vt 0.860872 0.849123
vt 0.854906 0.864471
vt 0.853413 0.863772
vt 0.857189 0.865465
vt 0.661783 0.975024
vt 0.650316 0.973494
vt 0.649506 0.965287
vt 0.662521 0.969316
vt 0.652658 0.959113
vt 0.664033 0.958062
vt 0.957143 0.962117
vt 0.961099 0.972098
vt 0.956480 0.975160
vt 0.950198 0.965586
vt 0.952003 0.978127
vt 0.946696 0.967908
vt 0.606716 0.887681
vt 0.594653 0.897379
vt 0.585881 0.879612
vt 0.600822 0.877594
vt 0.582414 0.895064
vt 0.581369 0.886149
vt 0.579805 0.876197
vt 0.581954 0.865999
vt 0.416102 0.899467
vt 0.428336 0.916485
vt 0.422526 0.916902
vt 0.410997 0.899701
vt 0.412596 0.923810
vt 0.408266 0.932976
vt 0.403315 0.933738
vt 0.407400 0.920779
vt 0.948176 0.913221
vt 0.935189 0.916984
vt 0.933445 0.908263
vt 0.944020 0.905623
vt 0.957023 0.925246
vt 0.946372 0.930023
vt 0.899372 0.977339
vt 0.906877 0.962071
vt 0.913765 0.962945
vt 0.910828 0.978195
vt 0.270858 0.899389
vt 0.267800 0.909363
vt 0.257670 0.901621
vt 0.274507 0.898135
vt 0.274201 0.905649
vt 0.268484 0.910799
vt 0.267883 0.915956
vt 0.261077 0.914972
vt 0.088335 0.878554
vt 0.083150 0.893801
vt 0.075948 0.882569
vt 0.083825 0.875564
vt 0.438296 0.880615
vt 0.427555 0.895590
vt 0.422711 0.886446
vt 0.434064 0.874539
vt 0.693926 0.979242
vt 0.703135 0.987837
vt 0.701929 0.993944
vt 0.692821 0.985748
vt 0.368449 0.874159
vt 0.374100 0.884748
vt 0.368946 0.886692
vt 0.366937 0.875037
vt 0.371903 0.894528
vt 0.367220 0.894799
vt 0.670328 0.975171
vt 0.673733 0.963483
vt 0.681205 0.958212
vt 0.673640 0.970510
vt 0.178414 0.390919
vt 0.150827 0.388739
vt 0.163018 0.382593
vt 0.181893 0.387253
vt 0.131074 0.379586
vt 0.138467 0.380104
vt 0.174714 0.374886
vt 0.182504 0.387278
vt 0.133735 0.364917
vt 0.136274 0.365102
vt 0.160931 0.373873
vt 0.145432 0.348264
vt 0.157891 0.348177
vt 0.150831 0.365085
vt 0.145432 0.331522
vt 0.162151 0.331583
vt 0.160980 0.348181
vt 0.143458 0.315243
vt 0.157195 0.314931
vt 0.168718 0.348189
vt 0.163481 0.364499
vt 0.129153 0.300111
vt 0.130902 0.299653
vt 0.055274 0.830553
vt 0.045661 0.846708
vt 0.045812 0.848539
vt 0.047992 0.820951
vt 0.464778 0.561774
vt 0.458293 0.544669
vt 0.470126 0.542722
vt 0.471895 0.565508
vt 0.473490 0.523550
vt 0.485090 0.518209
vt 0.495533 0.504170
vt 0.494819 0.503779
vt 0.144241 0.662870
vt 0.144383 0.686650
vt 0.130843 0.680954
vt 0.147508 0.668174
vt 0.154506 0.700372
vt 0.141510 0.694914
vt 0.152776 0.687586
vt 0.162504 0.702015
vt 0.154023 0.708236
vt 0.145987 0.706401
vt 0.153777 0.708078
vt 0.807697 0.734606
vt 0.793090 0.726706
vt 0.789004 0.709803
vt 0.800407 0.710506
vt 0.780305 0.722591
vt 0.782551 0.725402
vt 0.779247 0.684064
vt 0.793705 0.693072
vt 0.806360 0.699382
vt 0.806693 0.703518
vt 0.857177 0.812787
vt 0.850724 0.828386
vt 0.845142 0.815256
vt 0.847420 0.787048
vt 0.836368 0.825602
vt 0.836368 0.825602
vt 0.836322 0.825545
vt 0.841235 0.804626
vt 0.468609 0.926864
vt 0.463698 0.948003
vt 0.462155 0.936304
vt 0.468218 0.927578
vt 0.205780 0.394838
vt 0.201261 0.381359
vt 0.206200 0.378337
vt 0.209406 0.395439
vt 0.193951 0.372354
vt 0.206326 0.366327
vt 0.197447 0.359141
vt 0.215641 0.349808
vt 0.210839 0.343381
vt 0.223453 0.333305
vt 0.231595 0.340957
vt 0.220871 0.358781
vt 0.204101 0.330146
vt 0.224059 0.317714
vt 0.236729 0.325779
vt 0.188463 0.316432
vt 0.197228 0.314337
vt 0.236830 0.310533
vt 0.212263 0.306911
vt 0.194012 0.299867
vt 0.200261 0.299653
vt 0.599606 0.956594
vt 0.596400 0.973696
vt 0.585146 0.970817
vt 0.596127 0.957312
vt 0.282104 0.274104
vt 0.289982 0.291255
vt 0.276541 0.284726
vt 0.273708 0.269039
vt 0.284487 0.272721
vt 0.295211 0.290546
vt 0.285765 0.305559
vt 0.280928 0.304687
vt 0.300345 0.305723
vt 0.291231 0.320141
vt 0.278319 0.320100
vt 0.300445 0.320969
vt 0.284609 0.324718
vt 0.272969 0.323098
vt 0.261746 0.332184
vt 0.256953 0.332239
vt 0.250898 0.348647
vt 0.242789 0.348538
vt 0.249150 0.332074
vt 0.265565 0.322005
vt 0.263877 0.331849
vt 0.263837 0.348728
vt 0.251806 0.365585
vt 0.245175 0.365295
vt 0.964369 0.816480
vt 0.951742 0.823108
vt 0.941365 0.819403
vt 0.951823 0.810835
vt 0.930823 0.828021
vt 0.930766 0.827975
vt 0.933803 0.813362
vt 0.940249 0.801589
vt 0.959760 0.802527
vt 0.958416 0.797049
vt 0.950937 0.786461
vt 0.960311 0.802465
vt 0.969320 0.816924
vt 0.217410 0.835958
vt 0.219797 0.851332
vt 0.214078 0.843372
vt 0.210346 0.824264
vt 0.280385 0.843350
vt 0.294651 0.845838
vt 0.294660 0.858942
vt 0.280403 0.856124
vt 0.299428 0.866014
vt 0.301255 0.870042
vt 0.022642 0.678759
vt 0.020152 0.664536
vt 0.026787 0.659236
vt 0.029275 0.673502
vt 0.006715 0.687633
vt 0.013657 0.665576
vt 0.009704 0.656364
vt 0.006611 0.654458
vt 0.001935 0.701381
vt 0.003654 0.698771
vt 0.753696 0.991688
vt 0.750494 0.996563
vt 0.744718 0.995052
vt 0.747729 0.988983
vt 0.754749 0.987369
vt 0.748737 0.981499
vt 0.725609 0.553726
vt 0.716342 0.544672
vt 0.728593 0.540032
vt 0.731202 0.554360
vt 0.705960 0.536321
vt 0.720259 0.529943
vt 0.701785 0.527779
vt 0.709697 0.521459
vt 0.727028 0.524536
vt 0.728593 0.540032
vt 0.718892 0.518697
vt 0.711375 0.512149
vt 0.715566 0.512024
vt 0.705795 0.495403
vt 0.718698 0.495416
vt 0.705795 0.478492
vt 0.711375 0.478668
vt 0.699586 0.495397
vt 0.691150 0.478660
vt 0.601818 0.984896
vt 0.615650 0.978459
vt 0.614967 0.985167
vt 0.602214 0.992682
vt 0.281453 0.894259
vt 0.272785 0.879655
vt 0.290355 0.873919
vt 0.283919 0.887750
vt 0.224713 0.865372
vt 0.218908 0.879920
vt 0.209445 0.874718
vt 0.218113 0.860114
vt 0.110684 0.709770
vt 0.116323 0.717075
vt 0.109610 0.722290
vt 0.108726 0.714651
vt 0.120310 0.722707
vt 0.110680 0.733633
vt 0.100788 0.746244
vt 0.100314 0.736948
vt 0.120211 0.732143
vt 0.109857 0.745942
vt 0.806078 0.947805
vt 0.798475 0.956854
vt 0.796502 0.949078
vt 0.795642 0.933389
vt 0.577257 0.797155
vt 0.575502 0.821072
vt 0.564460 0.800935
vt 0.577936 0.789020
vt 0.561491 0.818403
vt 0.555514 0.810921
vt 0.557731 0.787033
vt 0.572690 0.782453
vt 0.546236 0.820635
vt 0.546236 0.820635
vt 0.551102 0.799659
vt 0.488160 0.857873
vt 0.479142 0.841067
vt 0.488160 0.840946
vt 0.493981 0.857970
vt 0.506075 0.824151
vt 0.506075 0.824151
vt 0.783688 0.743043
vt 0.775726 0.753397
vt 0.764757 0.749219
vt 0.781640 0.738482
vt 0.768741 0.764663
vt 0.762532 0.764481
vt 0.780417 0.753464
vt 0.781645 0.765048
vt 0.771035 0.781450
vt 0.761189 0.781374
vt 0.786842 0.781557
vt 0.702203 0.958441
vt 0.696159 0.975365
vt 0.687364 0.975344
vt 0.696382 0.958538
vt 0.216560 0.702626
vt 0.202775 0.702239
vt 0.228061 0.692470
vt 0.220136 0.707676
vt 0.228659 0.677962
vt 0.227665 0.676801
vt 0.224080 0.663002
vt 0.229032 0.662559
vt 0.081163 0.852684
vt 0.088209 0.858372
vt 0.086889 0.864156
vt 0.078690 0.859646
vt 0.084383 0.871687
vt 0.077493 0.864716
vt 0.576895 0.730286
vt 0.569924 0.723397
vt 0.575477 0.711190
vt 0.577771 0.716658
vt 0.566756 0.713034
vt 0.573535 0.704970
vt 0.555473 0.700652
vt 0.570932 0.693449
vt 0.557528 0.691787
vt 0.562878 0.687513
vt 0.548383 0.682379
vt 0.557652 0.681821
vt 0.549234 0.694036
vt 0.544124 0.681196
vt 0.139787 0.878472
vt 0.146120 0.891213
vt 0.147011 0.896540
vt 0.134629 0.885257
vt 0.124761 0.865715
vt 0.114199 0.874200
vt 0.106288 0.867880
vt 0.111398 0.855039
vt 0.418011 0.629650
vt 0.408241 0.646270
vt 0.392682 0.646154
vt 0.409032 0.629623
vt 0.397758 0.662712
vt 0.385045 0.662634
vt 0.406301 0.678256
vt 0.398517 0.678250
vt 0.446945 0.678017
vt 0.435156 0.661265
vt 0.441365 0.661271
vt 0.451136 0.677891
vt 0.423970 0.644648
vt 0.430882 0.644829
vt 0.431726 0.629284
vt 0.439425 0.629285
vt 0.737392 0.980780
vt 0.738759 0.995023
vt 0.725367 0.987837
vt 0.727230 0.980119
vt 0.253940 0.922697
vt 0.252914 0.929181
vt 0.249849 0.919833
vt 0.255546 0.921841
vt 0.031793 0.875011
vt 0.033768 0.877348
vt 0.025781 0.893189
vt 0.019160 0.889870
vt 0.036572 0.887488
vt 0.035328 0.893454
vt 0.252804 0.740502
vt 0.247273 0.735995
vt 0.253376 0.731193
vt 0.263516 0.733996
vt 0.229068 0.722026
vt 0.239093 0.717422
vt 0.253869 0.743215
vt 0.265852 0.735971
vt 0.229098 0.713808
vt 0.231921 0.711553
vt 0.249542 0.748880
vt 0.247097 0.743898
vt 0.459899 0.951880
vt 0.466440 0.964656
vt 0.462735 0.969292
vt 0.454534 0.958651
vt 0.724415 0.959623
vt 0.714396 0.976236
vt 0.708187 0.976242
vt 0.714396 0.959325
vt 0.655977 0.862980
vt 0.637466 0.846320
vt 0.650092 0.846243
vt 0.660111 0.862856
vt 0.628684 0.829799
vt 0.639610 0.829801
vt 0.621749 0.978751
vt 0.635303 0.987327
vt 0.635890 0.993035
vt 0.621609 0.990312
vt 0.605968 0.974549
vt 0.605968 0.957450
vt 0.607350 0.957521
vt 0.612178 0.974367
vt 0.101478 0.598743
vt 0.102248 0.588821
vt 0.108349 0.587095
vt 0.107920 0.596682
vt 0.105874 0.575032
vt 0.111447 0.573894
vt 0.103870 0.604776
vt 0.106724 0.602788
vt 0.105709 0.560860
vt 0.111071 0.560168
vt 0.089614 0.546360
vt 0.089199 0.545185
vt 0.749798 0.960761
vt 0.748978 0.976823
vt 0.747938 0.977567
vt 0.749382 0.961936
vt 0.841512 0.606570
vt 0.845307 0.589832
vt 0.854411 0.589839
vt 0.847021 0.606473
vt 0.835164 0.572883
vt 0.843851 0.573085
vt 0.825346 0.623486
vt 0.824306 0.622743
vt 0.840423 0.589829
vt 0.828424 0.572719
vt 0.830241 0.555920
vt 0.832841 0.555952
vt 0.037316 0.784284
vt 0.042904 0.790393
vt 0.038816 0.803313
vt 0.029033 0.791862
vt 0.035046 0.812318
vt 0.021924 0.799387
vt 0.775066 0.977551
vt 0.774439 0.961012
vt 0.780649 0.960830
vt 0.780972 0.977417
vt 0.730902 0.976230
vt 0.736786 0.959325
vt 0.737023 0.959325
vt 0.740565 0.975949
vt 0.574722 0.734433
vt 0.588147 0.750678
vt 0.577318 0.750948
vt 0.568110 0.735150
vt 0.597560 0.765390
vt 0.587116 0.765905
vt 0.577641 0.764995
vt 0.569441 0.750282
vt 0.602402 0.778001
vt 0.601356 0.778577
vt 0.508336 0.876667
vt 0.502265 0.862369
vt 0.506008 0.862089
vt 0.513671 0.876090
vt 0.498682 0.877805
vt 0.498264 0.863131
vt 0.524975 0.893083
vt 0.524294 0.893075
vt 0.315338 0.834564
vt 0.326017 0.810656
vt 0.331725 0.816079
vt 0.320938 0.839855
vt 0.233137 0.896374
vt 0.249857 0.884280
vt 0.249792 0.895806
vt 0.233061 0.902195
vt 0.630345 0.737326
vt 0.638387 0.753080
vt 0.626715 0.752772
vt 0.629778 0.737769
vt 0.623849 0.768943
vt 0.609754 0.768700
vt 0.627524 0.781286
vt 0.625127 0.780833
vt 0.417807 0.751508
vt 0.401879 0.768468
vt 0.401127 0.761498
vt 0.416814 0.748119
vt 0.402232 0.751306
vt 0.415978 0.748184
vt 0.391383 0.754218
vt 0.401783 0.730544
vt 0.294096 0.711660
vt 0.298003 0.704557
vt 0.308990 0.710439
vt 0.299506 0.712595
vt 0.296876 0.696462
vt 0.311393 0.705710
vt 0.304456 0.689298
vt 0.317103 0.692612
vt 0.293783 0.693207
vt 0.289849 0.679828
vt 0.306905 0.676121
vt 0.311135 0.673327
vt 0.298836 0.674267
vt 0.308728 0.668983
vt 0.316344 0.667681
vt 0.305204 0.669115
vt 0.322844 0.669639
vt 0.316236 0.672108
vt 0.371002 0.682132
vt 0.370816 0.692248
vt 0.358142 0.702575
vt 0.364665 0.688802
vt 0.364911 0.707968
vt 0.354209 0.715954
vt 0.375359 0.687456
vt 0.374216 0.701284
vt 0.367970 0.715904
vt 0.363196 0.721515
vt 0.380292 0.689852
vt 0.383531 0.703173
vt 0.374685 0.721277
vt 0.369563 0.726667
vt 0.383662 0.691377
vt 0.393089 0.703299
vt 0.386948 0.714401
vt 0.377090 0.714634
vt 0.382934 0.724397
vt 0.376084 0.725701
vt 0.884859 0.901562
vt 0.877581 0.892185
vt 0.882731 0.880858
vt 0.888595 0.901319
vt 0.874185 0.872876
vt 0.871853 0.869156
vt 0.925859 0.907513
vt 0.919418 0.918974
vt 0.908837 0.921906
vt 0.916543 0.905624
vt 0.918411 0.930041
vt 0.918231 0.925955
vt 0.513215 0.969639
vt 0.522233 0.952592
vt 0.528054 0.952344
vt 0.521962 0.969619
vt 0.937546 0.480259
vt 0.937794 0.496906
vt 0.925787 0.496867
vt 0.932104 0.480018
vt 0.932704 0.512271
vt 0.926604 0.513000
vt 0.944563 0.517903
vt 0.936885 0.525983
vt 0.943780 0.512269
vt 0.951160 0.516640
vt 0.952345 0.526885
vt 0.952149 0.527091
vt 0.944340 0.511679
vt 0.953824 0.513836
vt 0.952577 0.519871
vt 0.941189 0.531856
vt 0.929837 0.526656
vt 0.956228 0.518565
vt 0.956661 0.532830
vt 0.956542 0.539678
vt 0.969320 0.542876
vt 0.968692 0.549663
vt 0.528679 0.775281
vt 0.521745 0.771989
vt 0.526997 0.760591
vt 0.529319 0.774673
vt 0.515468 0.755228
vt 0.521302 0.749686
vt 0.515399 0.778019
vt 0.510200 0.766667
vt 0.502377 0.751314
vt 0.508210 0.745772
vt 0.492393 0.739164
vt 0.498089 0.733751
vt 0.186272 0.658747
vt 0.176750 0.641791
vt 0.189628 0.642593
vt 0.194482 0.659013
vt 0.177496 0.625672
vt 0.190299 0.626854
vt 0.175079 0.613203
vt 0.182567 0.611236
vt 0.196391 0.627428
vt 0.197981 0.643126
vt 0.439886 0.835802
vt 0.456422 0.810268
vt 0.456403 0.824054
vt 0.439917 0.840503
vt 0.484027 0.645721
vt 0.499302 0.661239
vt 0.491270 0.661752
vt 0.478935 0.645486
vt 0.500244 0.676705
vt 0.491941 0.677491
vt 0.464735 0.661515
vt 0.466062 0.645364
vt 0.466803 0.675987
vt 0.458014 0.661894
vt 0.457094 0.645456
vt 0.468109 0.677692
vt 0.471933 0.629001
vt 0.466112 0.628926
vt 0.847383 0.970536
vt 0.838403 0.977889
vt 0.835013 0.962373
vt 0.848500 0.961491
vt 0.948405 0.933900
vt 0.951473 0.939426
vt 0.954051 0.949790
vt 0.947326 0.939550
vt 0.959725 0.948748
vt 0.962692 0.958241
vt 0.963908 0.939778
vt 0.969320 0.951265
vt 0.747491 0.553593
vt 0.738473 0.537063
vt 0.746123 0.536726
vt 0.759522 0.553523
vt 0.739393 0.520625
vt 0.743203 0.520340
vt 0.759522 0.536612
vt 0.759522 0.553523
vt 0.749488 0.504827
vt 0.754730 0.503684
vt 0.750059 0.520697
vt 0.761456 0.504835
vt 0.764257 0.521457
vt 0.765406 0.536798
vt 0.765439 0.497811
vt 0.775499 0.502717
vt 0.773570 0.505291
vt 0.774073 0.489725
vt 0.786114 0.497002
vt 0.781557 0.501995
vt 0.780099 0.478493
vt 0.790903 0.484244
vt 0.846532 0.869342
vt 0.852741 0.886247
vt 0.837516 0.886054
vt 0.846532 0.869342
vt 0.850868 0.901327
vt 0.845176 0.901493
vt 0.193802 0.885239
vt 0.197774 0.889675
vt 0.192232 0.895508
vt 0.191417 0.887750
vt 0.199185 0.883797
vt 0.203741 0.888790
vt 0.207473 0.901738
vt 0.196265 0.901751
vt 0.339784 0.777841
vt 0.343829 0.782200
vt 0.338287 0.788033
vt 0.337742 0.779990
vt 0.332310 0.794323
vt 0.331494 0.786566
vt 0.347742 0.795291
vt 0.342200 0.801124
vt 0.343094 0.772715
vt 0.337067 0.772277
vt 0.353222 0.806779
vt 0.353222 0.806779
vt 0.728605 0.946953
vt 0.742681 0.932231
vt 0.743311 0.942662
vt 0.728705 0.955448
vt 0.504338 0.946492
vt 0.518438 0.926896
vt 0.519543 0.939753
vt 0.504145 0.948336
vt 0.624572 0.974583
vt 0.619219 0.963317
vt 0.620247 0.957532
vt 0.625642 0.968440
vt 0.048863 0.812739
vt 0.053504 0.805809
vt 0.063891 0.811680
vt 0.052982 0.817075
vt 0.058400 0.800295
vt 0.069115 0.800318
vt 0.063716 0.791367
vt 0.067492 0.788986
vt 0.335280 0.909765
vt 0.345173 0.898653
vt 0.346649 0.905522
vt 0.336438 0.916191
vt 0.392830 0.932736
vt 0.387268 0.920732
vt 0.395035 0.924248
vt 0.397356 0.933693
vt 0.699411 0.867154
vt 0.705341 0.882943
vt 0.693218 0.882456
vt 0.700971 0.867134
vt 0.701727 0.898830
vt 0.703238 0.898635
vt 0.552116 0.973571
vt 0.549181 0.969346
vt 0.552982 0.956380
vt 0.556577 0.956380
vt 0.199309 0.727166
vt 0.204978 0.712017
vt 0.203897 0.748575
vt 0.200587 0.748925
vt 0.791635 0.996171
vt 0.788277 0.996714
vt 0.789920 0.984893
vt 0.791936 0.981351
vt 0.223532 0.906072
vt 0.225528 0.909921
vt 0.230808 0.913976
vt 0.227014 0.914910
vt 0.332719 0.853598
vt 0.338749 0.843811
vt 0.333553 0.869377
vt 0.329601 0.870447
vt 0.359837 0.878204
vt 0.360978 0.892096
vt 0.356888 0.894553
vt 0.356080 0.878178
vt 0.352991 0.888540
vt 0.352255 0.874021
vt 0.124828 0.758785
vt 0.125549 0.775450
vt 0.117593 0.787724
vt 0.123435 0.752500
vt 0.546254 0.909223
vt 0.546808 0.922712
vt 0.543064 0.922774
vt 0.540423 0.904256
vt 0.549467 0.909724
vt 0.546996 0.916011
vt 0.537445 0.917296
vt 0.534037 0.897151
vt 0.107199 0.789356
vt 0.102711 0.817565
vt 0.099786 0.806934
vt 0.104063 0.794308
vt 0.827212 0.966312
vt 0.827450 0.977744
vt 0.823742 0.976531
vt 0.823655 0.961247
vt 0.328786 0.898630
vt 0.325897 0.914355
vt 0.323191 0.916187
vt 0.322029 0.911953
vt 0.920279 0.937723
vt 0.920811 0.952949
vt 0.919439 0.958194
vt 0.914865 0.933917
vt 0.927089 0.948077
vt 0.924814 0.953628
vt 0.939300 0.982004
vt 0.943179 0.997965
vt 0.938334 0.985332
vt 0.938287 0.983294
vt 0.048953 0.875011
vt 0.050043 0.886266
vt 0.044161 0.893353
vt 0.043769 0.875148
vt 0.685523 0.936768
vt 0.686351 0.954336
vt 0.681692 0.947958
vt 0.682499 0.931788
vt 0.142545 0.874399
vt 0.133608 0.872974
vt 0.130720 0.865017
vt 0.135278 0.855152
vt 0.890595 0.941907
vt 0.892408 0.957905
vt 0.884697 0.951196
vt 0.882576 0.933945
vt 0.456481 0.973700
vt 0.460436 0.986091
vt 0.455957 0.986569
vt 0.453888 0.973169
vt 0.888091 0.982028
vt 0.889687 0.997826
vt 0.885054 0.997160
vt 0.885526 0.982486
vt 0.278356 0.921012
vt 0.275423 0.925482
vt 0.273569 0.930274
vt 0.275386 0.920158
vt 0.891481 0.961782
vt 0.892629 0.978064
vt 0.888015 0.976403
vt 0.888103 0.968467
vt 0.267610 0.919833
vt 0.264009 0.927340
vt 0.261504 0.929589
vt 0.264431 0.920723
vn 0.525962 -0.831102 -0.180649
vn 0.455633 -0.890128 0.008389
vn 0.257750 -0.966070 -0.016550
vn 0.235497 -0.966605 -0.101072
vn 0.641909 -0.464543 -0.610043
vn 0.604786 -0.789562 -0.104048
vn 0.503758 0.525911 -0.685308
vn 0.908166 -0.068532 -0.412962
vn 0.322858 -0.055608 -0.944812
vn -0.206905 -0.869459 -0.448589
vn -0.189672 -0.977403 -0.093320
vn -0.156878 -0.985487 -0.064842
vn 0.000001 -0.997423 -0.071740
vn 0.000001 -0.995424 -0.095558
vn -0.231253 -0.968539 -0.091952
vn -0.176807 -0.982762 -0.054014
vn -0.056269 -0.993888 -0.094979
vn -0.007394 -0.999059 -0.042728
vn 0.412380 -0.894037 0.175046
vn 0.082147 -0.995988 0.035496
vn -0.116058 -0.993225 -0.005893
vn 0.098568 -0.994977 0.017454
vn -0.110542 -0.993765 -0.014522
vn 0.737541 -0.636892 0.224504
vn -0.091121 -0.995582 -0.022682
vn 0.000001 -0.999340 -0.036338
vn -0.064095 -0.997812 -0.016231
vn -0.000745 -0.999870 -0.016136
vn -0.149861 -0.987788 -0.042612
vn -0.086756 -0.996069 -0.017878
vn -0.003510 -0.999980 -0.005195
vn -0.104487 -0.994515 -0.004822
vn -0.006813 -0.999977 -0.000691
vn -0.130058 -0.991390 -0.015203
vn 0.862350 -0.503507 0.053227
vn 0.273453 -0.961148 -0.037664
vn 0.439285 -0.898073 -0.022214
vn 0.883695 -0.467861 -0.013703
vn -0.148530 -0.988038 0.041468
vn -0.081999 -0.965239 0.248172
vn 0.292714 -0.849358 0.439215
vn -0.164186 -0.977512 0.132338
vn 0.189275 -0.903870 0.383659
vn -0.011622 -0.999376 0.033341
vn 0.441664 -0.771619 0.457751
vn 0.624378 -0.688092 0.369704
vn 0.217960 -0.970715 0.101021
vn 0.655211 -0.749303 0.096145
vn 0.630902 -0.775862 0.000000
vn 0.220437 -0.975395 0.003402
vn -0.094224 -0.992257 0.080924
vn -0.122847 -0.991246 0.048384
vn 0.018775 -0.999555 0.023168
vn -0.087528 -0.992325 0.087350
vn 0.056269 -0.993888 -0.094980
vn 0.012870 -0.998851 -0.046168
vn -0.164903 -0.984183 -0.064727
vn -0.216865 -0.970049 -0.109424
vn 0.231253 -0.968538 -0.091953
vn 0.176808 -0.982762 -0.054014
vn 0.189675 -0.977402 -0.093322
vn 0.156879 -0.985487 -0.064843
vn -0.871798 -0.476958 -0.111712
vn -0.909351 -0.415915 0.009759
vn -0.966774 -0.254827 0.020264
vn -0.932805 -0.342421 -0.112350
vn -0.332555 -0.935440 -0.119829
vn -0.434851 -0.898006 -0.067005
vn -0.252058 -0.959658 -0.124590
vn -0.161559 -0.982817 -0.089267
vn -0.089075 -0.995997 0.007448
vn -0.240551 -0.970553 0.012753
vn -0.560061 -0.824469 0.081129
vn -0.473443 -0.868931 0.144259
vn -0.758815 -0.587955 0.280195
vn -0.104776 -0.993499 0.044515
vn -0.906153 -0.392105 0.158558
vn -0.945355 -0.301499 0.124110
vn -0.866765 -0.406136 0.289433
vn -0.804477 -0.569863 0.167553
vn -0.861992 -0.480905 0.160312
vn -0.713122 -0.692213 0.110897
vn -0.223988 -0.974580 -0.004779
vn -0.633579 -0.772176 -0.048177
vn -0.240580 -0.970257 -0.026878
vn -0.801020 -0.598627 0.003617
vn -0.109575 -0.993147 0.040658
vn -0.654612 -0.746361 0.120114
vn -0.476695 -0.877951 0.044323
vn -0.086624 -0.995561 0.036806
vn 0.091120 -0.995582 -0.022681
vn 0.097730 -0.995212 0.001218
vn 0.035788 -0.999355 -0.002823
vn 0.038758 -0.999027 0.021055
vn 0.006551 -0.999934 0.009435
vn 0.012864 -0.999413 0.031742
vn -0.007521 -0.999881 0.013471
vn -0.003347 -0.999585 0.028596
vn -0.033362 -0.999322 0.015605
vn -0.029405 -0.999566 0.001618
vn 0.002000 -0.999997 0.000955
vn -0.007788 -0.999970 0.000044
vn 0.168799 -0.974791 0.145906
vn 0.288662 -0.955579 0.059527
vn 0.241775 -0.970321 0.004762
vn 0.693526 -0.711918 0.110429
vn 0.287005 -0.957832 0.013652
vn 0.960496 -0.009485 0.278133
vn 0.655193 -0.755453 -0.003716
vn 0.895267 -0.445530 -0.000624
vn 0.678338 -0.734737 -0.004265
vn 0.864198 -0.503126 0.005066
vn 0.337817 -0.941209 0.002484
vn 0.657802 -0.753182 0.003664
vn 0.851492 -0.524317 -0.007314
vn 0.633663 -0.773597 0.004294
vn 0.904183 -0.427142 0.001680
vn 0.277057 -0.960665 -0.019032
vn 0.974694 0.146964 0.168446
vn 0.944538 -0.320548 0.071396
vn 0.940585 -0.333032 -0.066257
vn 0.892680 0.450502 0.013045
vn 0.425071 -0.905056 0.013717
vn -0.104676 -0.994427 0.012606
vn 0.268681 -0.963069 0.017591
vn -0.102741 -0.994646 0.011109
vn -0.095608 -0.995405 0.005293
vn -0.006726 -0.999977 0.000695
vn -0.082429 -0.996586 0.004559
vn -0.004090 -0.999991 0.000689
vn -0.125505 -0.992010 -0.012805
vn -0.089521 -0.995970 -0.005522
vn -0.004135 -0.999991 -0.000699
vn -0.103926 -0.994573 -0.004859
vn -0.006809 -0.999977 -0.000691
vn -0.128041 -0.991656 -0.014976
vn 0.194246 -0.980678 -0.023215
vn 0.405104 -0.914121 -0.016542
vn 0.903101 -0.429427 0.000000
vn 0.378124 -0.925755 0.000000
vn -0.125957 -0.992036 -0.000000
vn 0.438921 -0.898308 0.019774
vn -0.106573 -0.994223 0.012783
vn 0.897697 -0.440525 0.008803
vn -0.105566 -0.994412 -0.000001
vn -0.008096 -0.999967 -0.000001
vn -0.096416 -0.995327 0.005261
vn -0.006735 -0.999977 0.000695
vn -0.072050 -0.996801 0.034606
vn -0.065628 -0.997761 0.012919
vn -0.003394 -0.999994 0.001050
vn -0.027038 -0.999564 0.011847
vn -0.000695 -1.000000 0.000362
vn -0.028872 -0.998967 0.035099
vn 0.904635 -0.418575 0.080194
vn 0.410391 -0.909095 0.071595
vn 0.361469 -0.928843 0.081191
vn 0.913022 -0.392281 0.111832
vn 0.830752 0.556622 0.004873
vn 0.818995 -0.573693 -0.011143
vn 0.254486 -0.967074 0.002134
vn 0.905897 -0.421940 0.036297
vn 0.290684 -0.956794 0.007000
vn 0.828606 0.559809 -0.005169
vn 0.641548 -0.767083 -0.000575
vn 0.660071 -0.751203 0.000713
vn 0.277826 -0.960549 0.012589
vn 0.629383 -0.775760 0.045535
vn 0.643384 -0.759564 0.095496
vn 0.262127 -0.964460 0.033259
vn 0.922716 0.371343 -0.103441
vn 0.741223 -0.670981 -0.019320
vn 0.493387 -0.869802 -0.003672
vn 0.991569 0.112201 -0.064822
vn -0.007871 -0.999969 -0.000000
vn -0.032239 -0.999480 0.000000
vn -0.007871 -0.999969 0.000000
vn -0.032239 -0.999480 0.000000
vn -0.065210 -0.997856 0.005563
vn -0.113829 -0.993335 0.018148
vn -0.075418 -0.997152 -0.000000
vn -0.140187 -0.990125 0.000665
vn -0.032238 -0.999480 -0.000000
vn -0.075417 -0.997152 -0.000000
vn -0.146506 -0.989207 0.002407
vn -0.075416 -0.997152 -0.000000
vn -0.165771 -0.986141 0.006716
vn -0.032238 -0.999480 0.000000
vn -0.007871 -0.999969 0.000000
vn -0.007871 -0.999969 0.000000
vn -0.287186 -0.957570 0.024180
vn -0.643840 -0.764906 -0.019720
vn -0.283686 -0.958916 0.001251
vn -0.628378 -0.777908 0.000318
vn -0.509815 -0.858067 -0.061725
vn -0.456519 -0.889713 0.001064
vn -0.592862 -0.805304 -0.000279
vn -0.503946 -0.863735 0.000000
vn -0.661025 -0.749139 0.042865
vn -0.594953 -0.803519 0.019717
vn -0.503946 -0.863735 0.000000
vn -0.572207 -0.818304 0.054384
vn -0.579009 -0.813520 0.054164
vn -0.715791 -0.693043 0.085639
vn -0.351468 -0.935694 0.030778
vn -0.437051 -0.897994 0.050931
vn -0.190809 -0.981619 0.004085
vn -0.555810 -0.831011 0.022264
vn -0.637520 -0.769979 0.026456
vn -0.586409 -0.810014 -0.001570
vn -0.467562 -0.883911 -0.009289
vn -0.201956 -0.979395 -0.000087
vn -0.440981 -0.897502 0.005076
vn -0.599967 -0.799971 -0.009328
vn -0.396105 -0.916652 -0.053379
vn -0.784229 -0.616578 -0.069410
vn -0.504513 -0.863336 0.010801
vn -0.341846 -0.939756 0.000000
vn -0.744306 -0.667829 -0.003622
vn -0.397535 -0.916381 0.047035
vn -0.765027 -0.638208 0.086167
vn -0.468369 -0.882316 0.046362
vn -0.235398 -0.971813 0.012967
vn -0.598957 -0.800431 0.023672
vn -0.658537 -0.751060 0.047303
vn -0.284309 -0.958648 0.012739
vn -0.007872 -0.999969 -0.000000
vn -0.032238 -0.999480 0.000000
vn -0.007872 -0.999969 -0.000000
vn -0.032239 -0.999480 -0.000000
vn -0.075416 -0.997152 0.000000
vn -0.075417 -0.997152 0.000000
vn -0.032239 -0.999480 0.000000
vn -0.075418 -0.997152 0.000000
vn -0.075418 -0.997152 -0.000000
vn -0.032238 -0.999480 0.000000
vn -0.007872 -0.999969 0.000000
vn -0.007871 -0.999969 0.000000
vn 0.999192 -0.035341 -0.019150
vn 0.385953 -0.922343 0.018004
vn 0.172377 -0.984791 0.021748
vn 0.388920 -0.921264 0.003638
vn 0.184601 -0.982700 0.014919
vn 0.995246 -0.090014 -0.037178
vn 0.595213 -0.802449 0.042393
vn 0.872742 -0.481153 0.082536
vn 0.601552 -0.794300 0.084988
vn 0.910618 -0.402245 0.094727
vn 0.119461 -0.992714 0.015718
vn 0.505694 -0.861504 0.045656
vn 0.917832 -0.396398 0.021304
vn 0.299773 -0.950491 -0.081871
vn 0.810474 -0.566929 -0.147391
vn 0.027645 -0.999525 -0.013636
vn 0.999050 -0.014925 0.040951
vn 0.499555 -0.866242 -0.008332
vn 0.360579 -0.932705 -0.006669
vn 0.982287 0.181334 0.047214
vn 0.372792 -0.926161 0.057025
vn 0.015295 -0.999759 0.015743
vn 0.516656 -0.855222 0.040765
vn 0.039128 -0.999231 0.002481
vn 0.000419 -0.999992 0.003941
vn -0.000001 -1.000000 -0.000000
vn 0.007872 -0.999969 -0.000000
vn -0.000001 -1.000000 -0.000000
vn 0.035321 -0.999368 -0.004042
vn 0.007873 -0.999969 -0.000001
vn -0.000002 -1.000000 -0.000001
vn 0.006404 -0.999979 -0.000750
vn -0.000002 -1.000000 -0.000001
vn 0.004677 -0.999907 -0.012839
vn 0.490313 -0.871343 -0.018805
vn 0.357361 -0.930263 -0.083095
vn 0.582043 -0.773829 -0.249828
vn 0.270825 -0.954964 -0.121236
vn -0.044674 -0.998842 -0.017832
vn 0.236605 -0.967743 -0.086555
vn -0.078377 -0.996869 -0.010422
vn 0.545371 -0.819248 -0.177212
vn 0.001648 -0.999997 -0.001695
vn -0.000002 -1.000000 0.000000
vn -0.003336 -0.999994 -0.000931
vn -0.000001 -1.000000 0.000001
vn -0.084878 -0.996391 -0.000817
vn -0.005038 -0.999987 0.000001
vn -0.000001 -1.000000 0.000000
vn -0.005038 -0.999987 0.000000
vn 0.000001 -1.000000 -0.000001
vn -0.085462 -0.996341 -0.000000
vn 0.704651 -0.709452 0.012017
vn 0.190383 -0.981703 -0.003622
vn 0.225987 -0.973999 0.016018
vn 0.830772 -0.551563 0.074816
vn 0.998186 0.007684 -0.059713
vn 0.263510 -0.962976 -0.056911
vn 0.250390 -0.960011 -0.125237
vn 0.692366 -0.716982 -0.081033
vn 0.324922 -0.937413 -0.125233
vn 0.959845 -0.266615 -0.087262
vn 0.370541 -0.908215 -0.194538
vn 0.520046 -0.831482 -0.195424
vn 0.523713 -0.849352 0.065773
vn 0.586579 -0.806359 0.075572
vn 0.658540 -0.745417 0.103342
vn 0.337347 -0.935437 0.105621
vn 0.989936 -0.137592 0.033095
vn 0.880151 -0.473544 0.033029
vn 0.873205 -0.480771 0.079824
vn 0.989318 -0.144632 0.018205
vn -0.007871 -0.999969 0.000000
vn -0.032238 -0.999480 0.000000
vn -0.007872 -0.999969 -0.000000
vn -0.032238 -0.999480 0.000000
vn -0.075418 -0.997152 -0.000000
vn -0.265152 -0.964121 -0.012803
vn -0.075238 -0.997166 -0.000086
vn -0.184578 -0.982572 -0.021983
vn -0.032238 -0.999480 0.000000
vn -0.069044 -0.997609 -0.002883
vn -0.093521 -0.995300 -0.025122
vn -0.053921 -0.998534 -0.004674
vn -0.069731 -0.997523 -0.009288
vn -0.032238 -0.999480 0.000000
vn -0.007873 -0.999969 -0.000000
vn -0.007874 -0.999969 -0.000000
vn -0.643647 -0.765265 -0.009385
vn -0.613121 -0.788249 0.052394
vn -0.484867 -0.872109 -0.065801
vn -0.718019 -0.693139 -0.063300
vn -0.424548 -0.898031 0.115326
vn -0.752334 -0.634309 0.177895
vn -0.641506 -0.766353 0.034250
vn -0.743093 -0.651736 0.151833
vn -0.605724 -0.754207 -0.253516
vn -0.731346 -0.613476 -0.297960
vn -0.908311 -0.379071 -0.176851
vn -0.718708 -0.625488 -0.303684
vn -0.961535 0.102536 -0.254825
vn -0.590416 -0.790095 -0.164800
vn -0.308778 -0.941664 -0.133881
vn -0.335294 -0.937943 -0.088550
vn -0.129051 -0.991445 0.019586
vn -0.500098 -0.862369 0.078873
vn -0.610916 -0.784441 0.106928
vn -0.517946 -0.854778 0.032963
vn -0.616852 -0.783997 0.069585
vn -0.150402 -0.988608 0.005815
vn -0.642856 -0.765308 0.032243
vn -0.976697 -0.192026 -0.095864
vn -0.409837 -0.909366 0.071324
vn -0.833230 -0.539534 -0.120958
vn -0.610377 -0.792076 0.007465
vn -0.335104 -0.942112 -0.011446
vn -0.767337 -0.641225 -0.005003
vn -0.283246 -0.958907 0.016431
vn -0.724838 -0.687997 0.035643
vn -0.547106 -0.835713 0.047528
vn -0.172035 -0.985054 0.008507
vn -0.532129 -0.846548 0.013967
vn -0.609219 -0.790061 0.068240
vn -0.247478 -0.968391 0.031216
vn -0.007874 -0.999969 -0.000000
vn -0.032239 -0.999480 -0.000000
vn -0.007873 -0.999969 0.000000
vn -0.032239 -0.999480 0.000000
vn -0.042127 -0.999111 -0.001852
vn -0.039074 -0.999236 0.000000
vn -0.032239 -0.999480 0.000000
vn -0.039073 -0.999236 -0.000000
vn -0.042914 -0.999077 0.001891
vn -0.032240 -0.999480 -0.000000
vn -0.007872 -0.999969 0.000000
vn -0.007873 -0.999969 -0.000001
vn 0.952587 -0.296998 0.066112
vn 0.705661 -0.708029 0.027176
vn 0.305936 -0.949233 -0.073207
vn 0.807417 -0.584954 -0.076847
vn 0.327135 -0.940924 -0.087434
vn 0.868628 -0.490342 -0.071059
vn 0.574281 -0.815239 -0.074738
vn 0.761526 -0.645616 -0.057086
vn 0.645098 -0.758204 -0.094739
vn 0.630233 -0.775845 -0.029503
vn 0.464123 -0.879830 0.102417
vn 0.622430 -0.770442 0.137839
vn 0.618425 -0.780130 0.094598
vn 0.644209 -0.752559 0.136565
vn 0.768336 -0.627709 0.125065
vn 0.261754 -0.955815 0.133803
vn 0.821870 -0.569674 -0.000996
vn 0.839453 -0.543311 0.011501
vn 0.880323 -0.453209 0.140113
vn 0.851706 -0.507344 0.131147
vn 0.221298 -0.975085 -0.015390
vn -0.078884 -0.996867 0.005704
vn 0.119101 -0.992678 0.020119
vn -0.048881 -0.998695 0.014819
vn -0.003194 -0.999995 0.000937
vn 0.000002 -1.000000 -0.000001
vn 0.001825 -0.999997 0.001675
vn 0.000000 -1.000000 0.000000
vn -0.012359 -0.999862 0.011055
vn 0.006450 -0.999979 0.000746
vn -0.000001 -1.000000 0.000001
vn 0.007873 -0.999969 0.000000
vn 0.000000 -1.000000 0.000000
vn 0.010184 -0.999944 0.002990
vn 0.100845 -0.993991 0.042576
vn 0.200454 -0.979161 0.032591
vn 0.603953 -0.796209 -0.035950
vn 0.187524 -0.982248 -0.004880
vn 0.015652 -0.999877 -0.000009
vn 0.099191 -0.994014 -0.045806
vn 0.013027 -0.999914 -0.001315
vn 0.297243 -0.940736 -0.163288
vn 0.007873 -0.999969 -0.000001
vn 0.000001 -1.000000 -0.000001
vn 0.007873 -0.999969 -0.000000
vn -0.000000 -1.000000 0.000000
vn 0.013203 -0.999912 0.001323
vn 0.007873 -0.999969 0.000001
vn -0.000001 -1.000000 0.000001
vn 0.007873 -0.999969 0.000000
vn 0.000001 -1.000000 -0.000000
vn 0.021099 -0.999774 0.002798
vn 0.168391 -0.979555 -0.110071
vn 0.003383 -0.999650 -0.026243
vn -0.008094 -0.999864 0.014372
vn 0.155646 -0.985805 0.062957
vn 0.862890 -0.505376 -0.003912
vn 0.854934 -0.517955 -0.028455
vn 0.208439 -0.973644 -0.092573
vn 0.865422 -0.472361 -0.167092
vn 0.445698 -0.867269 -0.221805
vn 0.878546 -0.461964 -0.121433
vn 0.660809 -0.748657 -0.053338
vn 0.320606 -0.921981 -0.217172
vn 0.778807 -0.623148 -0.071741
vn 0.519529 -0.847008 -0.112548
vn 0.621472 -0.778209 0.090344
vn 0.961976 -0.216088 0.167055
vn 0.922558 -0.382947 -0.047320
vn 0.936461 -0.349855 -0.025354
vn 0.963552 -0.189536 0.188796
vn 0.921378 -0.347173 0.174739
vn -0.007874 -0.999969 -0.000001
vn -0.032241 -0.999480 -0.000000
vn -0.007874 -0.999969 0.000001
vn -0.032240 -0.999480 0.000000
vn -0.059101 -0.998232 0.006386
vn -0.364321 -0.928914 0.066257
vn -0.091888 -0.995717 0.010222
vn -0.462886 -0.883594 0.070699
vn -0.032239 -0.999480 0.000000
vn -0.136262 -0.990612 0.010979
vn -0.594177 -0.802015 0.061045
vn -0.167887 -0.985798 0.003927
vn -0.671439 -0.740654 0.024527
vn -0.032239 -0.999480 0.000000
vn -0.007873 -0.999969 0.000000
vn -0.007872 -0.999969 -0.000000
vn -0.659852 -0.741028 0.124391
vn -0.538303 -0.835555 0.109900
vn -0.740912 -0.655866 0.144532
vn -0.522777 -0.839306 0.149233
vn -0.319185 -0.944422 0.078660
vn -0.806687 -0.584369 0.088143
vn -0.312698 -0.944754 0.098286
vn -0.684211 -0.716684 0.134979
vn -0.536164 -0.836012 0.116672
vn -0.253497 -0.964631 0.072299
vn -0.284770 -0.958562 0.008018
vn -0.206376 -0.978405 0.011479
vn -0.129090 -0.991509 -0.015686
vn -0.543458 -0.838157 0.046334
vn -0.817213 -0.564267 0.117330
vn -0.833044 -0.550970 0.049694
vn -0.634915 -0.771884 -0.032823
vn -0.759223 -0.646559 -0.074452
vn -0.389896 -0.915794 -0.096447
vn -0.722975 -0.687996 -0.063000
vn -0.306592 -0.949600 -0.065280
vn -0.557260 -0.829451 -0.038370
vn -0.162132 -0.981224 -0.104468
vn -0.128840 -0.988212 -0.082683
vn -0.191518 -0.979744 -0.058500
vn -0.204214 -0.978241 -0.036623
vn -0.353337 -0.934461 0.044000
vn -0.223610 -0.973406 0.049800
vn -0.337808 -0.937498 0.083566
vn -0.222730 -0.974872 -0.004010
vn -0.524624 -0.847541 0.080270
vn -0.425692 -0.903118 -0.056256
vn -0.522359 -0.852624 -0.013159
vn -0.760956 -0.648803 -0.000678
vn -0.713918 -0.697774 -0.058593
vn -0.474256 -0.880099 -0.022530
vn -0.007873 -0.999969 -0.000001
vn -0.032240 -0.999480 -0.000000
vn -0.007873 -0.999969 0.000001
vn -0.032240 -0.999480 0.000000
vn -0.162130 -0.986750 -0.006229
vn -0.129024 -0.991598 -0.009292
vn -0.032239 -0.999480 -0.000000
vn -0.100508 -0.994927 -0.004362
vn -0.087865 -0.996131 -0.001689
vn -0.032239 -0.999480 -0.000000
vn -0.007873 -0.999969 0.000000
vn -0.007873 -0.999969 -0.000001
vn 0.870364 -0.487922 -0.066325
vn 0.914564 -0.403709 -0.024332
vn 0.871502 -0.466356 0.151646
vn 0.598642 -0.800118 -0.037934
vn 0.376245 -0.915675 0.141347
vn 0.729246 -0.669130 -0.143057
vn 0.693019 -0.673622 0.256823
vn 0.297842 -0.941828 0.155722
vn 0.603442 -0.752198 0.264680
vn 0.643754 -0.745762 0.171523
vn 0.134283 -0.979157 0.152381
vn 0.537278 -0.829292 0.153650
vn 0.820165 -0.553643 0.144257
vn 0.506474 -0.855375 0.108706
vn 0.911793 -0.384184 0.145039
vn 0.113096 -0.993237 0.026244
vn 0.613881 -0.789398 0.000311
vn 0.279546 -0.953088 0.116094
vn 0.417906 -0.900870 0.117419
vn 0.715100 -0.662609 0.222669
vn 0.052154 -0.998284 0.026636
vn 0.029356 -0.999568 0.001489
vn 0.149850 -0.988373 0.025778
vn 0.032238 -0.999480 -0.000000
vn 0.007873 -0.999969 0.000000
vn 0.000002 -1.000000 0.000000
vn 0.007873 -0.999969 -0.000001
vn 0.000001 -1.000000 -0.000000
vn 0.033159 -0.999450 0.000469
vn 0.007873 -0.999969 -0.000000
vn -0.000001 -1.000000 0.000000
vn 0.007872 -0.999969 0.000001
vn -0.000001 -1.000000 0.000000
vn 0.038308 -0.999264 0.002142
vn 0.289801 -0.956164 0.042012
vn 0.478515 -0.876438 0.053666
vn 0.875183 -0.483790 -0.001417
vn 0.532737 -0.846277 -0.002639
vn 0.042541 -0.999095 -0.000042
vn 0.389383 -0.919533 -0.053283
vn 0.038241 -0.999266 -0.002128
vn 0.689150 -0.707073 -0.158490
vn 0.007872 -0.999969 -0.000000
vn 0.000001 -1.000000 -0.000001
vn 0.007872 -0.999969 -0.000000
vn 0.000001 -1.000000 -0.000000
vn 0.033118 -0.999451 -0.000439
vn 0.007872 -0.999969 -0.000000
vn -0.000000 -1.000000 0.000000
vn 0.007872 -0.999969 0.000000
vn -0.000000 -1.000000 0.000000
vn 0.032239 -0.999480 -0.000000
vn 0.492989 -0.861979 -0.118127
vn 0.216984 -0.975562 -0.034598
vn 0.190155 -0.981551 0.019976
vn 0.610049 -0.784752 0.109562
vn 0.701895 -0.710797 -0.045943
vn 0.349382 -0.932479 -0.091735
vn -0.007659 -0.997462 -0.070788
vn 0.424367 -0.905324 0.017354
vn 0.039760 -0.997038 -0.065832
vn 0.677577 -0.734688 0.033518
vn 0.550539 -0.834589 -0.019172
vn 0.289644 -0.942829 -0.164864
vn 0.530117 -0.847774 -0.015981
vn 0.621308 -0.775627 -0.111264
vn 0.718936 -0.690794 0.077040
vn 0.499032 -0.866534 0.009280
vn 0.738343 -0.645676 0.194816
vn 0.309460 -0.939669 0.145796
vn 0.595209 -0.800874 -0.065784
vn 0.905399 -0.424515 0.006378
vn -0.007873 -0.999969 0.000000
vn -0.032240 -0.999480 -0.000000
vn -0.007873 -0.999969 0.000001
vn -0.032239 -0.999480 0.000000
vn -0.075638 -0.997126 -0.004265
vn -0.346792 -0.936558 -0.050929
vn -0.079191 -0.996841 0.006059
vn -0.363874 -0.931430 0.005856
vn -0.032238 -0.999480 0.000000
vn -0.126349 -0.991826 0.017830
vn -0.469091 -0.878200 0.093370
vn -0.195681 -0.980502 0.018034
vn -0.582605 -0.808391 0.084119
vn -0.032238 -0.999480 -0.000000
vn -0.007872 -0.999969 0.000001
vn -0.007872 -0.999969 -0.000000
vn -0.569018 -0.812253 -0.128307
vn -0.358650 -0.927135 -0.108588
vn -0.555105 -0.830891 -0.038456
vn -0.394304 -0.916434 -0.068365
vn -0.266628 -0.962273 -0.054227
vn -0.540863 -0.838072 -0.071430
vn -0.332976 -0.940003 -0.074308
vn -0.600991 -0.795207 -0.080349
vn -0.325494 -0.945501 0.008999
vn -0.416053 -0.908998 0.024927
vn -0.633784 -0.759706 0.145479
vn -0.557996 -0.827749 0.058918
vn -0.681242 -0.729978 0.055147
vn -0.296624 -0.952661 0.066711
vn -0.502473 -0.860090 0.088118
vn -0.403462 -0.910597 0.089616
vn -0.607918 -0.793846 0.015651
vn -0.507172 -0.859719 0.060498
vn -0.198202 -0.977593 0.070903
vn -0.610245 -0.792077 0.014694
vn -0.332025 -0.943085 0.018722
vn -0.611464 -0.790622 0.032066
vn -0.388225 -0.920003 0.053630
vn -0.541522 -0.839909 -0.036156
vn -0.267922 -0.963440 -0.001296
vn -0.424893 -0.904334 -0.040580
vn -0.183059 -0.983029 -0.012008
vn -0.236986 -0.970177 -0.050927
vn -0.426014 -0.902777 -0.059208
vn -0.262811 -0.964049 -0.039251
vn -0.508877 -0.860816 -0.006271
vn -0.139342 -0.990068 -0.018689
vn -0.712179 -0.693859 0.106584
vn -0.498014 -0.863879 0.075466
vn -0.324523 -0.945295 0.033193
vn -0.743865 -0.666736 0.046117
vn -0.007872 -0.999969 -0.000001
vn -0.032239 -0.999480 -0.000000
vn -0.007872 -0.999969 0.000000
vn -0.032887 -0.999459 0.000329
vn -0.224633 -0.974444 0.000090
vn -0.246223 -0.969140 0.011927
vn -0.036997 -0.999314 0.001748
vn -0.348943 -0.936374 0.037987
vn -0.440159 -0.897774 0.016166
vn -0.043341 -0.999059 0.001418
vn -0.007872 -0.999969 0.000000
vn -0.007872 -0.999969 -0.000000
vn 0.982103 -0.179261 -0.057795
vn 0.597020 -0.801620 -0.031198
vn 0.192657 -0.978837 0.068998
vn 0.679313 -0.733760 0.011458
vn 0.064418 -0.994722 0.079863
vn 0.999676 -0.024375 -0.007406
vn 0.537266 -0.804697 0.252602
vn 0.834798 -0.508136 0.211919
vn 0.535265 -0.844641 0.008564
vn 0.834546 -0.550449 -0.023194
vn 0.222885 -0.964366 -0.142552
vn 0.357017 -0.917558 -0.175004
vn 0.597237 -0.782054 -0.178042
vn 0.398683 -0.896956 -0.191108
vn 0.395411 -0.903806 -0.163663
vn 0.483444 -0.863703 -0.142475
vn 0.999828 -0.014127 0.012037
vn 0.858162 -0.512290 -0.033415
vn 0.951438 -0.259059 -0.166296
vn 0.994545 -0.049551 -0.091789
vn 0.357824 -0.932482 0.049386
vn 0.032775 -0.999463 0.000274
vn 0.443796 -0.896025 -0.013537
vn 0.030454 -0.999535 -0.001483
vn 0.007872 -0.999969 0.000000
vn 0.000000 -1.000000 0.000000
vn 0.007872 -0.999969 0.000000
vn 0.000001 -1.000000 0.000000
vn 0.021679 -0.999760 -0.003072
vn 0.007872 -0.999969 0.000000
vn 0.000001 -1.000000 0.000000
vn 0.007871 -0.999969 0.000000
vn 0.000001 -1.000000 0.000000
vn 0.013224 -0.999912 -0.001336
vn 0.347743 -0.935408 -0.063920
vn 0.176709 -0.982113 -0.065024
vn 0.441432 -0.896286 -0.042537
vn 0.032132 -0.999014 -0.030622
vn 0.013029 -0.999914 0.001315
vn -0.011786 -0.999870 0.011001
vn 0.020824 -0.999779 0.002821
vn 0.409154 -0.911603 0.039665
vn 0.007871 -0.999969 0.000000
vn 0.000001 -1.000000 0.000000
vn 0.007871 -0.999969 -0.000000
vn 0.000000 -1.000000 0.000000
vn 0.029265 -0.999571 0.001496
vn 0.007872 -0.999969 -0.000001
vn -0.000000 -1.000000 -0.000001
vn 0.007873 -0.999969 -0.000001
vn 0.000000 -1.000000 -0.000001
vn 0.032240 -0.999480 -0.000000
vn 0.236148 -0.971118 0.034128
vn 0.024455 -0.999546 0.017627
vn 0.063940 -0.997938 0.005608
vn 0.197209 -0.980273 0.013166
vn 0.993905 0.108768 -0.017929
vn 0.847930 -0.524148 0.079265
vn 0.526938 -0.838904 0.136297
vn 0.414139 -0.901969 0.122233
vn 0.643934 -0.754402 0.127386
vn 0.999945 -0.002643 -0.010191
vn 0.669046 -0.742237 0.038235
vn 0.892328 -0.441462 0.094136
vn 0.620565 -0.783302 -0.036562
vn 0.830552 -0.556940 0.000739
vn 0.710025 -0.704109 0.009794
vn 0.727245 -0.686377 0.001395
vn 0.930056 -0.332178 -0.157013
vn 0.417078 -0.905625 -0.076744
vn 0.297880 -0.954543 0.010690
vn 0.512805 -0.856841 -0.053421
vn -0.007873 -0.999969 0.000000
vn -0.043559 -0.999050 -0.001313
vn -0.007873 -0.999969 -0.000000
vn -0.037468 -0.999296 -0.001739
vn -0.429824 -0.902778 -0.015559
vn -0.706017 -0.707072 -0.039858
vn -0.321581 -0.946082 -0.038919
vn -0.626279 -0.773878 -0.094272
vn -0.033115 -0.999451 -0.000436
vn -0.210385 -0.977403 -0.020526
vn -0.612501 -0.789789 -0.032788
vn -0.176299 -0.984332 0.003031
vn -0.672209 -0.739994 0.023341
vn -0.032239 -0.999480 0.000000
vn -0.007872 -0.999969 -0.000000
vn -0.007871 -0.999969 0.000000
vn -0.311474 -0.949870 -0.027043
vn -0.135602 -0.990579 0.019123
vn -0.445380 -0.893957 -0.049782
vn -0.207520 -0.976703 0.054646
vn -0.341836 -0.936848 0.073919
vn -0.567210 -0.815927 0.111962
vn -0.316815 -0.940020 0.126453
vn -0.503266 -0.853731 0.133665
vn -0.465820 -0.879099 0.100976
vn -0.299142 -0.939432 0.167278
vn -0.406541 -0.897975 0.168419
vn -0.343849 -0.937242 0.057845
vn -0.430493 -0.894998 0.116852
vn -0.626769 -0.775870 0.072019
vn -0.724939 -0.688750 0.009330
vn -0.832532 -0.551205 0.055355
vn -0.687632 -0.726059 -0.000001
vn -0.838746 -0.544522 -0.000000
vn -0.599141 -0.800641 0.002080
vn -0.838747 -0.544521 0.000000
vn -0.604119 -0.796894 -0.000000
vn -0.687631 -0.726060 0.000000
vn -0.338862 -0.940817 -0.005989
vn -0.522128 -0.852131 0.035419
vn -0.315346 -0.948976 0.001542
vn -0.616425 -0.787287 0.014149
vn -0.604120 -0.796894 0.000000
vn -0.320408 -0.947279 0.000000
vn -0.622769 -0.782404 0.001505
vn -0.320407 -0.947280 0.000000
vn -0.665946 -0.745748 0.019380
vn -0.604120 -0.796893 0.000000
vn -0.687634 -0.726057 0.000000
vn -0.838748 -0.544520 0.000000
vn -0.838746 -0.544523 0.000000
vn -0.687632 -0.726059 -0.000000
vn -0.007871 -0.999969 0.000001
vn -0.032239 -0.999480 0.000000
vn -0.007871 -0.999969 0.000000
vn -0.032238 -0.999480 0.000000
vn -0.182564 -0.983194 -0.000000
vn -0.182564 -0.983194 0.000000
vn -0.032239 -0.999480 -0.000000
vn -0.182565 -0.983194 0.000000
vn -0.182566 -0.983194 -0.000000
vn -0.032240 -0.999480 -0.000000
vn -0.007872 -0.999969 -0.000001
vn -0.007873 -0.999969 -0.000001
vn 0.443033 -0.893417 -0.074349
vn 0.182592 -0.982707 0.030766
vn 0.609420 -0.791639 0.043757
vn 0.249639 -0.968306 -0.008003
vn 0.655233 -0.753902 -0.047972
vn 0.525087 -0.849982 0.042596
vn 0.781715 -0.623332 0.019485
vn 0.232650 -0.972550 0.004533
vn 0.724081 -0.688402 -0.042546
vn 0.236263 -0.971684 -0.003163
vn 0.659978 -0.751285 -0.000109
vn 0.701231 -0.712930 0.002379
vn 0.230127 -0.973161 0.000083
vn 0.775628 -0.621848 0.108199
vn 0.264724 -0.964120 0.019865
vn 0.616364 -0.776376 0.131664
vn 0.458555 -0.885320 0.077048
vn 0.386705 -0.921835 0.026056
vn 0.368416 -0.928790 0.040227
vn 0.580568 -0.813856 0.024062
vn 0.075417 -0.997152 -0.000000
vn 0.032240 -0.999480 0.000000
vn 0.075416 -0.997152 0.000000
vn 0.032239 -0.999480 0.000000
vn 0.007873 -0.999969 0.000001
vn 0.000001 -1.000000 0.000001
vn 0.007872 -0.999969 0.000001
vn 0.000002 -1.000000 0.000001
vn 0.032239 -0.999480 -0.000000
vn 0.007872 -0.999969 -0.000001
vn 0.000001 -1.000000 -0.000001
vn 0.007872 -0.999969 -0.000000
vn 0.000000 -1.000000 0.000000
vn 0.032240 -0.999480 -0.000000
vn 0.075416 -0.997152 0.000000
vn 0.075415 -0.997152 -0.000000
vn 0.331828 -0.943253 0.012760
vn 0.075251 -0.997165 -0.000086
vn 0.032239 -0.999480 0.000000
vn 0.069706 -0.997563 -0.002825
vn 0.032239 -0.999480 0.000000
vn 0.275066 -0.960504 -0.042081
vn 0.007871 -0.999969 0.000001
vn 0.000000 -1.000000 0.000001
vn 0.007871 -0.999969 -0.000000
vn 0.000001 -1.000000 -0.000000
vn 0.032239 -0.999480 -0.000000
vn 0.007871 -0.999969 -0.000000
vn 0.000001 -1.000000 -0.000000
vn 0.007872 -0.999969 -0.000001
vn -0.000001 -1.000000 -0.000001
vn 0.032240 -0.999480 -0.000000
vn 0.196519 -0.979818 -0.036560
vn 0.055655 -0.998440 -0.004547
vn 0.043037 -0.999072 -0.001897
vn 0.182130 -0.983135 0.016583
vn 0.669520 -0.736355 0.097587
vn 0.241017 -0.970507 0.005173
vn 0.642117 -0.766321 0.020911
vn 0.349625 -0.924822 -0.149885
vn 0.720371 -0.677315 -0.149366
vn 0.926844 -0.367768 -0.075550
vn 0.835664 -0.546178 0.057921
vn 0.697579 -0.701021 -0.148164
vn 0.648109 -0.757830 -0.075154
vn 0.645571 -0.757928 -0.093719
vn 0.715076 -0.696013 0.065055
vn 0.688831 -0.717837 0.101103
vn 0.876485 -0.476400 -0.069402
vn 0.474624 -0.879564 -0.033157
vn 0.384620 -0.909179 0.159567
vn 0.599366 -0.768919 0.222538
vn -0.007873 -0.999969 0.000000
vn -0.032241 -0.999480 -0.000000
vn -0.007872 -0.999969 0.000001
vn -0.032241 -0.999480 0.000000
vn -0.182566 -0.983194 0.000000
vn -0.687632 -0.726059 0.000000
vn -0.182566 -0.983194 0.000000
vn -0.687632 -0.726059 0.000000
vn -0.032240 -0.999480 0.000000
vn -0.179474 -0.983762 -0.001381
vn -0.683526 -0.729910 -0.005013
vn -0.162978 -0.986611 -0.006117
vn -0.637164 -0.770075 -0.031734
vn -0.032239 -0.999480 0.000000
vn -0.007872 -0.999969 0.000000
vn -0.007872 -0.999969 0.000000
vn -0.838747 -0.544521 -0.000000
vn -0.604120 -0.796893 -0.000000
vn -0.838747 -0.544521 -0.000000
vn -0.603877 -0.797077 -0.000090
vn -0.320408 -0.947280 0.000000
vn -0.668619 -0.743340 -0.019875
vn -0.314593 -0.949223 -0.002685
vn -0.445144 -0.891565 -0.083421
vn -0.576155 -0.817146 -0.017833
vn -0.293692 -0.955294 -0.034043
vn -0.193572 -0.974626 -0.112405
vn -0.164854 -0.970600 -0.175381
vn -0.053414 -0.982067 -0.180806
vn -0.438078 -0.889345 -0.130968
vn -0.833699 -0.552177 -0.006758
vn -0.752644 -0.653809 -0.077848
vn -0.488481 -0.869772 -0.069879
vn -0.577783 -0.799625 -0.163603
vn -0.251629 -0.940161 -0.229739
vn -0.344004 -0.925288 -0.159700
vn -0.151892 -0.972155 -0.178448
vn -0.313098 -0.947845 -0.059658
vn -0.123178 -0.961878 -0.244169
vn -0.456102 -0.863507 -0.215236
vn -0.192080 -0.977657 -0.085393
vn -0.589632 -0.807559 -0.013511
vn -0.174156 -0.984718 0.000570
vn -0.305904 -0.944250 0.121712
vn -0.762431 -0.582196 0.282394
vn -0.534430 -0.798993 0.275673
vn -0.827669 -0.471272 0.304740
vn -0.356429 -0.926016 0.124311
vn -0.176765 -0.984120 -0.016197
vn -0.183666 -0.981439 -0.055174
vn -0.155620 -0.987776 0.009030
vn -0.141471 -0.989942 -0.000022
vn -0.007872 -0.999969 0.000001
vn -0.032238 -0.999480 0.000000
vn -0.007871 -0.999969 -0.000001
vn -0.032238 -0.999480 -0.000000
vn -0.126141 -0.991950 -0.011085
vn -0.089578 -0.995959 -0.006492
vn -0.032239 -0.999480 0.000000
vn -0.075690 -0.997131 -0.000130
vn -0.075418 -0.997152 0.000000
vn -0.032239 -0.999480 0.000000
vn -0.007871 -0.999969 -0.000000
vn -0.007872 -0.999969 -0.000000
vn 0.881461 -0.391659 0.263875
vn 0.616157 -0.784667 0.068173
vn 0.665297 -0.745805 0.033989
vn 0.647159 -0.753194 0.117833
vn 0.660479 -0.738814 0.133868
vn 0.905817 -0.400695 0.137618
vn 0.736947 -0.672530 0.067909
vn 0.243106 -0.969548 0.029599
vn 0.777862 -0.610200 0.150287
vn 0.353331 -0.933630 0.059090
vn 0.628612 -0.777115 0.030661
vn 0.855589 -0.509998 0.088713
vn 0.481034 -0.875329 0.049055
vn 0.840056 -0.531465 -0.108864
vn 0.582456 -0.809735 -0.071240
vn 0.915981 -0.353312 -0.190133
vn 0.651493 -0.756280 -0.059977
vn 0.598137 -0.801311 -0.011547
vn 0.793078 -0.598738 -0.111980
vn 0.551075 -0.834384 -0.010954
vn 0.039072 -0.999236 -0.000000
vn 0.032241 -0.999480 -0.000000
vn 0.038916 -0.999243 -0.000078
vn 0.032240 -0.999480 -0.000000
vn 0.007872 -0.999969 -0.000000
vn -0.000001 -1.000000 -0.000000
vn 0.007872 -0.999969 0.000000
vn -0.000002 -1.000000 0.000001
vn 0.029467 -0.999565 -0.001481
vn 0.007871 -0.999969 -0.000001
vn -0.000003 -1.000000 -0.000001
vn 0.007872 -0.999969 0.000000
vn -0.000003 -1.000000 0.000000
vn 0.021422 -0.999767 -0.002770
vn 0.053336 -0.998560 0.005776
vn 0.081804 -0.996638 -0.004646
vn 0.367274 -0.921123 -0.129004
vn 0.065064 -0.997418 -0.030389
vn 0.013410 -0.999909 -0.001331
vn -0.011468 -0.999859 -0.012298
vn 0.012823 -0.999917 0.001305
vn 0.239834 -0.970353 -0.029912
vn 0.007872 -0.999969 0.000000
vn -0.000002 -1.000000 -0.000000
vn 0.007873 -0.999969 -0.000000
vn -0.000000 -1.000000 -0.000001
vn 0.020485 -0.999786 0.002851
vn 0.007873 -0.999969 0.000000
vn 0.000000 -1.000000 0.000000
vn 0.007873 -0.999969 -0.000000
vn -0.000000 -1.000000 -0.000000
vn 0.029154 -0.999574 0.001504
vn 0.072315 -0.996230 0.047929
vn -0.033194 -0.999257 0.019607
vn 0.019384 -0.999635 0.018822
vn 0.046283 -0.997266 0.057598
vn 0.701647 -0.708602 0.074668
vn 0.958899 -0.271760 -0.081609
vn 0.972363 -0.173394 -0.156350
vn 0.983189 -0.122796 -0.135131
vn 0.991597 -0.100210 -0.081815
vn 0.589857 -0.806999 -0.028642
vn 0.659218 -0.733928 -0.163650
vn 0.608024 -0.793711 -0.018145
vn 0.969511 0.145328 0.197300
vn 0.722025 -0.674383 0.154556
vn 0.623314 -0.755300 0.202487
vn 0.976588 0.068065 0.204066
vn 0.466357 -0.858538 0.213129
vn 0.948745 -0.085950 0.304129
vn 0.978980 -0.175845 0.103331
vn 0.654513 -0.755869 -0.016558
vn -0.007872 -0.999969 0.000000
vn -0.032239 -0.999480 0.000000
vn -0.007872 -0.999969 0.000001
vn -0.032238 -0.999480 0.000000
vn -0.075418 -0.997152 0.000000
vn -0.141423 -0.989949 0.000000
vn -0.075418 -0.997152 0.000000
vn -0.141423 -0.989949 -0.000000
vn -0.032238 -0.999480 -0.000000
vn -0.075417 -0.997152 -0.000000
vn -0.141423 -0.989949 -0.000001
vn -0.075416 -0.997152 -0.000001
vn -0.141423 -0.989949 -0.000001
vn -0.032237 -0.999480 -0.000000
vn -0.007871 -0.999969 -0.000000
vn -0.007872 -0.999969 -0.000000
vn -0.201743 -0.979254 0.019013
vn -0.525088 -0.836693 0.155649
vn -0.274211 -0.961519 0.017000
vn -0.660122 -0.742661 0.112670
vn -0.700440 -0.627904 0.339295
vn -0.604432 -0.721953 0.336816
vn -0.855560 -0.467449 0.222505
vn -0.566944 -0.792362 0.225250
vn -0.783904 -0.620333 0.026119
vn -0.907657 -0.417096 0.046791
vn -0.687187 -0.719824 0.098117
vn -0.906258 -0.416329 -0.073259
vn -0.869542 -0.491434 -0.048880
vn -0.709308 -0.702460 -0.058587
vn -0.319847 -0.947461 0.003861
vn -0.302661 -0.953035 -0.010983
vn -0.141423 -0.989949 -0.000000
vn -0.256221 -0.966571 -0.009543
vn -0.532643 -0.843493 -0.069369
vn -0.216959 -0.976141 -0.008827
vn -0.361755 -0.930655 -0.054909
vn -0.141422 -0.989949 0.000000
vn -0.789645 -0.590055 -0.168216
vn -0.877086 -0.437183 -0.198975
vn -0.583311 -0.797237 -0.155440
vn -0.760343 -0.596286 -0.257530
vn -0.312942 -0.949771 -0.001456
vn -0.454925 -0.890275 0.021300
vn -0.605281 -0.794754 -0.044736
vn -0.408452 -0.882262 0.234054
vn -0.251563 -0.935861 0.246740
vn -0.443081 -0.888075 0.122478
vn -0.141422 -0.989949 0.000000
vn -0.185137 -0.982688 -0.006920
vn -0.189989 -0.981610 0.018573
vn -0.141422 -0.989949 -0.000000
vn -0.007872 -0.999969 -0.000001
vn -0.032238 -0.999480 -0.000000
vn -0.007873 -0.999969 -0.000001
vn -0.032239 -0.999480 -0.000000
vn -0.075416 -0.997152 0.000000
vn -0.075416 -0.997152 0.000000
vn -0.032239 -0.999480 0.000000
vn -0.075416 -0.997152 0.000000
vn -0.075416 -0.997152 -0.000000
vn -0.032239 -0.999480 0.000000
vn -0.007873 -0.999969 0.000000
vn -0.007873 -0.999969 0.000000
vn 0.819952 -0.549067 -0.161878
vn 0.982816 -0.157284 -0.096610
vn 0.963005 -0.268190 -0.026351
vn 0.975576 -0.133876 -0.174151
vn 0.733868 -0.666772 -0.129818
vn 0.862245 -0.464913 -0.200968
vn 0.434524 -0.900447 0.019615
vn 0.109748 -0.993771 0.019330
vn 0.287986 -0.956666 -0.043065
vn 0.112875 -0.993606 0.002415
vn 0.402491 -0.910564 -0.094208
vn 0.145185 -0.988456 -0.043321
vn 0.057399 -0.998351 -0.000278
vn 0.069675 -0.997560 -0.004473
vn 0.002514 -0.999971 0.007167
vn 0.285515 -0.958038 -0.025387
vn 0.889497 -0.400269 -0.220408
vn 0.946567 -0.231340 -0.224707
vn 0.835119 -0.506840 -0.213750
vn 0.950972 -0.184664 -0.248096
vn 0.063010 -0.997964 0.009841
vn 0.032209 -0.999473 0.004081
vn 0.072743 -0.997250 0.014177
vn 0.037438 -0.999219 0.012599
vn 0.007865 -0.999961 0.004098
vn -0.000001 -0.999992 0.004102
vn 0.011542 -0.999903 0.007796
vn -0.004441 -0.999957 0.008083
vn 0.066293 -0.997783 0.005853
vn 0.023959 -0.999687 -0.007203
vn -0.020313 -0.999776 -0.005902
vn 0.047275 -0.998860 -0.006569
vn -0.043870 -0.999024 -0.005123
vn 0.120104 -0.992749 0.004860
vn 0.064610 -0.997762 0.017199
vn 0.067137 -0.997609 0.016404
vn -0.023698 -0.998406 0.051225
vn 0.061124 -0.997556 0.033856
vn 0.157717 -0.987117 0.026916
vn 0.096029 -0.989566 0.107411
vn 0.188273 -0.977544 0.094662
vn -0.063082 -0.987272 0.145998
vn 0.072095 -0.996786 0.034937
vn -0.060418 -0.997539 0.035572
vn 0.064879 -0.989358 0.130236
vn -0.052968 -0.989814 0.132148
vn 0.262235 -0.933673 0.243902
vn 0.002673 -0.950923 0.309415
vn -0.020223 -0.943666 0.330280
vn -0.105521 -0.857327 0.503840
vn -0.049162 -0.795510 0.603943
vn 0.328030 -0.843185 0.425952
vn -0.085162 -0.956694 0.278358
vn 0.191770 -0.949536 0.248204
vn 0.218801 -0.893019 0.393248
vn -0.103323 -0.921578 0.374189
vn 0.960749 -0.230198 -0.154821
vn 0.651218 -0.757347 0.048383
vn 0.256142 -0.962787 0.086210
vn 0.290569 -0.915335 0.278803
vn 0.274636 -0.940871 0.198335
vn 0.538814 -0.805083 0.248035
vn 0.044243 -0.996731 0.067606
vn 0.064446 -0.983975 0.166251
vn 0.397104 -0.826787 0.398412
vn 0.053539 -0.936563 0.346384
vn 0.119718 -0.912526 0.391105
vn 0.330565 -0.844860 0.420641
vn -0.002737 -0.940656 0.339351
vn 0.320934 -0.852856 0.411871
vn 0.266238 -0.891670 0.366117
vn -0.489009 -0.820852 0.295080
vn -0.007865 -0.999961 0.004097
vn -0.032208 -0.999473 0.004081
vn -0.013225 -0.999829 0.012954
vn -0.032998 -0.999324 0.016230
vn -0.075349 -0.997149 0.004044
vn -0.143453 -0.989645 0.004995
vn -0.075124 -0.997037 0.016571
vn -0.155848 -0.987549 0.021425
vn -0.038388 -0.999095 0.018340
vn -0.074524 -0.996977 0.021967
vn -0.176383 -0.983895 0.028977
vn -0.081376 -0.996656 0.007458
vn -0.197868 -0.980190 0.008755
vn -0.038987 -0.999194 0.009538
vn -0.037530 -0.999273 0.006707
vn -0.068203 -0.997661 0.004531
vn -0.295092 -0.953337 0.063797
vn -0.558096 -0.811548 0.172969
vn -0.482610 -0.871230 0.089701
vn -0.679302 -0.698780 0.224177
vn -0.445872 -0.876205 0.182929
vn -0.230595 -0.960186 0.157699
vn -0.455652 -0.838001 0.300225
vn -0.213166 -0.948992 0.232323
vn -0.727321 -0.686296 0.001442
vn -0.580218 -0.813818 -0.032361
vn -0.479150 -0.877200 -0.030577
vn -0.481406 -0.839790 -0.251001
vn -0.611140 -0.743126 -0.272528
vn -0.540111 -0.822163 -0.179800
vn -0.570937 -0.820534 0.027486
vn -0.505911 -0.860257 -0.063341
vn -0.244418 -0.969628 0.008992
vn -0.337198 -0.939610 -0.058573
vn -0.247744 -0.962006 -0.114749
vn -0.141771 -0.984508 0.103177
vn -0.055378 -0.993922 0.095147
vn -0.369810 -0.926094 0.074771
vn -0.409111 -0.895662 -0.174405
vn -0.678066 -0.708774 -0.194593
vn -0.363451 -0.928330 0.078149
vn -0.806478 -0.587626 0.065483
vn 0.120310 -0.946377 0.299827
vn -0.243809 -0.912184 0.329358
vn -0.813314 -0.482299 0.325435
vn -0.107578 -0.556748 0.823686
vn -0.645040 -0.213628 0.733681
vn 0.298578 -0.715856 0.631190
vn -0.593960 -0.780829 0.193696
vn -0.093228 -0.954067 0.284719
vn -0.208705 -0.762994 0.611787
vn -0.827506 -0.414458 0.378759
vn -0.074992 -0.996812 0.027248
vn -0.029034 -0.999398 0.019012
vn -0.049306 -0.994065 0.096972
vn -0.026916 -0.996149 0.083444
vn -0.107190 -0.994134 0.014405
vn -0.170874 -0.982296 0.076786
vn -0.029202 -0.969889 0.241789
vn -0.275673 -0.934380 0.225697
vn -0.475424 -0.678269 0.560289
vn -0.037638 -0.778056 0.627067
vn -0.001780 -0.962051 0.272864
vn 0.077822 -0.767272 0.636582
vn -0.834843 -0.479354 0.270659
vn 0.080091 -0.856460 0.509962
vn 0.331374 -0.823079 0.461229
vn -0.101161 0.179544 0.978535
vn 0.446301 0.000584 0.894883
vn -0.940010 0.149286 0.306749
vn 0.250077 -0.839320 0.482705
vn -0.095729 -0.854580 0.510421
vn 0.353615 -0.071883 0.932625
vn -0.016214 -0.412906 0.910629
vn 0.655707 0.152880 0.739376
vn 0.378703 -0.332323 0.863797
vn 0.296993 -0.531674 0.793170
vn 0.492184 -0.575956 0.652710
vn 0.263432 -0.568559 0.779323
vn 0.770054 -0.419055 0.481050
vn -0.750195 0.425200 0.506371
vn -0.006660 0.535562 0.844469
vn 0.761444 -0.283613 0.582895
vn -0.136465 0.724803 0.675306
vn 0.137505 -0.819285 0.556655
vn 0.368003 -0.733521 0.571420
vn 0.170725 -0.716889 0.675961
vn 0.290381 -0.664290 0.688765
vn -0.134659 -0.787480 0.601450
vn -0.162143 -0.765424 0.622765
vn -0.051246 -0.666194 0.744016
vn -0.180585 -0.746074 0.640908
vn 0.022453 -0.395384 0.918242
vn -0.000796 -0.129249 0.991612
vn 0.022761 -0.404208 0.914384
vn 0.032342 -0.285145 0.957939
vn 0.217374 -0.249944 0.943545
vn -0.176239 -0.270493 0.946453
vn 0.254679 -0.583099 0.771449
vn 0.209036 -0.386433 0.898317
vn 0.357225 -0.412651 0.837920
vn 0.206504 -0.626757 0.751353
vn -0.130379 -0.718250 0.683460
vn 0.324895 -0.743205 0.584884
vn -0.240675 -0.791187 0.562226
vn 0.587085 -0.452658 0.671143
vn -0.150701 -0.626583 0.764646
vn 0.054771 -0.339715 0.938932
vn -0.496173 -0.535143 0.683692
vn -0.223697 -0.207624 0.952288
vn -0.528779 -0.481158 0.699200
vn -0.727664 -0.326489 0.603250
vn -0.421654 -0.235729 0.875580
vn -0.708069 -0.363729 0.605260
vn -0.675319 -0.221037 0.703624
vn -0.450234 -0.191470 0.872140
vn 0.757858 -0.183707 0.626021
vn 0.526966 -0.402186 0.748701
vn 0.623565 0.000000 0.781772
vn 0.768747 -0.073515 0.635314
vn 0.645960 -0.185365 0.740524
vn 0.849940 -0.282625 0.444663
vn 0.791149 -0.406657 0.456852
vn 0.877044 -0.177543 0.446400
vn 0.801756 -0.044066 0.596025
vn -0.013671 -0.797208 0.603549
vn 0.493420 -0.309776 0.812758
vn 0.554796 -0.182162 0.811799
vn 0.803625 -0.014611 0.594957
vn 0.658875 -0.074705 0.748534
vn 0.411487 -0.597222 0.688480
vn 0.572080 -0.687418 0.447417
vn -0.795777 -0.183207 0.577213
vn 0.886354 0.038386 0.461415
vn 0.729667 -0.614067 0.300847
vn -0.412391 -0.776413 0.476567
vn -0.022284 -0.581596 0.813172
vn -0.038330 -0.387142 0.921223
vn -0.139948 -0.775847 0.615204
vn -0.030841 -0.778678 0.626666
vn -0.409777 -0.444773 0.796404
vn -0.649517 -0.593977 0.474677
vn -0.140838 -0.818118 0.557537
vn -0.224297 -0.897644 0.379377
vn -0.038673 -0.731405 0.680846
vn -0.091154 -0.730152 0.677177
vn -0.172222 -0.726417 0.665326
vn -0.114988 -0.261766 0.958257
vn -0.215389 -0.258378 0.941726
vn -0.049024 -0.263638 0.963375
vn -0.079059 -0.678348 0.730475
vn -0.011947 -0.264340 0.964356
vn -0.250162 -0.880623 0.402396
vn 0.102111 -0.845678 0.523834
vn -0.139993 -0.929315 0.341724
vn -0.196060 -0.903650 0.380758
vn -0.168612 -0.646668 0.743902
vn -0.689356 -0.304805 0.657178
vn -0.341714 -0.842356 0.416735
vn -0.539179 -0.753556 0.376085
vn -0.406056 -0.697084 0.590925
vn -0.541287 -0.667470 0.511363
vn -0.663200 -0.631716 0.401373
vn -0.688381 -0.229696 0.688020
vn -0.830039 -0.209661 0.516795
vn -0.517878 -0.244062 0.819900
vn -0.279320 -0.716222 0.639537
vn -0.352384 -0.252921 0.901031
vn -0.219853 -0.139014 0.965577
vn -0.358560 -0.135044 0.923687
vn -0.526830 -0.129085 0.840111
vn -0.361159 -0.057463 0.930732
vn -0.529969 -0.054621 0.846256
vn -0.221974 -0.059434 0.973239
vn -0.700285 -0.120376 0.703641
vn -0.843597 -0.109209 0.525755
vn -0.703902 -0.050681 0.708487
vn -0.847516 -0.045866 0.528784
vn -0.530641 -0.013241 0.847493
vn -0.756423 0.069410 0.650390
vn -0.854905 0.203195 0.477336
vn -0.803327 -0.006015 0.595508
vn -0.900720 -0.004767 0.434375
vn -0.526294 -0.004421 0.850291
vn -0.222673 -0.014491 0.974786
vn -0.361886 -0.013971 0.932118
vn -0.361908 -0.000003 0.932214
vn -0.222758 -0.000002 0.974874
vn -0.012327 -0.143565 0.989564
vn -0.050493 -0.143021 0.988431
vn -0.012514 -0.061749 0.998013
vn -0.051230 -0.061474 0.996793
vn -0.118005 -0.141588 0.982867
vn -0.119499 -0.060747 0.990974
vn -0.051487 -0.015026 0.998561
vn -0.120015 -0.014838 0.992661
vn -0.120094 0.000000 0.992763
vn 0.094211 0.170804 0.980791
vn -0.060528 -0.072637 0.995520
vn -0.191600 0.210739 0.958582
vn 0.520617 -0.815354 0.253290
vn 0.262040 -0.945750 0.192073
vn -0.130274 -0.979119 0.156057
vn 0.524655 -0.644002 0.556776
vn -0.582730 -0.771681 0.254820
vn 0.847723 -0.258508 0.463183
vn -0.376542 -0.872805 0.310528
vn 0.601862 -0.229906 0.764791
vn -0.933213 -0.296116 0.203540
vn 0.300234 0.375065 0.877033
vn -0.660215 0.061135 0.748585
vn -0.979391 0.002926 0.201953
vn -0.611296 0.071130 0.788199
vn -0.837658 -0.529679 0.133300
vn -0.849796 -0.470793 0.237069
vn -0.485561 -0.003719 0.874195
vn 0.903425 0.183523 0.387482
vn 0.700286 0.120369 0.703641
vn 0.688379 0.229690 0.688023
vn 0.926938 0.156212 0.341151
vn 0.623444 0.011852 0.781778
vn -0.108157 -0.149251 0.982866
vn 0.524034 0.420152 0.740852
vn 0.049363 0.573270 0.817878
vn -0.660343 -0.292401 0.691700
vn -0.816123 -0.190688 0.545510
vn -0.558334 0.449534 0.697267
vn -0.799672 0.112571 0.589791
vn 0.029248 0.865141 0.500675
vn -0.260749 0.804419 0.533779
vn -0.483837 0.568116 0.665693
vn -0.086087 0.734473 0.673156
vn -0.201938 0.569079 0.797101
vn 0.092556 0.815158 0.571796
vn 0.278268 0.765174 0.580582
vn -0.622138 0.487053 0.612963
vn -0.972517 -0.212463 0.095234
vn -0.818865 -0.000957 0.573985
vn 0.283766 0.007702 0.958863
vn -0.474599 -0.339211 0.812214
vn 0.203329 -0.655915 0.726934
vn -0.946517 0.194598 0.257366
vn 0.013942 0.026302 0.999557
vn 0.001461 -0.195637 0.980675
vn 0.002804 -0.568977 0.822349
vn 0.205510 -0.606167 0.768327
vn 0.126372 -0.222055 0.966810
vn -0.359003 0.032410 0.932774
vn 0.289078 0.894727 0.340437
vn -0.458853 0.887278 0.046815
vn 0.046656 0.992194 -0.115644
vn -0.308321 0.940601 0.142156
vn 0.692177 0.599981 0.401142
vn 0.442145 0.573684 0.689488
vn 0.105353 0.991597 0.075071
vn 0.401356 0.911098 0.093881
vn 0.838871 0.456644 0.296262
vn 0.682486 0.429621 0.591302
vn 0.356588 0.194510 0.913789
vn 0.616431 0.683426 0.391077
vn 0.345179 0.797577 0.494694
vn 0.680578 0.700192 0.215741
vn -0.789411 -0.554660 0.263027
vn -0.408486 0.754098 0.514272
vn 0.449380 0.848310 0.280049
vn 0.443711 0.831599 0.334012
vn 0.629656 0.761711 0.152743
vn 0.574533 0.801978 0.163532
vn 0.665764 0.726469 0.170297
vn 0.471999 0.841003 0.264445
vn 0.578594 0.794428 0.184700
vn 0.646538 0.740855 0.181996
vn -0.431762 -0.062688 0.899807
vn 0.233284 0.011425 0.972342
vn -0.363173 -0.206134 0.908633
vn 0.097113 -0.116535 0.988427
vn -0.120012 0.014837 0.992661
vn -0.219663 0.011271 0.975511
vn -0.119496 0.060753 0.990974
vn -0.194539 0.035903 0.980237
vn -0.050497 0.143018 0.988431
vn -0.115705 0.138828 0.983534
vn -0.072957 0.022583 0.997079
vn -0.082807 0.038734 0.995812
vn 0.468647 -0.563812 0.680064
vn -0.008590 0.137940 0.990403
vn -0.228420 0.280850 0.932174
vn -0.002259 0.331262 0.943536
vn -0.254217 -0.101176 0.961841
vn -0.379865 -0.334013 0.862634
vn 0.156622 -0.236781 0.958856
vn 0.237708 -0.621725 0.746293
vn -0.718247 -0.338684 0.607795
vn -0.860107 -0.255995 0.441229
vn -0.496102 -0.564231 0.659944
vn -0.861672 -0.155448 0.483071
vn 0.748535 -0.525203 0.404793
vn 0.203264 -0.839201 0.504406
vn -0.698653 -0.538305 0.471288
vn 0.557411 -0.818604 0.138495
vn 0.327090 -0.926647 0.185307
vn 0.499915 -0.855052 0.137737
vn 0.606811 -0.323086 0.726221
vn 0.505550 -0.796646 0.331322
vn 0.808170 -0.419806 0.413066
vn 0.637766 -0.765262 0.087348
vn 0.393027 -0.912745 0.111472
vn 0.964266 -0.234607 0.123085
vn 0.928354 -0.205254 0.309887
vn 0.912485 -0.197807 0.358111
vn 0.198371 -0.957802 0.208003
vn 0.056131 -0.895531 0.441446
vn 0.180482 0.261024 0.948310
vn -0.750128 0.386649 0.536480
vn 0.911222 0.229428 0.342108
vn 0.206435 0.685852 0.697848
vn -0.653243 0.629822 0.420236
vn -0.011967 0.827747 0.560974
vn -0.584905 0.703094 0.404407
vn 0.787365 0.557578 0.262988
vn 0.803352 0.316819 0.504234
vn 0.985778 0.016812 0.167211
vn 0.719027 0.650238 0.245339
vn 0.288448 0.931247 0.222659
vn 0.160840 -0.504671 0.848197
vn -0.077486 -0.509909 0.856732
vn 0.331277 -0.668262 0.666094
vn -0.274009 -0.591265 0.758502
vn -0.079248 -0.316413 0.945306
vn -0.365509 -0.218792 0.904728
vn -0.221468 0.936047 0.273437
vn -0.168378 0.676152 0.717263
vn 0.112308 0.989863 -0.086941
vn 0.033329 0.987019 -0.157110
vn 0.301155 0.929994 0.210755
vn 0.114920 0.982105 -0.149211
vn 0.680475 0.710689 0.178535
vn 0.361283 0.926927 0.101390
vn 0.465304 0.885117 -0.007767
vn 0.358788 0.933416 0.002269
vn 0.297424 0.950646 -0.088388
vn 0.895030 0.445963 -0.006134
vn 0.264266 0.962899 -0.054669
vn -0.145016 0.979777 -0.137869
vn -0.212793 0.970770 -0.111018
vn -0.174960 0.977082 -0.121245
vn 0.746943 -0.218015 0.628128
vn 0.697239 0.293487 0.654006
vn -0.257886 0.963168 0.076176
vn 0.383545 0.896864 0.220290
vn -0.011144 0.994826 0.100980
vn 0.692298 0.518930 0.501433
vn 0.794048 -0.531888 -0.294250
vn 0.916166 0.354423 0.187147
vn 0.909189 -0.286074 0.302550
vn 0.991367 -0.098279 0.086792
vn -0.120629 0.977506 -0.173008
vn -0.397893 0.907676 -0.133440
vn -0.185187 0.958559 -0.216497
vn -0.396909 0.902487 -0.167274
vn -0.420826 0.899334 -0.118757
vn 0.002804 0.997375 -0.072359
vn -0.282567 0.958424 -0.039745
vn -0.051022 0.988708 0.140902
vn -0.179958 0.982472 -0.048613
vn 0.020906 0.996484 0.081139
vn 0.100913 0.970240 0.220116
vn 0.377076 0.891953 0.249466
vn 0.282068 0.887376 0.364694
vn 0.087424 0.990571 0.105476
vn -0.150745 0.986813 -0.058964
vn -0.215534 0.976201 -0.024008
vn -0.100194 0.984947 -0.140854
vn -0.105284 0.994223 -0.020888
vn 0.309234 0.946911 0.087943
vn 0.006831 0.999937 -0.008855
vn 0.461805 0.886834 0.016170
vn 0.028115 0.998507 -0.046826
vn 0.571301 0.806268 0.153450
vn 0.049484 0.988430 0.143379
vn 0.569163 0.822138 0.011928
vn -0.410499 0.909991 -0.058371
vn 0.460534 0.880930 0.108958
vn 0.410701 0.902336 0.130820
vn -0.432234 0.901737 -0.006643
vn -0.189737 0.980224 0.056220
vn -0.614758 0.774138 -0.150936
vn 0.531841 0.803747 0.266713
vn 0.089741 0.995965 0.000989
vn 0.166709 0.984072 0.061734
vn 0.381321 0.910614 0.159298
vn 0.175385 0.983937 0.033303
vn 0.883836 0.052465 0.464846
vn 0.750742 0.465695 0.468524
vn -0.416147 0.908969 0.024416
vn -0.388762 0.904051 0.177641
vn -0.628770 0.777333 0.020021
vn 0.850874 0.330827 0.408126
vn -0.155124 0.976032 -0.152636
vn -0.157331 0.985596 -0.062035
vn -0.649450 0.759463 -0.037827
vn -0.186019 0.982453 -0.013503
vn -0.277514 0.960271 -0.029436
vn -0.666565 0.743476 -0.054180
vn 0.850287 0.474474 0.227785
vn -0.428079 0.903721 -0.006082
vn -0.286800 0.957939 -0.009978
vn 0.792045 0.581016 0.187311
vn 0.048866 0.993448 -0.103307
vn 0.048329 0.988365 -0.144219
vn -0.000907 0.959408 0.282020
vn -0.084741 0.987410 0.133567
vn 0.154970 0.971411 -0.179847
vn 0.267257 0.951441 -0.152754
vn -0.079581 0.996339 -0.031235
vn 0.301895 0.951507 -0.059109
vn -0.310845 0.920019 0.238623
vn -0.457162 0.881347 0.119290
vn -0.000370 0.997785 0.066523
vn -0.533578 0.841326 0.086402
vn 0.078100 0.992680 0.092120
vn -0.299498 0.945009 0.131374
vn -0.005874 0.958596 0.284709
vn -0.174994 0.951993 0.251171
vn 0.439018 0.898355 0.014860
vn 0.125864 0.982940 0.134119
vn 0.561279 0.826419 -0.044702
vn 0.369881 0.928719 0.025878
vn -0.645616 0.746917 0.159043
vn -0.675216 0.721989 0.151043
vn -0.827730 0.559950 0.036323
vn -0.853562 0.520194 0.028810
vn 0.659167 0.751918 -0.010838
vn 0.165851 0.976352 0.138673
vn -0.712188 0.682808 0.162979
vn 0.071370 0.967081 0.244254
vn -0.335669 0.885305 0.321810
vn 0.606143 0.783836 0.134878
vn 0.541339 0.840543 0.020984
vn 0.640523 0.767270 0.032033
vn 0.200525 0.922483 0.329871
vn 0.718430 0.659659 0.220700
vn 0.493790 0.846628 0.198475
vn 0.620865 0.741084 0.255579
vn -0.190032 0.971569 0.141218
vn 0.446865 0.826987 0.341180
vn -0.586237 0.784966 0.200384
vn -0.810662 0.565504 0.151765
vn -0.894088 0.444679 0.053537
vn -0.993788 0.110837 -0.010038
vn -0.448492 0.893555 0.020351
vn -0.958947 0.282449 -0.025372
vn -0.999555 -0.011048 -0.027703
vn -0.919367 0.392861 -0.020574
vn -0.988281 0.142978 0.053466
vn -0.344256 0.936915 -0.060639
vn 0.571244 0.813257 0.110880
vn 0.344218 0.933521 0.100258
vn 0.470065 0.878576 -0.084517
vn 0.655951 0.739979 -0.148861
vn -0.502440 0.864528 -0.012078
vn -0.220518 0.972241 -0.078223
vn -0.546153 0.835174 -0.064816
vn 0.178734 0.983721 0.018646
vn -0.209402 0.968888 0.131931
vn 0.286636 0.914172 0.286582
vn 0.294361 0.955617 -0.012119
vn 0.475710 0.879354 0.020886
vn 0.417619 0.899563 -0.127987
vn 0.180336 0.980999 -0.071556
vn -0.441395 0.896918 -0.026628
vn -0.315273 0.944810 -0.089094
vn 0.858454 0.509967 0.054684
vn 0.185894 0.982324 -0.021967
vn -0.555074 0.823885 -0.114481
vn -0.098772 0.922135 -0.374047
vn -0.290286 0.935723 -0.200389
vn 0.858233 0.357000 -0.368764
vn -0.395470 0.915177 -0.077808
vn 0.310478 0.950502 0.012227
vn -0.001254 0.997015 -0.077199
vn 0.493975 0.868728 -0.036069
vn 0.245459 0.886837 -0.391498
vn 0.308333 0.912462 -0.268967
vn 0.455067 0.887448 -0.073146
vn 0.864414 0.243170 -0.440065
vn 0.419661 0.904356 -0.077618
vn 0.714323 -0.514538 -0.474335
vn 0.690887 0.635773 -0.344191
vn 0.103686 0.893961 -0.435986
vn -0.030418 0.055959 -0.997970
vn -0.322710 0.939613 -0.113952
vn 0.657390 0.742456 0.128835
vn 0.257140 0.960171 0.109317
vn 0.754541 0.656067 -0.015614
vn 0.187047 0.979795 -0.070819
vn -0.675863 0.735256 -0.051069
vn -0.511352 0.856647 -0.068372
vn -0.708362 0.700043 -0.090348
vn -0.479784 0.876675 -0.035329
vn 0.119038 0.963929 -0.238055
vn -0.590710 0.775516 -0.222790
vn -0.317857 0.944948 -0.077718
vn -0.288374 0.943004 -0.166086
vn -0.110428 0.992981 -0.042351
vn -0.224054 0.921177 -0.318170
vn 0.656092 0.739561 -0.150312
vn 0.306081 0.926823 -0.217517
vn 0.388487 0.920395 0.044175
vn 0.145302 0.989062 -0.025349
vn -0.027890 0.997909 -0.058308
vn 0.001101 0.992177 0.124834
vn -0.096178 0.994411 0.043547
vn 0.562297 0.816681 0.129822
vn -0.045898 0.998626 -0.025305
vn -0.012213 0.999921 -0.002880
vn -0.005281 0.999967 -0.006132
vn -0.008522 0.999947 -0.005817
vn -0.134015 0.990557 -0.028931
vn 0.013295 0.999905 -0.003651
vn 0.084369 0.995161 0.050369
vn 0.135120 0.989814 0.044839
vn 0.249021 0.959406 0.132393
vn -0.013123 0.999078 -0.040879
vn 0.322427 0.946429 0.017705
vn -0.023141 0.999689 -0.009320
vn -0.048608 0.993458 -0.103335
vn 0.302057 0.951237 -0.062520
vn -0.603146 0.761639 -0.236899
vn -0.029032 0.614079 -0.788710
vn 0.825677 -0.444848 -0.346942
vn -0.181987 0.966826 0.179243
vn 0.886757 0.457790 0.063950
vn -0.241926 0.965922 0.092015
vn 0.951659 -0.230230 -0.203322
vn 0.908949 0.409783 0.076744
vn 0.596734 0.796241 0.099544
vn 0.863567 0.500233 0.063400
vn 0.538649 0.839031 0.076711
vn 0.133980 0.983896 0.118310
vn -0.011637 0.973155 0.229858
vn -0.389973 0.907592 0.155558
vn -0.460521 0.885432 0.062694
vn -0.347374 0.934588 0.076660
vn -0.114618 0.992302 -0.046904
vn -0.128911 0.989292 -0.068438
vn 0.058717 0.997991 0.023794
vn -0.164701 0.977992 -0.128085
vn 0.541554 0.832043 -0.120098
vn 0.705813 0.691560 -0.153535
vn 0.353640 0.660867 -0.661962
vn 0.695393 0.608737 -0.381927
vn -0.551676 0.828146 -0.099135
vn -0.735814 0.496047 -0.460993
vn 0.559006 0.773663 -0.298258
vn -0.830987 0.553689 -0.053754
vn 0.134138 0.989531 -0.053258
vn -0.583944 0.810315 -0.048972
vn 0.176585 0.983953 0.025598
vn 0.279023 0.959960 0.024957
vn 0.727306 0.660200 -0.187516
vn 0.137560 0.977848 -0.157766
vn 0.781700 0.603239 -0.158267
vn 0.622290 0.764623 -0.167650
vn -0.649466 0.760024 -0.023634
vn -0.940922 0.333320 0.059697
vn -0.280173 0.959948 0.001522
vn -0.860125 0.500249 0.099677
vn 0.746388 0.659393 -0.090028
vn 0.075372 0.997023 -0.016269
vn -0.846752 0.530801 0.035521
vn -0.244397 0.960749 -0.131272
vn -0.968430 0.200571 -0.148036
vn 0.651334 0.748198 -0.126346
vn 0.572106 0.812957 -0.108605
vn 0.685543 0.719657 -0.110110
vn -0.360003 0.932773 -0.018218
vn 0.706941 0.685395 -0.174552
vn 0.512883 0.782700 -0.352607
vn 0.510717 0.848118 -0.140940
vn 0.357316 0.778333 -0.516258
vn -0.474447 0.879751 0.030650
vn -0.926974 0.107863 -0.359283
vn -0.968381 -0.093816 -0.231163
vn -0.928338 0.065676 -0.365891
vn -0.938040 -0.264192 -0.224240
vn 0.524999 0.827336 -0.199726
vn -0.628824 0.700488 -0.337487
vn -0.882987 -0.466194 0.054743
vn 0.250778 0.955028 -0.158215
vn -0.982864 0.168459 0.074835
vn 0.432056 0.891147 -0.138508
vn -0.503073 0.860323 0.082227
vn 0.383328 0.919778 -0.084072
vn 0.268221 0.963211 -0.016803
vn -0.770256 0.622768 0.137353
vn 0.346696 0.937916 0.010771
vn -0.544169 0.838970 -0.003120
vn 0.341954 0.939717 0.000416
vn -0.383723 0.922806 0.034433
vn -0.904182 0.427054 -0.008940
vn -0.828981 0.555540 0.064544
vn 0.524146 0.827081 0.202996
vn -0.811878 0.565868 0.143692
vn -0.792378 0.587116 0.165625
vn 0.409978 0.904728 0.115691
vn 0.518616 0.850304 0.089562
vn 0.696391 0.710553 0.100766
vn 0.154885 0.960286 0.232079
vn -0.561994 0.825529 0.051627
vn -0.067108 0.985912 0.153216
vn -0.249295 0.926704 0.281196
vn -0.076957 0.937461 0.339478
vn 0.537247 0.821362 0.191651
vn 0.290079 0.925802 0.242373
vn -0.126043 0.980984 0.147593
vn -0.021744 0.964168 0.264402
vn -0.062867 0.994819 0.079897
vn -0.365468 0.930154 -0.035307
vn -0.126707 0.955675 -0.265763
vn -0.379051 0.918125 -0.115611
vn -0.132469 0.961924 -0.239070
vn -0.043949 0.986210 -0.159554
vn -0.465175 0.849778 -0.247972
vn 0.446738 0.893104 0.052827
vn -0.087088 0.994368 0.060397
vn -0.079572 0.988550 -0.128204
vn 0.726730 0.680666 -0.092506
vn -0.168509 0.984828 0.041454
vn 0.077135 0.996988 -0.008112
vn -0.430483 0.900953 0.054477
vn 0.104603 0.994303 -0.020490
vn 0.234213 0.972185 -0.000464
vn 0.225658 0.973043 -0.047606
vn 0.148784 0.987494 -0.052146
vn 0.086474 0.988572 -0.123484
vn 0.223496 0.974696 0.004101
vn 0.249135 0.963825 0.094728
vn 0.052166 0.985943 0.158732
vn 0.587591 0.785752 0.193211
vn 0.140285 0.927218 0.347256
vn 0.506768 0.859703 0.064008
vn -0.128747 0.991063 -0.034912
vn -0.115413 0.992857 -0.030237
vn 0.182430 0.978110 0.100095
vn 0.036059 0.979178 0.199775
vn 0.373140 0.910449 0.178466
vn 0.297682 0.911771 0.282947
vn 0.342902 0.868148 0.358800
vn 0.400621 0.913373 0.072478
vn 0.706614 0.682018 0.188543
vn 0.157007 0.966637 0.202391
vn 0.678982 0.692662 0.243318
vn -0.060070 0.991260 0.117456
vn 0.344798 0.876713 0.335394
vn 0.426833 0.877078 0.220335
vn -0.323941 0.943863 0.064691
vn 0.147817 0.986185 -0.074767
vn -0.369052 0.927906 -0.052831
vn 0.176810 0.983604 0.035508
vn 0.640072 0.760904 0.106452
vn 0.530403 0.802021 0.274655
vn 0.643419 0.755596 0.122830
vn 0.785344 0.611367 0.097288
vn 0.067494 0.997064 -0.036163
vn -0.487889 0.868944 -0.083074
vn -0.417377 0.906801 -0.059228
vn -0.585309 0.810160 -0.032470
vn -0.154702 0.987909 -0.010117
vn 0.243562 0.967602 0.066505
vn 0.074618 0.996958 -0.022520
vn 0.208813 0.977950 0.003263
vn -0.340037 0.937467 -0.074365
vn 0.251665 0.967643 0.018211
vn 0.467783 0.883231 0.032906
vn -0.252583 0.965307 -0.066218
vn 0.202300 0.977928 -0.052256
vn -0.468742 0.879794 -0.079012
vn -0.491981 0.863050 -0.114451
vn 0.633355 0.771529 -0.060042
vn 0.532182 0.841353 -0.094380
vn 0.300112 0.953819 -0.012690
vn 0.403552 0.905167 -0.133489
vn 0.391344 0.911798 -0.124394
vn -0.777965 0.608648 0.155947
vn -0.742946 0.648413 0.166110
vn -0.800228 0.596971 0.057104
vn -0.890772 0.450425 0.060358
vn 0.036876 0.956036 -0.290922
vn -0.926719 0.206563 -0.313885
vn -0.884391 0.139205 -0.445505
vn -0.948411 -0.011802 -0.316824
vn -0.849243 0.338406 -0.405300
vn -0.882398 0.447756 -0.144530
vn 0.301869 0.951640 0.057059
vn -0.413272 0.883237 0.221582
vn 0.035099 0.996820 0.071539
vn 0.041062 0.994376 0.097618
vn -0.068220 0.996881 0.039677
vn 0.484279 0.870579 0.086979
vn 0.337668 0.938588 0.070950
vn 0.051356 0.985276 0.163075
vn 0.410323 0.903337 0.124968
vn -0.208755 0.949070 0.235984
vn 0.533650 0.845586 0.014221
vn 0.263596 0.959533 0.099066
vn -0.488873 0.853433 0.180709
vn -0.001511 0.988494 0.151255
vn -0.709383 0.698005 0.097801
vn 0.607546 0.792268 0.056569
vn 0.179683 0.974902 -0.131457
vn 0.518625 0.851910 0.072650
vn -0.539955 0.841576 0.014122
vn 0.278538 0.956868 0.082584
vn 0.413602 0.905175 0.097933
vn 0.652920 0.757411 0.004984
vn 0.409394 0.912097 -0.021783
vn -0.307175 0.944332 0.117813
vn -0.534890 0.840651 0.084841
vn -0.952620 0.302899 0.027687
vn -0.491590 0.870826 0.000794
vn -0.979579 0.201023 -0.003835
vn 0.710091 0.703485 0.029649
vn -0.196301 0.978427 -0.064403
vn -0.926859 0.371811 -0.051853
vn 0.098765 0.994710 0.028251
vn -0.679053 0.732526 -0.047886
vn 0.452589 0.891063 0.034191
vn 0.149049 0.984262 0.094932
vn 0.709380 0.704030 0.033500
vn 0.623794 0.778015 0.074665
vn 0.291017 0.946601 0.138768
vn -0.651080 0.741992 0.159821
vn -0.818038 0.573882 0.038389
vn -0.769461 0.638579 0.012105
vn -0.779354 0.626265 0.019978
vn -0.767597 0.640721 0.016443
vn -0.602622 0.793674 0.083233
vn -0.663152 0.748014 0.026541
vn -0.394789 0.912723 0.105257
vn -0.125723 0.984645 0.121112
vn -0.578786 0.814072 0.047899
vn -0.789335 0.613956 -0.002763
vn -0.773516 0.633687 0.010649
vn 0.284582 0.949426 -0.132679
vn -0.383804 0.915257 -0.122472
vn -0.416281 0.903989 -0.097534
vn -0.563642 0.810323 -0.160261
vn 0.253138 0.964002 -0.081376
vn -0.186768 0.904353 -0.383748
vn 0.517427 0.855695 0.007404
vn 0.750372 0.659421 -0.045885
vn 0.432544 0.899660 -0.059310
vn 0.557409 0.818838 -0.137108
vn 0.728355 0.681581 -0.070331
vn 0.376316 0.925239 -0.048156
vn 0.219012 0.967259 -0.128233
vn 0.291116 0.931958 0.216116
vn 0.038046 0.988913 0.143541
vn 0.984532 0.170585 -0.039976
vn 0.129335 -0.028690 -0.991186
vn 0.862663 0.188877 -0.469189
vn 0.926670 -0.332860 -0.174605
vn 0.689107 0.092511 -0.718730
vn 0.378420 0.898867 -0.220988
vn 0.029772 0.940133 -0.339504
vn 0.241094 0.904909 -0.350732
vn -0.009262 0.911150 -0.411971
vn 0.004734 0.908796 -0.417215
vn -0.232972 0.947191 -0.220350
vn 0.005867 0.919944 -0.392006
vn 0.407623 0.859364 -0.308766
vn 0.003276 0.988441 -0.151572
vn 0.035613 0.989889 -0.137299
vn 0.432110 0.891032 -0.139078
vn 0.055391 0.998459 0.003468
vn 0.319687 0.944064 -0.080885
vn 0.035714 0.999362 -0.000662
vn 0.042193 0.984042 -0.172860
vn -0.071187 0.997164 0.024402
vn -0.280329 0.928077 0.245128
vn -0.204075 0.977723 0.049102
vn 0.036465 0.999334 0.001704
vn -0.444257 0.895874 0.006745
vn 0.003385 0.999987 0.003731
vn -0.321553 0.939430 0.118641
vn 0.025331 0.999581 -0.014024
vn 0.074122 0.995490 -0.059199
vn 0.000340 0.999891 -0.014725
vn 0.012208 0.999876 -0.009978
vn -0.025138 0.999590 0.013738
vn -0.021460 0.999709 0.011022
vn 0.117143 0.991870 0.049711
vn -0.021495 0.999544 0.021186
vn 0.186346 0.982326 0.017643
vn -0.003088 0.999922 0.012087
vn -0.362988 0.905341 -0.220449
vn -0.250469 0.965913 -0.065405
vn 0.042231 0.997725 -0.052551
vn -0.075003 0.978353 -0.192872
vn 0.691304 0.708842 0.140149
vn 0.994023 -0.078112 0.076269
vn 0.804474 0.510899 0.302992
vn 0.884882 -0.407440 -0.225780
vn 0.967331 0.057006 -0.247025
vn 0.978443 0.127226 -0.162675
vn 0.383109 0.854427 0.350973
vn 0.656451 0.735681 -0.166872
vn 0.793009 -0.373738 -0.481099
vn 0.720007 0.117246 -0.683991
vn 0.911692 -0.161094 -0.377977
vn 0.910814 -0.302834 -0.280550
vn -0.038193 0.966978 -0.251984
vn 0.789664 -0.114339 -0.602791
vn 0.878954 0.423355 -0.219567
vn 0.192359 0.974324 -0.117010
vn -0.678220 0.733379 0.046613
vn -0.437078 0.887370 0.146757
vn -0.004727 0.999981 -0.004005
vn -0.505071 0.817689 0.276204
vn 0.036462 0.986222 0.161361
vn 0.205865 0.978448 -0.016117
vn -0.603404 0.787434 0.125901
vn -0.514778 0.429353 -0.742064
vn -0.169397 0.984303 -0.049515
vn -0.811738 0.583087 0.033025
vn -0.943161 0.095160 -0.318422
vn -0.925210 0.348466 -0.150193
vn -0.907188 0.413449 -0.077906
vn 0.036687 0.946440 -0.320790
vn 0.509809 0.839166 -0.189461
vn 0.417333 0.877362 -0.236790
vn 0.532753 0.835643 -0.133699
vn 0.609082 0.781571 -0.134779
vn 0.270109 0.636701 -0.722256
vn 0.690838 0.695930 -0.196023
vn 0.172144 0.978410 -0.114369
vn -0.329994 0.941650 -0.066329
vn 0.468744 0.878343 -0.093769
vn -0.323165 0.943733 -0.070233
vn 0.799158 0.570918 -0.188149
vn 0.778257 0.621388 -0.090519
vn 0.179920 0.983674 -0.003787
vn 0.506988 0.859973 0.058403
vn -0.367748 0.924954 0.096030
vn 0.595277 0.802585 0.038771
vn 0.360221 0.606818 -0.708528
vn 0.385000 0.922845 0.011451
vn -0.853360 0.520655 0.026369
vn 0.214721 0.975682 0.044044
vn 0.642464 0.766293 -0.005963
vn 0.431478 0.901511 -0.033234
vn 0.699940 0.707644 -0.096563
vn -0.831721 0.554915 0.017596
vn 0.178730 0.983636 -0.022699
vn -0.747636 0.663947 0.014670
vn 0.568624 0.807767 -0.155499
vn -0.368357 0.909177 -0.194191
vn 0.589998 0.801714 -0.095690
vn 0.691803 0.715223 -0.099322
vn 0.006660 0.962278 -0.271986
vn 0.555052 0.831584 0.019624
vn 0.368836 0.927251 -0.064538
vn 0.365071 0.929791 0.047029
vn -0.589417 0.794925 -0.143812
vn 0.322710 0.938862 -0.119983
vn 0.035411 0.998046 -0.051478
vn -0.482056 0.870154 -0.102244
vn 0.097151 0.985432 -0.139591
vn 0.171935 0.972423 -0.157581
vn 0.124486 0.990748 0.054055
vn 0.219153 0.975591 0.013967
vn -0.814468 0.576641 -0.064246
vn -0.819601 0.572489 -0.022585
vn -0.409207 0.912337 -0.013831
vn -0.941865 0.296891 -0.157307
vn -0.881889 0.462297 -0.092482
vn -0.755738 0.646542 -0.104131
vn 0.228790 0.968932 0.093943
vn 0.094969 0.994697 -0.039486
vn 0.072790 0.985581 0.152745
vn 0.751792 0.644132 0.141076
vn 0.974105 0.224697 -0.025117
vn 0.515631 0.823669 0.235997
vn 0.312346 0.946976 0.075341
vn 0.157719 0.960972 0.227284
vn 0.809898 -0.496563 -0.312236
vn 0.360545 0.927361 0.100044
vn 0.795697 0.604732 0.034142
vn 0.479851 0.877262 0.012438
vn 0.479838 0.874814 0.066756
vn 0.527308 0.847878 0.055226
vn 0.657567 0.752070 0.044680
vn 0.816409 0.577365 0.011178
vn 0.190161 0.981459 0.024035
vn 0.972258 0.198493 -0.123753
vn 0.210310 0.838248 -0.503101
vn 0.161944 0.984188 -0.071742
vn 0.525320 0.712591 -0.465030
vn 0.339329 0.537749 -0.771804
vn -0.010158 0.992147 0.124664
vn -0.070282 0.996576 0.043552
vn -0.056205 0.998360 -0.010891
vn -0.136039 0.990669 -0.008263
vn -0.014941 0.999848 0.009030
vn 0.073895 0.996794 -0.030684
vn -0.001885 0.999993 0.003368
vn -0.006629 0.999928 0.009962
vn -0.048725 0.997855 -0.043720
vn -0.001040 0.999995 -0.002939
vn 0.000000 0.999983 -0.005844
vn -0.007785 0.999904 -0.011492
vn 0.005749 0.999944 -0.008896
vn 0.019307 0.999791 -0.006765
vn 0.075689 0.992067 -0.100375
vn 0.049570 0.998753 0.006001
vn 0.306494 0.950108 -0.057932
vn -0.026546 0.999647 0.000423
vn 0.020837 0.999679 -0.014432
vn -0.182109 0.983173 0.014363
vn 0.023470 0.999664 -0.011014
vn 0.490463 0.870817 -0.033525
vn 0.015476 0.999867 -0.005166
vn 0.005680 0.999980 0.002868
vn 0.102468 0.994091 0.035833
vn 0.069300 0.990822 0.116055
vn 0.034496 0.999317 -0.013218
vn 0.171730 0.985048 -0.013732
vn 0.121329 0.992598 -0.005307
vn 0.111216 0.993208 -0.034189
vn 0.068039 0.992575 -0.100824
vn 0.070815 0.997486 -0.002823
vn 0.711482 0.696891 -0.090204
vn -0.158916 0.986481 -0.040024
vn 0.128419 0.990145 -0.055862
vn 0.856225 0.470707 -0.212871
vn 0.531022 0.842014 0.095012
vn 0.833640 0.548662 0.063349
vn 0.949083 0.314741 -0.013407
vn 0.562715 0.821765 -0.089740
vn 0.907791 0.369994 -0.197536
vn 0.262643 0.958375 0.111963
vn 0.926192 0.365540 -0.092464
vn 0.976377 -0.064186 -0.206320
vn 0.784355 0.620308 -0.002219
vn 0.906764 0.421637 -0.001323
vn 0.844980 0.532097 -0.053686
vn 0.256643 0.962550 0.087365
vn -0.217113 0.970014 0.109244
vn 0.035922 0.996632 0.073723
vn -0.247461 0.960830 0.124771
vn 0.124358 0.973013 0.194371
vn 0.006955 0.997370 -0.072145
vn -0.432666 0.901543 -0.004442
vn -0.008546 0.999931 0.008019
vn -0.241862 0.969608 0.036908
vn -0.612594 0.787800 0.064029
vn -0.327316 0.943174 0.057338
vn -0.378256 0.921242 0.090753
vn -0.252979 0.960684 0.114404
vn -0.108601 0.993903 0.019037
vn -0.205152 0.975557 0.078745
vn -0.298172 0.950120 0.091461
vn -0.085364 0.995735 0.035010
vn -0.597989 0.800098 -0.047449
vn -0.073817 0.997246 0.007192
vn -0.019942 0.999781 -0.006307
vn -0.007456 0.999972 0.000460
vn 0.059251 0.996346 0.061521
vn 0.335855 0.938627 0.078611
vn -0.029097 0.994515 0.100464
vn 0.123265 0.992366 -0.003904
vn 0.374199 0.927325 0.006596
vn 0.489184 0.867920 -0.086108
vn 0.221514 0.955660 -0.194026
vn 0.524350 0.729127 -0.439808
vn -0.904934 0.410421 -0.112464
vn -0.737408 0.467591 -0.487431
vn 0.243338 0.780795 -0.575453
vn -0.886918 0.439787 -0.141292
vn -0.574499 0.810384 -0.115013
vn -0.989834 -0.102697 -0.098396
vn -0.430161 0.900786 0.059543
vn -0.981807 0.158591 -0.104423
vn -0.867433 0.255277 -0.427076
vn -0.952482 -0.019077 -0.303998
vn -0.745720 0.661442 -0.079975
vn -0.898423 0.436159 -0.051008
vn -0.229838 0.971959 0.049709
vn -0.786721 0.615133 -0.051780
vn -0.487079 0.866437 0.109726
vn -0.377948 0.918570 0.115692
vn -0.274737 0.954937 0.112316
vn -0.261117 0.947314 0.185510
vn -0.239597 0.968712 0.064729
vn 0.020755 0.997965 0.060287
vn 0.189457 0.976027 0.107129
vn -0.020127 0.989903 0.140310
vn 0.333665 0.931942 0.141956
vn -0.254193 0.957662 0.135166
vn -0.472197 0.875565 0.102060
vn -0.644532 0.758649 0.095028
vn -0.273960 0.952996 0.129399
vn -0.641673 0.764095 0.066446
vn 0.000467 0.999998 -0.001757
vn -0.148622 0.988445 -0.029792
vn -0.078315 0.990832 0.110085
vn -0.324611 0.945130 0.036845
vn -0.333287 0.937892 -0.096322
vn 0.047185 0.998633 0.022478
vn -0.119282 0.990138 0.073472
vn 0.161570 0.982016 0.097675
vn -0.245235 0.969398 -0.011264
vn 0.017787 0.998487 -0.052041
vn -0.114149 0.993464 -0.000023
vn -0.056782 0.992330 -0.109807
vn 0.185366 0.982575 0.013637
vn -0.383212 0.922365 0.048905
vn -0.265771 0.963052 -0.043543
vn -0.463974 0.875260 -0.136560
vn 0.053725 0.984567 -0.166559
vn -0.418499 0.889533 -0.183271
vn 0.808632 0.393725 -0.437143
vn 0.909796 -0.324867 -0.258329
vn 0.645312 0.763373 -0.028875
vn 0.902342 0.428174 0.049452
vn 0.084252 0.993241 0.079830
vn 0.374293 0.922424 0.095070
vn 0.688819 0.714046 0.125166
vn 0.205072 0.966643 0.153451
vn 0.438282 0.889986 0.125834
vn -0.274716 0.951790 0.136478
vn -0.115599 0.989441 0.087422
vn -0.009889 0.990940 0.133938
vn -0.067756 0.960116 0.271270
vn 0.905978 0.349633 0.238665
vn 0.626113 0.777614 -0.057431
vn 0.056565 0.998317 0.012748
vn 0.448196 0.892720 0.046587
vn 0.038662 0.999181 0.011927
vn 0.056071 0.998335 0.013538
vn 0.000000 0.999918 0.012791
vn 0.040550 0.999161 -0.005772
vn 0.053809 0.998402 0.017274
vn 0.016499 0.999804 0.010976
vn 0.006059 0.999970 -0.004797
vn 0.088354 0.995667 -0.029001
vn -0.031996 0.999472 0.005583
vn -0.021552 0.998725 -0.045644
vn 0.001660 0.999960 0.008740
vn 0.316593 0.947004 0.054327
vn 0.164511 0.985796 0.033787
vn 0.279111 0.955513 0.095353
vn 0.077445 0.996898 0.013993
vn 0.013486 0.999905 0.002910
vn 0.054231 0.998522 -0.003639
vn 0.019360 0.999813 0.000000
vn 0.190383 0.981685 0.006990
vn -0.047345 0.998861 0.005863
vn -0.131911 0.991249 -0.004992
vn -0.051833 0.998653 -0.002380
vn -0.162832 0.986634 -0.006179
vn 0.012578 0.999915 -0.003462
vn -0.058974 0.998218 -0.009111
vn -0.144160 0.989554 -0.000763
vn -0.083330 0.996370 -0.017392
vn -0.096857 0.995284 -0.005308
vn -0.007716 0.999948 -0.006627
vn 0.202237 0.978490 -0.040710
vn 0.075775 0.997111 -0.005201
vn 0.091035 0.995848 0.000568
vn 0.494991 0.866521 -0.064222
vn 0.972321 0.197487 0.124865
vn 0.026435 0.997494 0.065628
vn -0.219548 0.971738 0.086745
vn -0.214264 0.975838 -0.042795
vn 0.027326 0.999484 -0.016871
vn 0.564620 0.812756 0.143636
vn -0.037427 0.993938 0.103370
vn 0.320969 0.947060 -0.007508
vn 0.668747 -0.129836 -0.732066
vn 0.540154 0.821531 -0.182538
vn 0.968581 0.062463 -0.240727
vn 0.865527 -0.314917 -0.389475
vn 0.670314 0.707887 -0.222654
vn -0.216578 0.909458 -0.354937
vn 0.229101 0.214046 -0.949577
vn 0.962145 -0.180512 -0.204190
vn -0.010607 0.999893 0.010073
vn 0.049003 0.996812 -0.062965
vn 0.048426 0.994976 0.087618
vn -0.227336 0.971893 0.061170
vn -0.665919 0.734578 -0.130179
vn -0.716083 0.693370 -0.080401
vn -0.858360 0.488466 -0.156903
vn -0.941376 0.000078 -0.337360
vn -0.119194 0.979700 0.161184
vn -0.688155 0.713315 0.132756
vn -0.829314 0.558657 0.011881
vn -0.447874 0.893027 -0.043713
vn -0.785980 0.610874 0.095230
vn 0.124752 0.983645 -0.129922
vn 0.203964 0.978465 0.031698
vn 0.254460 0.956773 -0.140838
vn -0.075970 0.995250 0.060873
vn -0.193460 0.971333 0.138152
vn -0.298485 0.226360 -0.927183
vn 0.286303 0.860147 -0.422110
vn -0.065313 0.983711 0.167473
vn 0.018768 0.999426 0.028186
vn 0.149071 0.938108 -0.312621
vn -0.809427 0.555713 -0.189765
vn 0.122344 0.971586 -0.202617
vn 0.192463 0.947414 -0.255666
vn -0.366401 0.928976 -0.052480
vn 0.115356 0.993230 -0.013657
vn 0.255048 0.963203 0.084795
vn -0.030905 0.998304 -0.049332
vn -0.590383 0.794641 -0.141398
vn -0.613312 0.788687 0.042669
vn -0.867070 0.495870 0.047991
vn -0.572291 0.814746 0.093123
vn -0.153159 0.982872 0.102499
vn -0.231085 0.966043 0.115592
vn 0.275462 0.940687 0.198063
vn -0.644470 0.759587 0.087669
vn 0.072668 0.993177 0.091204
vn 0.203883 0.958026 0.201538
vn 0.260614 0.922769 0.283861
vn -0.016173 0.950859 0.309200
vn 0.611768 0.787002 0.079798
vn 0.346129 0.926906 0.145052
vn -0.461535 0.862075 0.209316
vn 0.004169 0.998997 0.044572
vn -0.714221 0.699442 -0.025852
vn 0.727411 0.685532 0.030313
vn -0.511640 0.849613 0.127995
vn 0.112297 0.989070 0.095549
vn 0.352116 0.933832 0.063032
vn -0.517152 0.852054 0.080974
vn 0.076203 0.994964 -0.065114
vn 0.161113 0.978767 -0.126717
vn 0.008609 0.999919 -0.009378
vn 0.109862 0.993940 0.003675
vn -0.614097 0.788444 -0.035225
vn -0.238725 0.970250 0.040309
vn 0.157559 0.987238 0.023144
vn -0.158898 0.980900 0.112189
vn -0.002998 0.997819 0.065946
vn 0.295039 0.953245 0.065391
vn 0.010290 0.999928 0.006166
vn 0.039804 0.999061 0.017089
vn 0.542629 0.763614 -0.349925
vn 0.225000 0.943206 -0.244412
vn 0.767803 0.636146 -0.076129
vn 0.298177 0.954138 0.026658
vn 0.662466 0.748568 0.028014
vn 0.684765 0.723368 0.088518
vn 0.968288 0.249820 -0.002951
vn 0.681908 0.731428 0.003906
vn 0.955604 0.294062 0.018646
vn 0.418734 0.908022 0.012572
vn 0.569675 0.817558 0.084085
vn 0.818286 0.570311 0.071785
vn 0.376754 0.926204 -0.014258
vn 0.905349 0.418261 -0.073482
vn 0.873047 0.441858 -0.206277
vn 0.134789 0.981548 0.135630
vn 0.828673 0.543103 0.135426
vn 0.182982 0.972305 0.145397
vn -0.052758 0.987391 0.149248
vn 0.905047 0.398910 0.147516
vn 0.073274 0.997307 0.003156
vn -0.026434 0.999580 -0.011849
vn 0.035734 0.999360 0.001736
vn -0.040405 0.999176 -0.003798
vn -0.086038 0.996170 -0.015580
vn -0.027109 0.999614 0.006004
vn -0.040004 0.999119 0.012709
vn 0.112273 0.990910 0.074103
vn -0.008938 0.999860 0.014154
vn -0.005905 0.999694 0.024001
vn 0.336598 0.937333 0.090046
vn -0.070966 0.996213 0.050227
vn 0.440587 0.897599 -0.014083
vn 0.014052 0.996136 0.086687
vn 0.043663 0.999026 -0.006375
vn 0.248048 0.968573 0.018419
vn 0.969659 0.207686 -0.128952
vn 0.570348 0.812266 0.122179
vn -0.090845 0.973923 0.207898
vn 0.705853 0.680827 0.195568
vn -0.324307 0.934545 0.146458
vn 0.931278 0.358500 0.064805
vn -0.301473 0.950578 0.074272
vn 0.244553 0.966259 -0.080855
vn -0.477089 0.878275 0.031928
vn 0.028968 0.999101 -0.030940
vn -0.549577 0.823348 0.141646
vn -0.516019 0.853660 0.070630
vn -0.086346 0.995599 0.036434
vn -0.623843 0.767862 0.145629
vn -0.240063 0.967640 0.077730
vn -0.432815 0.897686 0.082647
vn 0.661852 0.726054 0.186542
vn 0.601926 0.773462 0.198602
vn 0.249866 0.962427 0.106308
vn 0.112031 0.932049 0.344578
vn 0.979392 -0.201779 0.008756
vn -0.331718 0.941794 -0.054657
vn -0.330614 0.929546 -0.163215
vn -0.137486 0.987678 -0.074758
vn -0.245221 0.958048 -0.148361
vn 0.959684 -0.279951 0.025169
vn 0.947117 -0.082150 -0.310195
vn 0.787788 0.604497 -0.118210
vn -0.156578 0.977178 0.143551
vn 0.277841 0.948737 0.150674
vn -0.055633 0.948190 0.312795
vn 0.008383 0.940738 0.339031
vn 0.701534 -0.706049 -0.096666
vn -0.390258 0.920347 0.025693
vn 0.264870 0.921111 0.285306
vn 0.917313 0.366988 0.154458
vn 0.099571 0.993671 0.052004
vn 0.294505 0.954349 0.049842
vn 0.180277 0.975455 0.126445
vn -0.020803 0.999152 0.035534
vn -0.041273 0.998576 -0.033805
vn -0.418730 0.907871 -0.020870
vn -0.264807 0.958631 -0.104417
vn -0.043840 0.998690 -0.026372
vn -0.344181 0.938897 -0.003430
vn 0.013952 0.999148 0.038829
vn 0.435451 0.898234 0.059643
vn 0.378195 0.916901 0.127521
vn 0.568355 0.788305 0.235685
vn -0.489540 0.871483 -0.029479
vn 0.036531 0.994034 0.102775
vn 0.008887 0.998879 -0.046505
vn 0.480352 0.870857 0.104262
vn 0.793436 0.598913 0.108452
vn 0.729008 0.683968 0.027112
vn 0.433553 0.899512 0.053940
vn 0.158919 0.986059 0.049314
vn -0.959965 0.057837 -0.274085
vn -0.823367 0.566935 0.025525
vn -0.993207 -0.087056 -0.077212
vn 0.495093 0.867892 0.040587
vn -0.854070 0.516622 0.060545
vn -0.919268 0.374000 0.122761
vn -0.658163 0.740001 0.138635
vn -0.681185 0.710170 0.177895
vn -0.204406 0.962362 0.179100
vn 0.653877 0.751880 0.084390
vn 0.708060 0.675651 0.205300
vn 0.708857 0.691878 0.137208
vn 0.302961 0.943571 0.133745
vn -0.822481 0.565925 -0.057044
vn 0.018918 0.997345 -0.070319
vn -0.969883 -0.168392 -0.175987
vn 0.651320 0.758471 -0.022456
vn -0.831466 0.540015 -0.130570
vn -0.383147 0.923681 0.003288
vn -0.844444 -0.367356 -0.389825
vn 0.180033 0.648849 -0.739312
vn -0.999814 0.008847 -0.017126
vn -0.996919 0.062291 -0.047664
vn -0.646338 0.741884 -0.178481
vn -0.852077 0.520030 0.059437
vn -0.786013 0.614826 0.064591
vn -0.987098 0.159476 0.014338
vn 0.677711 0.731749 -0.072466
vn -0.489888 0.861502 -0.133507
vn -0.632159 0.770863 -0.078391
vn 0.505188 0.861423 -0.052297
vn -0.023857 0.980254 -0.196297
vn -0.377382 0.918500 -0.118069
vn -0.087051 0.993509 -0.073224
vn -0.165953 0.984257 -0.060807
vn 0.508801 0.859192 0.053956
vn 0.563609 0.825997 -0.008554
vn -0.039781 0.999198 -0.004509
vn 0.538361 0.842561 -0.016070
vn 0.569459 0.821879 0.015221
vn 0.089053 0.995594 0.029357
vn -0.095974 0.995286 -0.013948
vn -0.083848 0.996441 -0.008635
vn 0.966945 0.235328 0.098170
vn 0.754160 0.634493 0.169299
vn 0.133834 0.944848 0.298916
vn 0.765660 0.643235 0.003578
vn 0.125327 0.991530 -0.034073
vn 0.991066 0.133351 0.002330
vn -0.063656 0.963957 0.258330
vn -0.147632 0.967748 0.204127
vn -0.181868 0.981051 -0.066809
vn -0.110128 0.990292 -0.084811
vn -0.056233 0.993992 -0.093902
vn -0.201736 0.972850 -0.113426
vn -0.064838 0.995469 -0.069547
vn -0.228743 0.967048 -0.111783
vn -0.008356 0.996832 -0.079100
vn -0.069461 0.995952 -0.057047
vn 0.978984 0.202016 0.027925
vn 0.735920 0.676789 0.019458
vn 0.877292 0.479915 0.006312
vn 0.979689 -0.200003 -0.014434
vn 0.251486 0.966448 0.052284
vn -0.251868 0.966436 -0.050631
vn 0.021880 0.997143 -0.072303
vn -0.145511 0.988917 -0.029498
vn -0.486695 0.871412 0.061395
vn -0.299460 0.930744 0.209854
vn -0.316210 0.944167 0.092521
vn -0.157589 0.958881 0.236034
vn -0.056686 0.997981 0.028653
vn -0.092411 0.992118 0.084633
vn 0.026958 0.993244 0.112872
vn -0.000077 0.999397 0.034721
vn 0.021895 0.999402 0.026757
vn 0.049019 0.998642 0.017624
vn 0.073596 0.997233 -0.010501
vn 0.136774 0.990562 -0.008880
vn 0.005955 0.999047 -0.043246
vn 0.170341 0.985198 -0.019211
vn 0.093110 0.995654 0.002121
vn 0.182637 0.983110 -0.011749
vn 0.103326 0.994463 -0.019152
vn -0.026026 0.999237 -0.029132
vn 0.006467 0.999922 0.010656
vn 0.001339 0.999949 0.009982
vn 0.007458 0.999700 -0.023334
vn 0.000001 0.999724 -0.023489
vn 0.123209 0.989008 -0.081754
vn 0.043849 0.996430 -0.072142
vn 0.024398 0.998977 -0.038085
vn 0.089491 0.994002 -0.062864
vn 0.072123 0.997394 0.001986
vn 0.099702 0.992580 -0.069607
vn -0.015907 0.999853 -0.006392
vn 0.176795 0.983615 -0.035289
vn 0.088940 0.995973 -0.011312
vn -0.095302 0.994505 0.043318
vn 0.984843 -0.173432 -0.002381
vn 0.830275 0.557002 -0.019821
vn -0.157953 0.986606 -0.040733
vn 0.374821 0.927095 -0.002127
vn -0.336901 0.940188 -0.050437
vn 0.957937 0.279854 0.063557
vn -0.331209 0.942179 -0.050981
vn -0.326010 0.943283 -0.062735
vn -0.358228 0.933627 0.003583
vn -0.239188 0.970969 -0.002870
vn -0.252175 0.964680 0.076160
vn -0.204272 0.976922 0.062413
vn 0.886883 0.459740 0.045591
vn 0.278713 0.959985 0.027334
vn 0.435147 0.899736 0.033503
vn 0.853179 0.521366 0.016245
vn -0.037865 0.963126 0.266374
vn 0.192226 0.954005 0.230050
vn 0.086944 0.952836 0.290765
vn 0.084785 0.961265 0.262260
vn 0.343114 0.928406 0.142603
vn 0.054271 0.998489 -0.008631
vn 0.148200 0.965714 0.213150
vn -0.090367 0.995174 0.038236
vn 0.043020 0.998152 0.042919
vn -0.148069 0.987621 0.051781
vn -0.348007 0.936802 0.035968
vn -0.173471 0.983393 -0.053347
vn -0.522230 0.850968 -0.055950
vn 0.022518 0.998932 -0.040357
vn 0.135995 0.987847 0.075261
vn 0.039006 0.999223 -0.005729
vn -0.720923 0.683952 -0.111708
vn -0.993629 0.110556 -0.021904
vn -0.945616 0.317802 -0.069375
vn -0.965379 0.255286 -0.053591
vn -0.864713 0.501729 -0.023218
vn -0.802427 0.596038 -0.029133
vn -0.649165 0.759345 -0.044490
vn -0.264868 0.964232 0.010070
vn -0.788374 0.614793 0.022282
vn -0.416014 0.909260 0.013354
vn -0.431757 0.901516 0.029230
vn -0.683058 0.730033 0.021982
vn -0.432998 0.901202 0.018654
vn -0.719765 0.693914 -0.020553
vn -0.784380 0.614115 -0.087234
vn -0.714747 0.695735 -0.071336
vn -0.554088 0.832320 -0.015126
vn -0.559876 0.828541 0.007665
vn -0.566436 0.823073 0.041249
vn -0.380585 0.921832 0.073349
vn -0.589230 0.804637 0.073253
vn -0.378319 0.925455 0.020185
vn -0.687021 0.725862 0.033567
vn -0.591576 0.806174 -0.011008
vn -0.819614 0.572328 0.025951
vn -0.706855 0.702579 -0.082090
vn -0.696261 0.715120 0.061846
vn -0.791094 0.607338 0.072877
vn -0.655401 0.746058 0.117671
vn -0.377614 0.905788 0.192241
vn -0.249154 0.925478 0.285329
vn -0.572305 0.812829 0.108519
vn -0.218569 0.974491 0.050940
vn -0.327891 0.942907 0.058421
vn -0.447084 0.893662 0.038515
vn -0.071247 0.996855 0.034708
vn -0.009385 0.999913 0.009273
vn -0.022866 0.999727 0.004864
vn -0.007458 0.999700 -0.023334
vn -0.030584 0.999275 -0.022675
vn -0.171457 0.985166 -0.007076
vn -0.150572 0.988465 -0.016299
vn -0.064498 0.996172 -0.059004
vn -0.133563 0.990262 -0.039278
vn -0.021830 0.999748 0.005218
vn -0.055619 0.998235 -0.020829
vn -0.031507 0.998818 -0.037025
vn -0.067006 0.997721 0.007926
vn 0.795351 0.602920 0.062473
vn 0.556364 0.829718 0.045021
vn 0.105430 0.990790 0.084963
vn 0.608927 0.788774 0.083929
vn 0.160439 0.986703 -0.026011
vn 0.866806 0.482075 0.127480
vn -0.201101 0.969801 0.138001
vn -0.177729 0.975699 0.128157
vn -0.105357 0.991652 0.074335
vn -0.167669 0.973800 0.153626
vn 0.219795 0.975333 -0.020370
vn 0.093294 0.995546 0.013601
vn -0.030545 0.997103 0.069660
vn 0.181276 0.981943 -0.054099
vn 0.069979 0.997194 -0.026571
vn 0.296502 0.951901 -0.077271
vn 0.954830 0.253992 0.154232
vn 0.520418 0.853442 0.028309
vn 0.625467 0.775081 -0.089665
vn 0.839053 0.529870 -0.123403
vn -0.062505 0.995854 0.066087
vn 0.037943 0.999279 0.001323
vn -0.197458 0.970442 0.138757
vn -0.039522 0.996510 0.073519
vn 0.139224 0.990259 0.001865
vn 0.097643 0.995150 0.011959
vn 0.090813 0.994628 0.049680
vn 0.062832 0.996679 0.051796
vn -0.133212 0.979726 0.149636
vn -0.022588 0.988307 0.150797
vn -0.028871 0.987077 0.157621
vn -0.025048 0.989160 0.144692
vn 0.007741 0.991197 0.132167
vn -0.109260 0.986248 0.124006
vn -0.211277 0.968793 0.129625
vn -0.100501 0.994246 0.037065
vn 0.096412 0.991962 -0.081949
vn -0.025365 0.999513 -0.018181
vn -0.025841 0.998311 0.052034
vn 0.076211 0.995545 0.055516
vn 0.080505 0.995832 0.042867
vn 0.612913 0.770971 -0.173039
vn 0.674421 0.728624 -0.119429
vn 0.304687 0.947046 -0.101346
vn 0.197538 0.975421 -0.097635
vn -0.093186 0.995636 0.005103
vn -0.094071 0.995532 -0.008201
vn -0.028207 0.997814 0.059765
vn -0.097387 0.993285 0.062452
vn 0.070249 0.997522 -0.003719
vn 0.099718 0.992971 0.063764
vn 0.001234 0.997436 0.071547
vn 0.104098 0.988001 0.114092
vn 0.050317 0.982940 0.176908
vn -0.026223 0.982008 0.187012
vn 0.066140 0.984358 0.163292
vn -0.081669 0.991432 0.101947
vn -0.153228 0.986759 0.053182
vn 0.071873 0.990199 0.119751
vn 0.086580 0.982792 0.163170
vn 0.103300 0.985325 0.135880
vn -0.159216 0.978876 0.128266
vn -0.659324 0.748326 0.072797
vn -0.030120 0.989261 0.143021
vn -0.810336 0.578683 0.092090
vn -0.241136 0.966232 0.090827
vn -0.355895 0.911231 0.207357
vn -0.744788 0.651187 -0.145763
vn -0.195901 0.955258 -0.221596
vn -0.883866 0.462119 0.072296
vn -0.810284 -0.515339 -0.279044
vn 0.072243 0.233677 -0.969627
vn -0.864642 -0.468686 -0.180909
vn -0.406702 -0.464404 -0.786716
vn -0.999395 0.005814 -0.034280
vn -0.140968 0.984915 0.100352
vn -0.597548 0.801796 -0.007706
vn -0.328926 0.941487 -0.073555
vn -0.877117 0.447261 -0.174992
vn -0.974958 -0.220932 0.025425
vn -0.966468 -0.249496 -0.060759
vn -0.846214 0.019475 -0.532487
vn 0.067611 0.997137 0.033862
vn 0.047534 0.998640 -0.021416
vn -0.175555 0.982941 -0.054835
vn -0.968320 0.237821 0.076143
vn -0.966962 0.251220 -0.043278
vn -0.968101 0.249700 -0.020730
vn -0.669005 0.742249 0.038725
vn -0.866779 0.497826 0.029374
vn -0.614720 0.782207 0.101352
vn -0.970484 0.189078 0.149702
vn -0.870533 0.355000 0.340803
vn -0.954971 0.258985 0.144765
vn -0.934359 0.331730 0.130112
vn -0.775839 0.626117 0.077791
vn -0.705610 0.701455 0.100371
vn -0.680538 0.731926 0.033955
vn -0.533729 0.844789 0.038273
vn -0.556017 0.829547 0.051931
vn -0.588169 0.808402 0.023311
vn -0.725165 0.684527 0.074554
vn -0.769180 0.626304 0.126904
vn -0.923539 0.366854 0.111776
vn -0.993126 0.055078 0.103282
vn -0.873606 0.482509 0.063225
vn -0.870023 0.492935 0.008660
vn -0.856987 0.515201 -0.011892
vn -0.891099 0.450392 0.055582
vn -0.815581 0.555024 0.163632
vn -0.905615 0.377637 0.193006
vn -0.867564 0.478052 0.137107
vn -0.939571 0.200932 0.277188
vn -0.800479 -0.526175 0.287008
vn -0.861659 0.479280 0.166839
vn -0.747766 0.662071 0.050078
vn -0.691527 0.717673 0.082067
vn -0.835199 0.549451 0.023364
vn -0.835373 0.539692 0.104329
vn -0.860514 0.487950 0.146360
vn -0.895805 0.440690 -0.057666
vn -0.907330 0.384637 0.169723
vn -0.951605 0.271220 -0.144526
vn -0.928665 0.194658 0.315736
vn -0.934020 0.147680 0.325264
vn -0.964731 0.147057 0.218329
vn -0.919114 -0.080120 0.385760
vn -0.884509 -0.003323 0.466512
vn -0.957217 0.037157 0.286975
vn -0.875015 0.363353 -0.319880
vn -0.884746 0.433253 -0.171803
vn -0.965531 0.254328 -0.055373
vn -0.785675 0.537897 -0.305584
vn -0.988158 0.152504 0.016920
vn -0.910274 0.412620 0.033865
vn -0.856152 0.515762 0.031532
vn -0.999228 0.039156 0.003056
vn -0.996743 0.008561 0.080194
vn -0.997521 0.057243 -0.040936
vn -0.866304 0.499516 0.000459
vn -0.999920 -0.009248 -0.008576
vn -0.997453 -0.023713 0.067271
vn -0.992045 0.110252 -0.060756
vn -0.797782 0.571585 -0.191922
vn -0.946606 0.320781 -0.032192
vn -0.999963 0.008559 0.001064
vn -0.997173 -0.074899 0.005934
vn -0.983903 0.177624 0.019596
vn -0.970703 0.230510 0.067833
vn -0.970302 0.192935 0.145909
vn -0.925189 0.373807 -0.065525
vn -0.989857 -0.111824 -0.087631
vn -0.188567 0.961956 -0.197695
vn -0.563375 0.826077 -0.014325
vn -0.367680 0.927309 0.070064
vn -0.972223 -0.188894 -0.138205
vn -0.962850 -0.246221 -0.110880
vn -0.921640 0.384601 0.051601
vn -0.987345 0.070634 -0.141990
vn -0.657633 0.750632 0.063800
vn -0.684339 0.720647 0.111125
vn -0.389003 0.896225 -0.213206
vn -0.654291 0.756032 0.017869
vn -0.042684 0.983345 -0.176668
vn -0.744914 0.665681 0.044406
vn -0.522797 0.813528 -0.254669
vn -0.497230 0.847832 -0.184240
vn -0.562932 0.799014 -0.211388
vn -0.046136 0.918663 -0.392340
vn -0.992172 0.121301 0.029684
vn -0.985648 0.162255 0.046590
vn -0.987112 -0.032061 -0.156787
vn -0.863508 0.504321 0.003618
vn -0.969919 0.225779 0.091006
vn -0.490130 0.871018 0.033173
vn -0.289626 0.956917 -0.020645
vn -0.539949 0.841464 0.019853
vn -0.995348 0.014480 0.095249
vn -0.914151 0.402291 0.049890
vn -0.076673 0.973341 -0.216169
vn -0.170621 0.969679 -0.174961
vn -0.880070 0.436949 -0.185881
vn -0.994279 0.106052 -0.012704
vn -0.959773 -0.263017 0.098278
vn -0.986725 -0.080120 0.141257
vn -0.999061 -0.032843 0.028265
vn -0.998721 0.050188 0.006147
vn -0.991355 -0.124322 0.041946
vn -0.999415 -0.022236 -0.025988
vn -0.935527 0.352776 0.018383
vn -0.980261 0.196920 0.017615
vn -0.922045 0.374837 0.096594
vn -0.874542 0.480599 0.064809
vn -0.943702 0.315838 0.098354
vn -0.945244 0.314014 0.088931
vn -0.858760 0.509722 0.052098
vn -0.896672 0.432098 0.096287
vn -0.303836 0.939398 -0.158791
vn -0.750949 0.648890 -0.122549
vn -0.926096 0.376907 0.016963
vn -0.941292 0.335770 0.035043
vn -0.943582 0.330055 0.026759
vn -0.890552 0.410312 -0.196369
vn -0.912888 0.402693 -0.066882
vn -0.957107 0.284814 -0.053174
vn -0.867857 0.496541 -0.016510
vn -0.878023 0.475745 0.052372
vn -0.930600 0.360055 0.065909
vn -0.947912 0.307963 -0.081378
vn -0.946786 0.269263 -0.176334
vn -0.928061 0.370517 -0.037692
vn -0.942881 0.302747 -0.138994
vn -0.969906 0.215432 -0.113455
vn -0.941756 0.336072 0.012281
vn -0.979980 0.193994 0.044778
vn -0.997844 -0.039448 0.052461
vn -0.972828 -0.196882 0.121834
vn -0.897589 -0.422355 0.126294
vn -0.989437 0.128927 0.066281
vn -0.963806 -0.262783 0.044972
vn -0.985789 -0.167887 -0.005781
vn -0.840638 -0.533731 0.091969
vn -0.806960 -0.582861 -0.095338
vn -0.957900 0.213034 0.192468
vn -0.984688 0.129216 0.117020
vn -0.985404 0.066199 -0.156831
vn -0.557015 0.826654 0.079860
vn -0.542556 0.822630 -0.170040
vn -0.583947 0.797610 0.151077
vn -0.794912 0.588268 0.148512
vn -0.878161 0.432949 0.203441
vn -0.594334 0.785556 0.172246
vn -0.676936 0.725432 0.124523
vn -0.979436 0.186411 0.077176
vn -0.864499 0.458066 0.206924
vn -0.873267 -0.486776 -0.021296
vn -0.875426 -0.467440 0.122999
vn -0.597512 0.752177 0.277865
vn -0.959870 0.047470 0.276400
vn -0.967155 0.217221 0.132010
vn -0.944657 0.325687 0.039386
vn -0.560730 0.820789 -0.109032
vn -0.767621 0.631860 0.107287
vn -0.987403 -0.147067 -0.058364
vn -0.749123 0.661398 0.036994
vn -0.752341 0.656881 0.049905
vn -0.970879 0.228450 0.072149
vn -0.979618 0.175032 0.098549
vn -0.982035 -0.153544 0.109686
vn -0.998653 0.035592 0.037760
vn -0.984830 -0.117728 0.127472
vn -0.310869 0.938701 -0.148997
vn -0.711648 0.680894 -0.173033
vn -0.854911 0.518775 -0.000590
vn -0.908398 0.391540 -0.146663
vn -0.959235 0.266870 -0.092995
vn -0.991986 0.120489 -0.038018
vn -0.953035 0.293968 0.072858
vn -0.877940 0.477217 0.038543
vn -0.999324 -0.029327 -0.022167
vn -0.979745 -0.195150 -0.044898
vn -0.976959 0.206027 0.055706
vn -0.935976 0.320946 0.144713
vn -0.883482 0.422962 0.201402
vn -0.996011 0.046713 0.076023
vn -0.973199 0.096430 0.208768
vn -0.983236 -0.173602 -0.055763
vn -0.780327 0.606082 0.154121
vn -0.979995 0.016005 0.198378
vn -0.896104 -0.416069 0.154545
vn -0.991661 0.000181 0.128873
vn -0.887938 -0.458123 -0.041095
vn -0.848096 -0.523395 0.082407
vn -0.817747 -0.562953 -0.119892
vn -0.916031 -0.399344 0.037577
vn -0.865323 -0.492284 0.094200
vn -0.908003 -0.396040 -0.136683
vn -0.523782 0.851238 -0.032354
vn -0.846261 0.517611 -0.126179
vn -0.951239 0.250059 -0.180597
vn -0.858348 0.511136 -0.044469
vn -0.971204 0.215661 -0.101257
vn -0.797485 0.603175 0.014026
vn -0.942624 0.332033 -0.034859
vn -0.774054 0.624840 0.102059
vn -0.977113 0.179508 -0.114133
vn -0.944585 0.326464 -0.034372
vn -0.976746 0.212452 -0.028834
vn -0.969535 0.203027 -0.137044
vn -0.917143 0.365325 -0.159332
vn -0.938238 0.328456 -0.108747
vn -0.881499 0.396411 -0.256549
vn -0.886658 0.457008 0.070575
vn -0.941154 0.336566 0.030869
vn -0.962957 0.269555 0.007359
vn -0.811541 0.583390 0.032508
vn -0.830746 0.556647 0.002445
vn -0.670663 0.740286 0.046783
vn -0.728555 0.684434 -0.027537
vn -0.830232 0.556173 0.037224
vn -0.859309 0.511209 0.015907
vn -0.836305 0.548133 0.011965
vn -0.931043 0.360956 0.053577
vn -0.812147 0.582053 0.040390
vn -0.813236 0.575805 0.084232
vn -0.717782 0.692078 0.076265
vn -0.805677 0.591746 0.026866
vn -0.828968 0.558463 -0.030510
vn -0.876868 0.471323 -0.094642
vn -0.958329 -0.074199 -0.275860
vn -0.986717 -0.056864 -0.152169
vn -0.999038 0.033524 -0.028265
vn -0.801069 -0.576919 -0.159541
vn -0.885871 -0.459322 -0.065241
vn -0.916028 -0.389887 -0.094236
vn -0.992715 0.119921 0.011669
vn -0.918803 -0.391797 -0.047922
vn -0.617507 -0.776496 -0.125456
vn -0.709352 -0.685261 -0.165038
vn -0.876467 -0.345764 -0.335041
vn -0.923793 -0.345846 -0.164306
vn -0.836032 -0.489059 0.248740
vn -0.632026 -0.771359 -0.074494
vn -0.973003 -0.228266 0.034065
vn -0.909408 -0.271352 0.315192
vn -0.866623 0.470625 -0.165762
vn -0.890817 0.452199 0.044291
vn -0.837341 0.502379 0.215581
vn -0.990128 0.138954 0.018389
vn -0.911736 0.311386 0.267911
vn -0.947668 0.184781 -0.260347
vn -0.981309 0.192067 -0.011974
vn -0.969799 0.142133 0.198211
vn -0.975871 0.115774 0.185129
vn -0.921794 0.080688 0.379191
vn -0.806640 -0.437434 0.397472
vn -0.890473 -0.421897 0.170472
vn -0.964408 0.229561 -0.131218
vn -0.994547 0.103922 -0.008774
vn -0.940367 -0.338656 0.031975
vn -0.989620 -0.143530 0.007217
vn -0.267370 0.949483 0.164303
vn -0.045360 0.972429 0.228746
vn -0.317880 0.900337 0.297231
vn -0.954225 0.195013 0.226771
vn -0.501976 0.845745 0.180930
vn -0.994915 -0.095108 0.033145
vn -0.009949 0.999550 -0.028309
vn 0.371192 0.893518 -0.252672
vn 0.205599 0.954195 -0.217348
vn 0.606869 0.684378 -0.404149
vn -0.792784 0.594376 0.134946
vn 0.468625 0.708634 -0.527474
vn 0.218864 0.481778 -0.848521
vn 0.126958 0.916466 -0.379436
vn -0.166992 0.587174 -0.792048
vn -0.751336 0.659244 0.029865
vn -0.935091 -0.352106 -0.040334
vn -0.989864 -0.003873 0.141962
vn -0.915852 0.391026 0.091182
vn -0.728726 0.684801 -0.002374
vn 0.662454 0.634072 -0.398883
vn 0.254270 0.942052 -0.218826
vn 0.098717 0.857352 -0.505176
vn -0.635309 0.766608 -0.093247
vn 0.062223 0.996707 -0.051986
vn -0.804923 0.589833 0.064780
vn -0.885465 0.459829 0.067157
vn -0.913555 0.396815 0.089187
vn -0.991121 0.132945 -0.002005
vn -0.980842 -0.192643 -0.028949
vn -0.727714 0.469899 -0.499627
vn -0.830881 -0.496380 -0.251484
vn -0.658226 0.727439 -0.193834
vn -0.990353 0.097688 -0.098271
vn -0.981595 -0.154322 -0.112496
vn -0.814777 0.579756 -0.004716
vn -0.839763 0.535192 -0.091476
vn -0.811855 0.574671 -0.103171
vn -0.972087 -0.017439 -0.233970
vn -0.889016 0.374988 -0.262744
vn -0.833131 0.551031 -0.047512
vn -0.881273 0.451494 -0.139685
vn -0.989712 0.142822 -0.008505
vn -0.948039 0.318040 -0.008530
vn -0.847272 0.513673 -0.135170
vn -0.823532 0.567237 -0.006073
vn -0.939593 0.342073 -0.012285
vn -0.921687 0.359276 -0.146335
vn -0.723093 0.681985 0.109700
vn -0.847583 0.524437 0.081043
vn -0.737941 0.674609 -0.018589
vn -0.902921 0.427972 0.039656
vn -0.814263 0.579513 -0.033769
vn -0.901853 0.404242 0.152480
vn -0.363021 0.911078 -0.195328
vn -0.776474 0.610755 -0.155136
vn -0.839239 0.543140 -0.026026
vn -0.862314 0.487488 -0.137005
vn -0.923947 0.337286 -0.180443
vn -0.993878 0.080939 -0.075202
vn -0.983479 0.172916 0.053559
vn -0.851327 0.523839 -0.028908
vn -0.979952 -0.149146 -0.132093
vn -0.894362 -0.425333 -0.138594
vn -0.952586 -0.243467 -0.182495
vn -0.985869 0.167189 0.010501
vn -0.639791 0.762383 0.097159
vn -0.927616 -0.366898 -0.070105
vn -0.797405 -0.597076 -0.087443
vn -0.995030 0.042407 -0.090090
vn -0.672045 0.732443 -0.109010
vn -0.349254 0.912938 0.211105
vn -0.951117 -0.291417 -0.102242
vn -0.841606 -0.537949 0.048060
vn -0.898605 -0.434083 0.063880
vn -0.795398 -0.606065 0.005203
vn -0.722797 -0.691058 -0.001805
vn -0.669471 0.742758 -0.010911
vn -0.400101 0.909313 -0.114317
vn -0.875142 0.436812 0.208137
vn -0.933465 0.358341 0.015316
vn -0.987355 0.117142 0.106811
vn -0.619034 0.781643 0.076360
vn -0.765678 0.643064 -0.014347
vn -0.553900 0.830344 0.061022
vn -0.936504 0.244274 -0.251576
vn -0.885901 -0.461042 0.051182
vn -0.902471 -0.409305 -0.134221
vn -0.544056 0.838626 -0.026640
vn -0.986795 0.145784 -0.070582
vn -0.933313 -0.350071 -0.079859
vn -0.902110 -0.403166 -0.153801
vn -0.323368 0.942233 -0.087348
vn -0.141948 0.979856 -0.140472
vn -0.772506 -0.634755 0.017883
vn -0.208787 0.964334 -0.162688
vn -0.126758 0.986757 -0.101207
vn -0.142764 0.984953 -0.097393
vn -0.255564 0.964867 -0.060987
vn -0.779013 0.623840 -0.062952
vn -0.844797 0.533109 0.045964
vn -0.549253 0.827600 -0.115753
vn -0.502005 0.863302 0.051975
vn -0.847983 0.501944 0.170227
vn -0.912431 -0.382860 0.144524
vn -0.941197 -0.287126 0.178067
vn -0.938847 -0.329406 0.100285
vn -0.933536 -0.316167 0.168966
vn -0.987110 0.143431 -0.071007
vn -0.983880 -0.171165 0.051790
vn -0.937885 -0.310715 0.154362
vn -0.962952 -0.269524 0.008936
vn -0.318578 0.944835 -0.076120
vn -0.607398 0.794197 0.017833
vn -0.816075 0.537776 0.211704
vn -0.863378 0.501207 -0.058055
vn -0.881737 0.455984 0.120908
vn -0.713435 0.681432 -0.163285
vn -0.255356 0.966798 -0.009735
vn -0.439412 0.894577 -0.081544
vn -0.936431 0.348931 -0.036658
vn -0.905571 0.414832 -0.088627
vn -0.942724 -0.328195 -0.059665
vn -0.958709 -0.277805 -0.060840
vn -0.979508 0.129623 -0.154146
vn -0.979289 0.165065 -0.117247
vn -0.970094 -0.197853 -0.140612
vn -0.978365 -0.158117 -0.133419
vn -0.876951 0.451539 0.164529
vn -0.029440 0.620136 -0.783942
vn 0.410079 0.679112 -0.608804
vn -0.825262 0.147550 -0.545134
vn -0.139728 -0.612719 -0.777850
vn -0.843268 0.506343 0.180320
vn -0.705286 0.704524 0.078848
vn -0.843826 0.488627 0.221812
vn -0.961677 0.262004 0.080812
vn -0.931897 0.316237 0.177658
vn 0.151314 -0.424396 -0.892744
vn -0.913355 -0.388888 -0.120618
vn -0.995446 0.077432 0.055596
vn -0.923710 0.081492 -0.374324
vn -0.996210 0.083519 0.024307
vn 0.049600 0.874765 -0.482002
vn -0.965855 0.189435 0.176743
vn -0.962770 0.246319 -0.111360
vn -0.493084 0.868001 -0.058674
vn -0.596376 0.799710 0.069277
vn -0.836784 0.515202 0.185364
vn -0.968068 0.250463 -0.010614
vn -0.787351 0.597230 0.152951
vn -0.743482 0.661155 0.100540
vn -0.961287 -0.184194 -0.204937
vn -0.929401 0.367882 -0.029607
vn -0.984854 0.150984 0.085246
vn -0.896454 0.440061 0.052129
vn -0.871247 0.490781 -0.007920
vn -0.987152 0.148811 0.058193
vn -0.979416 0.171715 0.106104
vn -0.996875 -0.004646 0.078854
vn -0.847103 0.530384 0.033314
vn -0.878633 0.466891 0.100084
vn -0.866278 0.491912 0.087096
vn -0.883276 0.451823 0.125218
vn -0.898693 0.413388 0.146494
vn -0.860035 0.510226 0.002846
vn -0.548306 0.834476 -0.054866
vn -0.797776 0.598930 -0.069550
vn -0.970757 0.197983 0.135769
vn -0.965979 0.253957 -0.048892
vn -0.988940 -0.143116 -0.038925
vn -0.980280 -0.197523 0.005914
vn -0.984918 -0.169101 -0.036620
vn -0.989240 -0.091571 0.114101
vn -0.921779 -0.387567 -0.010781
vn -0.861432 -0.507551 0.018067
vn -0.462403 0.886423 -0.020952
vn -0.444511 0.895773 -0.000850
vn -0.524130 0.851615 0.006275
vn -0.860239 0.507697 0.047239
vn -0.891042 0.448510 0.069881
vn -0.774447 0.632401 -0.017329
vn -0.708727 0.696447 -0.112554
vn -0.902153 0.431394 0.004436
vn -0.941779 0.308667 0.133333
vn -0.992247 -0.107447 -0.062463
vn -0.908025 -0.412339 0.073937
vn -0.959783 0.059302 0.274407
vn -0.839396 0.543099 0.021383
vn -0.871620 0.473738 0.125903
vn -0.916592 0.330736 0.224660
vn -0.956222 0.291398 0.026945
vn -0.672254 0.640058 0.372020
vn -0.634840 0.751641 0.178926
vn -0.752504 0.643187 -0.141593
vn -0.987242 -0.002481 0.159206
vn -0.863974 -0.499840 -0.060892
vn -0.914782 -0.307985 0.261381
vn -0.617002 0.779696 -0.106695
vn -0.654186 0.754192 -0.056871
vn -0.574133 -0.778393 -0.253922
vn -0.887468 -0.414876 -0.200696
vn -0.961144 -0.275931 -0.007954
vn -0.731256 -0.671225 -0.121329
vn -0.319332 -0.937310 -0.139558
vn -0.913087 -0.404938 0.047920
vn -0.637509 -0.768769 -0.050765
vn -0.989066 -0.077815 0.125272
vn -0.987054 0.043820 0.154287
vn -0.991748 0.089268 0.092014
vn -0.876609 0.465076 0.123537
vn -0.616563 0.776275 0.131330
vn -0.727032 0.676255 0.118757
vn -0.895606 0.390422 0.213214
vn -0.987353 0.126368 0.095732
vn -0.902172 0.387444 0.189665
vn -0.838960 0.533672 0.106490
vn -0.886489 0.450049 0.107670
vn -0.636847 -0.751970 0.170196
vn -0.997113 0.037465 0.066050
vn -0.787109 0.584817 -0.196084
vn -0.474910 -0.872610 -0.114072
vn -0.749084 -0.655997 0.092423
vn -0.720241 -0.661770 -0.208119
vn -0.634315 0.772945 -0.014142
vn 0.012407 0.983339 -0.181356
vn 0.140598 0.955497 -0.259341
vn -0.108096 0.963973 -0.243048
vn -0.647146 0.749114 -0.141529
vn -0.262544 0.964305 -0.034437
vn -0.185739 0.976702 -0.107490
vn -0.540175 0.829277 -0.143216
vn -0.962582 0.185309 -0.197726
vn -0.929205 0.356328 -0.098022
vn -0.971202 0.159538 -0.176961
vn -0.966033 0.056689 -0.252124
vn -0.609968 0.792379 -0.008633
vn -0.677304 0.677459 -0.286896
vn -0.957491 0.266897 -0.109434
vn -0.913135 0.399939 0.078953
vn -0.593872 0.797619 0.105452
vn -0.767199 0.587039 0.258438
vn -0.931819 0.282645 0.227651
vn -0.976653 0.061662 0.205784
vn -0.946176 -0.037893 0.321426
vn -0.997182 0.008739 -0.074514
vn -0.960952 0.227492 0.157542
vn -0.801752 0.572141 0.172766
vn -0.894203 0.383947 0.230187
vn -0.858710 0.485731 0.163344
vn -0.969499 0.216799 0.114325
vn -0.984219 0.062123 0.165691
vn -0.979967 -0.079706 -0.182517
vn -0.992382 0.049185 0.112954
vn -0.999985 0.004216 0.003605
vn -0.986979 0.064158 -0.147501
vn -0.190068 0.749210 -0.634475
vn 0.465402 0.460405 -0.755929
vn -0.008808 0.956427 -0.291838
vn 0.405177 0.658005 -0.634713
vn -0.761122 0.634010 -0.136838
vn -0.864920 -0.355042 -0.354765
vn -0.995454 0.095092 -0.005341
vn -0.990374 0.085827 -0.108593
vn 0.537878 0.670740 -0.510681
vn -0.341443 0.939177 -0.036916
vn -0.100268 -0.078926 -0.991825
vn -0.953153 0.291676 0.080158
vn -0.695518 0.657722 0.289235
vn -0.947704 -0.109425 0.299805
vn -0.892553 -0.409245 0.189388
vn -0.951262 -0.156296 0.265842
vn -0.711440 0.659125 0.243738
vn 0.018290 0.960005 -0.279386
vn -0.482192 -0.743890 -0.462729
vn -0.681300 0.656425 -0.323939
vn -0.690425 0.723241 0.015370
vn -0.078287 0.967547 -0.240258
vn -0.501275 0.755242 -0.422294
vn -0.993657 0.070673 0.087473
vn -0.981712 -0.067888 -0.177854
vn -0.947427 0.278141 0.158176
vn -0.762178 0.646960 -0.022959
vn -0.948731 -0.021152 -0.315375
vn -0.990449 0.133798 -0.033307
vn -0.947622 0.216623 -0.234705
vn -0.979323 0.173172 -0.104585
vn -0.967315 0.253340 -0.010962
vn -0.904012 -0.233976 0.357795
vn -0.982995 -0.079900 0.165338
vn -0.985980 0.111130 0.124476
vn -0.930226 -0.143897 0.337600
vn -0.838937 0.539521 0.071432
vn -0.929429 0.295463 0.221053
vn -0.835419 -0.230532 0.498929
vn -0.811911 -0.297935 0.502031
vn -0.956214 0.278605 0.089632
vn -0.891269 0.453468 0.002638
vn -0.823424 0.560394 -0.089057
vn -0.967395 0.208272 -0.144120
vn -0.951324 0.270347 -0.147968
vn -0.963914 -0.264660 -0.028723
vn -0.794283 0.590270 -0.143863
vn -0.952558 0.293388 -0.080970
vn -0.959855 0.280456 0.004823
vn -0.998203 -0.026480 0.053757
vn -0.956435 -0.222333 -0.189211
vn -0.985872 -0.155152 0.063125
vn -0.992262 -0.089621 0.085931
vn -0.984413 -0.175333 -0.013786
vn -0.988315 -0.100275 0.114801
vn -0.952199 -0.193055 -0.236744
vn -0.895317 -0.406131 -0.182934
vn -0.912983 -0.277153 -0.299414
vn -0.945014 -0.056459 -0.322119
vn -0.958572 0.148603 -0.243018
vn -0.993082 0.068327 0.095498
vn -0.962280 0.050976 0.267243
vn -0.991338 -0.074825 0.107933
vn -0.970759 -0.039137 0.236846
vn -0.899961 0.159749 0.405648
vn -0.931814 -0.041619 0.360541
vn -0.967345 -0.092738 0.235887
vn -0.928079 -0.099018 0.358977
vn -0.915246 -0.190230 0.355157
vn -0.952169 -0.229478 0.201777
vn -0.992182 -0.088464 0.088025
vn -0.972740 -0.197001 0.122347
vn -0.771248 -0.629659 0.093312
vn -0.733868 -0.668168 0.122430
vn -0.823080 -0.553549 0.126980
vn -0.658069 -0.752619 -0.022580
vn -0.750927 -0.654154 0.090506
vn -0.371290 -0.928390 0.015319
vn -0.743241 -0.603935 0.287845
vn -0.686243 -0.678269 0.262720
vn -0.958894 -0.275231 0.069060
vn -0.938196 -0.175176 0.298500
vn -0.374867 -0.909981 -0.177226
vn -0.781061 -0.598025 -0.179749
vn -0.981001 0.025362 -0.192339
vn -0.888070 -0.448216 -0.102148
vn -0.812474 -0.562744 -0.152331
vn -0.598578 -0.798384 0.065484
vn -0.325196 -0.945375 0.022674
vn -0.986029 -0.070938 -0.150712
vn -0.854234 -0.516273 -0.061213
vn -0.329501 -0.941771 -0.067058
vn -0.142499 -0.984192 0.105167
vn -0.277474 -0.960461 0.022853
vn -0.759274 -0.645140 0.085429
vn -0.455884 -0.875152 0.162111
vn -0.950029 0.298248 -0.092155
vn -0.961353 0.241023 -0.133070
vn -0.992899 0.087217 -0.080904
vn -0.994394 0.102889 -0.024390
vn -0.973846 -0.225784 0.025400
vn -0.965839 0.247612 -0.076439
vn -0.997182 0.060734 0.044035
vn -0.992754 0.096805 0.071195
vn -0.898258 -0.435918 0.055748
vn -0.812247 -0.578451 0.075161
vn -0.776034 -0.612840 0.148989
vn -0.701968 -0.702908 0.114722
vn -0.701515 -0.708573 0.076168
vn -0.683057 -0.701087 0.204722
vn -0.735658 -0.677353 0.000337
vn -0.775961 -0.593224 0.214407
vn -0.918714 -0.392779 -0.041091
vn -0.892627 -0.441066 0.093153
vn -0.753204 -0.642943 0.138954
vn -0.754933 -0.655436 -0.021882
vn -0.995146 0.079120 0.058512
vn -0.995593 0.053909 0.076739
vn -0.748672 -0.660066 0.061669
vn -0.796419 -0.603761 0.034501
vn -0.985658 0.132966 0.103913
vn -0.861201 -0.507256 -0.032003
vn -0.920594 -0.389317 -0.030631
vn -0.903525 -0.414721 -0.107935
vn -0.982998 0.101192 -0.153219
vn -0.994380 -0.046959 -0.094884
vn -0.805779 -0.591700 0.024730
vn -0.889009 -0.447272 -0.098036
vn -0.744194 -0.658889 -0.109732
vn -0.952352 -0.241686 -0.186045
vn -0.988484 0.019794 -0.150023
vn -0.939358 -0.240231 -0.244736
vn -0.975712 0.101412 -0.194172
vn -0.900098 -0.419428 -0.117915
vn -0.970560 0.154221 -0.185013
vn -0.970501 0.155777 -0.184016
vn -0.862808 -0.411201 -0.294069
vn -0.799059 -0.595441 -0.083396
vn -0.813185 -0.581482 -0.024684
vn -0.904218 -0.365861 -0.220308
vn -0.550758 -0.834595 -0.010756
vn -0.619588 -0.778345 0.101438
vn -0.572187 -0.784836 0.237978
vn -0.367385 -0.929262 0.038724
vn -0.407780 -0.894854 0.181523
vn -0.501731 -0.862118 0.070840
vn -0.390972 -0.838484 0.379586
vn -0.214654 -0.892655 0.396347
vn -0.353868 -0.926193 0.130170
vn -0.285890 -0.949517 0.129170
vn -0.983278 -0.096787 0.154263
vn -0.593462 -0.797606 0.107825
vn -0.999656 -0.026193 -0.001387
vn -0.987179 -0.072020 0.142447
vn -0.958693 -0.237967 0.155822
vn -0.995012 -0.028047 0.095732
vn -0.959526 0.249979 0.129695
vn -0.993812 -0.085228 0.071228
vn -0.939274 -0.342859 -0.014554
vn -0.796428 -0.595388 -0.105901
vn -0.938638 0.341586 0.047731
vn -0.971932 0.233746 -0.026655
vn -0.926664 0.375692 0.012257
vn -0.944700 0.323397 0.054374
vn -0.945790 0.318705 0.062517
vn -0.919256 -0.387609 0.068766
vn -0.932246 -0.359847 0.037776
vn -0.986625 -0.162804 0.008079
vn -0.991423 0.107916 0.073716
vn -0.968404 0.249147 0.010955
vn -0.994803 0.094290 -0.038426
vn -0.996540 -0.017929 0.081160
vn -0.842627 -0.529906 -0.095811
vn -0.912098 -0.352978 -0.208529
vn -0.991348 0.025389 -0.128781
vn -0.916210 -0.074721 -0.393671
vn -0.971696 0.049604 -0.230968
vn -0.951039 0.159826 -0.264539
vn -0.928328 -0.147150 -0.341400
vn -0.866849 -0.414438 -0.277155
vn -0.777989 -0.618127 -0.112482
vn -0.908904 -0.401337 -0.113231
vn -0.976486 0.164449 -0.139400
vn -0.965615 -0.245695 -0.084981
vn -0.962334 -0.270407 -0.028154
vn -0.960000 -0.275022 -0.052565
vn -0.860560 -0.507032 0.048531
vn -0.984286 -0.176445 -0.006891
vn -0.927515 -0.349000 0.133851
vn -0.983411 -0.159856 -0.085723
vn -0.601145 -0.791600 0.109517
vn -0.790463 -0.579823 0.197415
vn -0.981828 0.187346 0.030254
vn -0.987622 0.061977 0.144088
vn -0.811442 -0.564572 -0.151065
vn -0.937241 -0.325276 -0.125597
vn -0.017850 -0.998076 0.059376
vn -0.460597 -0.883911 -0.080943
vn -0.372419 -0.926667 -0.050921
vn -0.215910 -0.973878 -0.070315
vn -0.392456 -0.903581 -0.171813
vn -0.306531 -0.949800 0.062595
vn -0.708784 -0.703469 -0.052498
vn -0.810497 -0.547059 -0.209335
vn -0.735797 -0.647354 -0.198837
vn -0.470612 -0.857378 -0.208391
vn -0.848786 -0.524609 0.065931
vn -0.839918 -0.539071 -0.062777
vn -0.881377 -0.456834 0.120327
vn -0.833489 -0.545966 0.084950
vn -0.857521 -0.481962 0.179921
vn -0.954787 -0.288060 0.073509
vn -0.994051 -0.108818 -0.004637
vn -0.904175 -0.400966 0.147286
vn -0.964036 0.039998 0.262744
vn -0.914370 0.361022 0.183277
vn -0.962188 0.271794 0.017934
vn -0.851722 0.521548 0.050569
vn -0.980218 0.174178 -0.093988
vn -0.949447 0.287382 -0.126343
vn -0.899236 0.436150 -0.033873
vn -0.882081 0.452079 -0.132508
vn -0.996172 0.086377 0.013445
vn -0.875516 0.464960 -0.131468
vn -0.969727 -0.227478 0.088784
vn -0.998354 0.057346 -0.001148
vn -0.971729 0.208824 -0.110165
vn -0.965819 -0.256632 -0.036535
vn -0.826296 0.561994 0.037392
vn -0.847381 0.494878 -0.192459
vn -0.838882 0.544313 0.000000
vn -0.895065 0.435474 -0.096026
vn -0.955581 0.171500 -0.239691
vn -0.993101 0.113648 -0.028904
vn -0.902468 0.429510 0.032735
vn -0.974477 0.177775 0.137078
vn -0.918120 -0.371047 0.139208
vn -0.996048 -0.082914 0.031825
vn -0.876263 0.481829 -0.001986
vn -0.968615 -0.243814 0.048369
vn -0.536903 -0.827461 0.164447
vn -0.144707 -0.981782 0.123141
vn -0.149300 -0.986638 -0.065228
vn -0.140534 -0.980861 0.134768
vn -0.371768 -0.928306 -0.005951
vn -0.054350 -0.978344 0.199721
vn -0.214427 -0.976580 0.017681
vn -0.180080 -0.983640 0.004749
vn -0.784587 -0.619706 0.019710
vn -0.833421 -0.552564 0.009127
vn -0.335436 -0.919303 0.205829
vn -0.599080 -0.783193 0.166469
vn -0.971638 -0.216429 -0.095274
vn -0.970677 0.011784 -0.240098
vn -0.986379 -0.073567 -0.147120
vn -0.864877 -0.467186 -0.183644
vn -0.408215 -0.910569 -0.064992
vn -0.876082 0.463473 -0.132937
vn -0.718897 -0.695005 0.012439
vn -0.198054 -0.978887 0.050550
vn -0.428025 -0.903430 0.024696
vn -0.279656 -0.952705 0.118932
vn -0.825965 -0.562518 0.036821
vn -0.686176 -0.725862 0.047828
vn -0.911502 -0.410467 0.026113
vn -0.729664 -0.656707 -0.190595
vn -0.796251 -0.566376 -0.212607
vn -0.991723 0.076465 -0.103148
vn -0.924372 -0.289031 -0.248991
vn -0.939262 0.330530 0.092395
vn -0.918165 -0.310478 -0.246122
vn -0.951361 -0.281133 -0.126003
vn -0.827776 -0.504937 -0.244591
vn -0.820985 -0.565139 -0.081246
vn -0.885693 0.447359 -0.124170
vn -0.989222 0.084149 -0.119827
vn -0.974321 -0.224307 0.019597
vn -0.919829 0.376952 0.108729
vn -0.992672 0.014293 0.119993
vn -0.809519 0.585831 0.038494
vn -0.665276 0.743688 0.065856
vn -0.675235 0.736811 0.034172
vn -0.855148 0.508716 0.099650
vn -0.943056 0.330439 0.038151
vn -0.927327 -0.373986 -0.014131
vn -0.941112 -0.338095 0.000498
vn -0.813152 -0.581902 -0.013165
vn -0.834077 -0.550040 -0.042098
vn -0.932865 -0.354114 0.066075
vn -0.878975 -0.472727 0.062705
vn -0.928389 -0.368736 -0.046123
vn -0.914856 -0.403754 0.004631
vn -0.918478 -0.395468 0.001843
vn -0.968740 -0.248069 0.001975
vn -0.946833 -0.321705 0.003703
vn -0.993420 -0.112238 0.022770
vn -0.806800 -0.565366 0.171567
vn -0.882951 -0.469464 -0.000557
vn -0.851085 -0.524871 0.012794
vn -0.799978 -0.597928 -0.050176
vn -0.995812 -0.078288 -0.047222
vn -0.482875 -0.872166 0.078472
vn -0.976822 -0.213848 0.009399
vn -0.927416 0.368381 -0.064773
vn -0.817241 -0.574545 -0.044891
vn -0.838513 -0.541123 -0.063895
vn -0.703316 -0.707375 0.070485
vn -0.758383 -0.646553 -0.082610
vn -0.815576 -0.576426 0.050675
vn -0.605230 -0.795974 -0.011045
vn -0.944532 -0.328303 0.008803
vn -0.461022 -0.885098 -0.063721
vn -0.440790 -0.895902 -0.055357
vn -0.244926 -0.964846 0.095301
vn -0.941439 -0.255019 0.220587
vn -0.295567 -0.944615 0.142627
vn -0.647536 -0.757840 -0.079848
vn -0.564440 -0.807057 0.173395
vn -0.506320 -0.852032 0.132971
vn -0.677157 -0.732535 -0.069656
vn -0.992415 -0.041239 -0.115811
vn -0.979642 -0.177925 -0.092971
vn -0.960165 -0.278716 -0.020012
vn -0.994952 0.097004 -0.025716
vn -0.999774 0.003176 0.021014
vn -0.980046 0.186051 -0.069961
vn -0.952274 -0.300608 -0.053001
vn -0.961615 -0.267403 -0.061585
vn -0.995737 -0.085076 -0.035632
vn -0.981690 -0.163266 -0.098132
vn -0.998640 0.024122 0.046229
vn -0.998489 -0.054953 -0.000759
vn -0.982425 -0.182192 -0.040593
vn -0.891109 -0.449508 -0.062192
vn -0.988412 -0.147890 -0.034220
vn -0.722304 -0.691252 -0.021144
vn -0.998260 0.007559 -0.058481
vn -0.998369 0.057079 0.001087
vn -0.521923 -0.852991 -0.001520
vn -0.584986 -0.809867 -0.043666
vn -0.995581 0.036719 0.086435
vn -0.965023 0.158953 0.208483
vn -0.995758 -0.083222 -0.039241
vn -0.987519 0.081319 0.134880
vn -0.974633 -0.069102 0.212875
vn -0.901092 0.364288 0.235218
vn -0.999373 -0.014890 -0.032112
vn -0.842390 0.536000 0.055515
vn -0.915562 0.381146 -0.128347
vn -0.978509 0.098961 -0.180904
vn -0.966780 -0.236836 -0.096153
vn -0.994672 0.002436 -0.103064
vn -0.974223 0.196290 -0.111171
vn -0.914640 0.390292 -0.105386
vn -0.962834 0.211302 -0.168234
vn -0.962731 -0.255630 -0.088329
vn -0.880072 -0.472228 0.049739
vn -0.980153 -0.130220 -0.149473
vn -0.913019 -0.385081 -0.134568
vn -0.472273 -0.868926 0.148072
vn -0.199802 -0.978253 0.055675
vn -0.368891 -0.914581 0.165716
vn -0.190855 -0.977582 -0.088923
vn -0.185817 -0.981016 -0.055486
vn -0.736688 -0.674509 0.048259
vn -0.588762 -0.808043 0.020611
vn -0.679800 -0.722769 -0.124409
vn -0.997155 -0.028926 0.069605
vn -0.962049 -0.243945 -0.122277
vn -0.996784 0.019210 0.077797
vn -0.864373 -0.451141 -0.222105
vn -0.896677 -0.347342 -0.274452
vn -0.997601 0.064184 -0.025935
vn -0.560820 -0.802771 -0.202582
vn -0.950345 0.303773 0.067568
vn -0.935207 0.345711 0.076625
vn -0.994598 0.100290 0.026778
vn -0.954814 0.135409 0.264564
vn -0.908493 0.112435 0.402491
vn -0.981894 0.110319 0.153990
vn -0.913576 0.165794 0.371338
vn -0.999140 0.037860 0.016899
vn -0.964311 0.112016 0.239908
vn -0.991003 0.120738 0.057747
vn -0.912297 0.169123 0.372977
vn -0.953424 0.283953 0.101747
vn -0.937958 0.027693 0.345641
vn -0.934786 0.091696 0.343171
vn -0.991715 -0.023834 0.126223
vn -0.924692 0.026400 0.379799
vn -0.965328 -0.125837 0.228707
vn -0.933959 -0.279846 0.222277
vn -0.983115 -0.181574 -0.022726
vn -0.991371 -0.095406 0.089893
vn -0.908326 -0.415910 0.044311
vn -0.822588 -0.557680 -0.111093
vn -0.980662 0.186755 -0.058516
vn -0.973608 0.228068 -0.008531
vn -0.945020 0.320887 -0.063000
vn -0.974489 0.224432 -0.001346
vn -0.998934 0.044191 0.013355
vn -0.978052 0.198969 0.061850
vn -0.930889 -0.365052 0.013520
vn -0.977124 -0.210778 0.028297
vn -0.720913 -0.692377 -0.029995
vn -0.853462 -0.516807 0.067178
vn -0.972340 -0.233563 0.001868
vn -0.920901 -0.382008 0.077529
vn -0.604833 -0.777829 0.170761
vn -0.900066 -0.431918 0.057689
vn -0.939828 -0.323270 0.110548
vn -0.647573 -0.760485 -0.048083
vn -0.856400 -0.514134 -0.047390
vn -0.458878 -0.888315 0.018104
vn -0.735083 -0.675346 0.059668
vn -0.981402 -0.031082 0.189430
vn -0.975829 -0.182810 -0.119743
vn -0.992867 0.102578 0.060761
vn -0.817296 -0.566089 -0.107568
vn -0.880013 -0.450356 -0.150851
vn -0.375066 -0.920783 -0.107159
vn -0.262397 -0.964957 -0.002525
vn -0.306939 -0.950376 0.050735
vn -0.361728 -0.931225 0.044409
vn -0.289791 -0.956446 0.035098
vn -0.426277 -0.903519 -0.044067
vn -0.308190 -0.944786 0.111344
vn -0.312068 -0.949686 0.026664
vn -0.672820 -0.732628 0.102811
vn -0.630476 -0.775317 -0.037195
vn -0.928772 -0.360251 0.087186
vn -0.786091 -0.599538 0.150385
vn -0.995030 0.046533 -0.088039
vn -0.950851 -0.306437 0.044492
vn -0.940800 -0.327378 0.087860
vn -0.802138 -0.597111 -0.005691
vn -0.995446 -0.079190 -0.053062
vn -0.785795 -0.617619 -0.032758
vn -0.989137 -0.144465 -0.027171
vn -0.967152 0.250187 -0.044993
vn -0.977676 0.188686 -0.092450
vn -0.958870 0.250400 -0.133675
vn -0.957351 -0.229038 -0.176128
vn -0.985986 -0.123462 -0.112197
vn -0.973168 -0.190689 -0.128773
vn -0.859616 -0.508514 -0.049743
vn -0.623519 -0.774490 0.106721
vn -0.970288 -0.182576 -0.158769
vn -0.787960 -0.615633 -0.010704
vn -0.836382 -0.528662 -0.144849
vn -0.978849 -0.145773 -0.143545
vn -0.997679 -0.063973 -0.023313
vn -0.908802 0.410120 -0.076681
vn -0.916168 0.351146 -0.193215
vn -0.917205 0.376083 -0.131519
vn -0.949830 0.293710 -0.107502
vn -0.972048 0.168529 -0.163464
vn -0.991798 0.111299 -0.062839
vn -0.960316 -0.270972 -0.066083
vn -0.963101 -0.268313 -0.021078
vn -0.597934 -0.791658 -0.125507
vn -0.412118 -0.906846 -0.088257
vn -0.960403 -0.227440 -0.160926
vn -0.283445 -0.957847 -0.046785
vn -0.846913 -0.487671 0.211934
vn -0.733467 -0.667842 0.126545
vn -0.397870 -0.909630 -0.119470
vn -0.926141 -0.331271 0.180338
vn -0.918495 -0.392179 -0.050620
vn -0.916294 -0.372952 0.145984
vn -0.343302 -0.923188 -0.172824
vn -0.921399 -0.343863 -0.181060
vn -0.998027 0.061079 -0.014543
vn -0.992095 -0.122742 -0.026134
vn -0.780436 -0.616760 0.102599
vn -0.886684 -0.446368 0.120612
vn -0.974267 0.204003 -0.095843
vn -0.962093 0.251487 -0.105504
vn -0.942367 0.326976 -0.070934
vn -0.989955 0.118530 -0.077069
vn -0.984402 -0.171664 -0.038513
vn -0.976553 0.192328 -0.096711
vn -0.984820 -0.172306 -0.020955
vn -0.919611 -0.392234 0.021661
vn -0.664013 -0.747709 -0.004113
vn -0.689554 -0.723899 0.022038
vn -0.773888 -0.633320 -0.001797
vn -0.743029 -0.669237 -0.005429
vn -0.768284 -0.574467 0.282359
vn -0.801449 -0.576375 0.159598
vn -0.656873 -0.751106 0.066018
vn -0.668048 -0.743661 -0.026089
vn -0.962528 -0.270225 -0.022784
vn -0.942319 -0.321936 -0.091606
vn -0.997747 0.018661 -0.064440
vn -0.994606 0.013202 -0.102879
vn -0.988473 -0.151297 0.005499
vn -0.995126 0.093907 -0.030098
vn -0.838212 -0.536474 -0.097963
vn -0.953832 -0.296521 -0.047752
vn -0.987263 0.147687 -0.059155
vn -0.859304 -0.508815 -0.052003
vn -0.788842 -0.613805 -0.031176
vn -0.678102 -0.734748 0.017954
vn -0.964114 -0.265177 0.012836
vn -0.946815 -0.318261 0.047442
vn -0.923737 -0.367787 -0.106972
vn -0.984730 -0.165324 -0.054538
vn -0.956035 0.291169 -0.034890
vn -0.976017 0.182304 0.118976
vn -0.994963 0.084222 0.054368
vn -0.914312 0.367935 0.169286
vn -0.957217 0.289100 0.012544
vn -0.985816 0.160899 0.047740
vn -0.992855 0.101795 -0.062265
vn -0.976902 0.177225 -0.119390
vn -0.679572 -0.728286 -0.088215
vn -0.596953 -0.801374 -0.038037
vn -0.977225 -0.210155 0.029434
vn -0.978798 -0.182273 0.093439
vn -0.947533 0.308002 -0.085534
vn -0.978922 0.188241 -0.079225
vn -0.927017 -0.359537 -0.106639
vn 0.681648 0.710749 0.173757
vn 0.917678 0.396503 -0.025538
vn 0.654678 0.735076 0.176236
vn 0.774850 0.630942 -0.038983
vn 0.763029 -0.497086 -0.413149
vn 0.992623 -0.112810 -0.044415
vn 0.743510 -0.186792 -0.642107
vn 0.978039 0.130226 -0.162732
vn 0.907071 0.420382 -0.022405
vn 0.598893 0.436406 -0.671474
vn 0.730244 0.604850 -0.317647
vn 0.733719 0.641737 -0.223228
vn 0.307675 0.687883 -0.657383
vn 0.972750 0.219410 0.074950
vn 0.958503 0.249209 0.138446
vn 0.988196 0.091571 0.122811
vn 0.916349 0.209890 0.340956
vn 0.690066 0.451086 0.565978
vn 0.953515 0.187473 0.235929
vn 0.727986 0.253783 0.636891
vn 0.795224 0.492283 0.353944
vn 0.872847 0.439892 0.211265
vn 0.875915 0.093179 0.473382
vn 0.968439 0.103708 0.226650
vn 0.873067 -0.319041 0.368736
vn 0.765118 -0.530258 0.365268
vn 0.873292 -0.428940 0.231021
vn 0.798143 -0.574994 0.179860
vn 0.697464 -0.694415 0.177007
vn 0.989208 -0.146508 0.001725
vn 0.967421 0.213009 0.136834
vn 0.929256 0.286123 -0.233704
vn 0.320449 0.932429 -0.166999
vn -0.003271 0.790955 -0.611865
vn 0.384759 0.901644 -0.197482
vn 0.239367 0.797761 -0.553426
vn 0.094951 0.966245 -0.239488
vn 0.949764 0.309111 0.048971
vn 0.982832 0.182883 0.024375
vn 0.984562 -0.096795 0.145840
vn 0.241904 0.968123 -0.064959
vn 0.409043 0.910679 0.057864
vn 0.846378 0.335173 -0.413888
vn 0.751088 0.653468 -0.094054
vn 0.904602 0.151981 0.398241
vn 0.952574 -0.304179 -0.008805
vn 0.860357 -0.351240 0.369346
vn 0.921763 -0.348138 -0.170740
vn 0.955481 -0.293203 0.032979
vn 0.873137 -0.276715 -0.401324
vn 0.885876 -0.384549 -0.259510
vn 0.932173 -0.355306 -0.069363
vn 0.864555 0.455547 0.212184
vn 0.751160 0.638021 0.169374
vn 0.857591 0.428839 0.283962
vn 0.847484 0.488873 0.206817
vn 0.554858 0.826921 0.091292
vn 0.799711 0.550959 0.238552
vn 0.923553 -0.322301 0.207780
vn 0.919927 -0.366799 0.138538
vn 0.972475 -0.192480 0.131313
vn 0.969092 -0.153660 0.192999
vn 0.695258 -0.657847 0.289576
vn -0.560584 -0.772618 0.298005
vn 0.894819 0.440227 0.074161
vn 0.853689 0.475121 -0.213249
vn 0.963648 0.236128 0.125002
vn 0.957161 0.266760 -0.112615
vn 0.456775 0.877436 -0.146505
vn 0.285174 0.857571 -0.428074
vn 0.877110 0.446356 -0.177324
vn 0.934942 0.059944 -0.349701
vn 0.991245 -0.118799 -0.057615
vn 0.933056 -0.308711 -0.184674
vn 0.972718 -0.063548 -0.223117
vn 0.867425 -0.497559 -0.002980
vn 0.967361 -0.194783 0.162088
vn 0.773566 -0.630081 -0.067779
vn 0.928545 -0.355557 0.106695
vn 0.732567 -0.677103 0.069834
vn -0.347160 0.738867 -0.577543
vn -0.045581 0.974449 -0.219936
vn 0.051254 0.284915 -0.957182
vn 0.610815 0.745102 -0.267819
vn 0.646911 0.715153 0.264694
vn 0.682930 0.694564 0.226247
vn 0.618033 0.747536 0.243361
vn 0.729845 0.639535 0.241499
vn 0.430050 0.898712 -0.085877
vn 0.435539 0.896901 0.076647
vn 0.938980 -0.319927 0.126346
vn 0.106840 0.728117 -0.677075
vn 0.669145 -0.704312 -0.237042
vn 0.829490 0.545578 -0.119543
vn 0.404770 0.909473 -0.094974
vn 0.963723 0.209586 0.165263
vn 0.890357 -0.330350 0.313262
vn 0.906077 -0.383754 0.178203
vn 0.923779 -0.378414 -0.058612
vn 0.959253 0.212567 0.186144
vn 0.988543 -0.105376 0.108067
vn 0.736981 0.656814 0.159543
vn -0.177720 0.651516 -0.737524
vn 0.575008 0.656217 -0.488615
vn 0.625357 0.718244 -0.305047
vn -0.060633 0.960494 -0.271614
vn 0.997826 0.041444 0.051245
vn 0.996805 0.069816 -0.038806
vn 0.824539 0.562831 -0.057932
vn 0.984173 -0.171642 -0.044074
vn 0.958094 -0.278243 0.068101
vn 0.999299 -0.030978 -0.020999
vn 0.811732 0.583420 0.026705
vn 0.966240 0.249599 0.063879
vn 0.999933 0.010750 0.004171
vn 0.989097 -0.137544 0.052618
vn 0.919788 -0.371392 0.126723
vn 0.924746 -0.380013 -0.020840
vn 0.396668 0.904256 0.158039
vn 0.245673 0.968519 -0.040198
vn 0.991767 0.058643 -0.113838
vn 0.268569 0.962060 -0.048066
vn 0.822123 0.568871 -0.022356
vn 0.767821 0.640117 -0.026474
vn 0.956916 -0.287915 0.037648
vn 0.930217 -0.365967 0.027667
vn 0.841031 0.405742 0.357829
vn 0.851196 -0.414290 0.322224
vn 0.719379 0.663737 0.204810
vn 0.776329 0.615298 0.136830
vn 0.911233 0.384120 0.148679
vn 0.975639 0.200921 0.088084
vn 0.834523 0.550704 0.017227
vn 0.952853 0.233396 -0.193901
vn 0.995116 0.098698 0.001592
vn 0.942652 -0.155360 -0.295417
vn 0.778504 -0.625186 -0.055442
vn 0.787482 -0.616338 0.000493
vn 0.650292 -0.700093 -0.294941
vn 0.982243 -0.178701 0.057135
vn 0.909767 0.069980 -0.409177
vn 0.951900 -0.305590 0.022391
vn 0.938230 -0.344401 0.033349
vn 0.839989 -0.541873 0.028140
vn 0.987083 -0.153678 -0.045279
vn 0.990064 -0.111696 0.085420
vn 0.647913 -0.713096 -0.267773
vn 0.765031 -0.641042 -0.061583
vn 0.923051 -0.383235 0.033269
vn 0.920447 -0.390809 0.006802
vn 0.913075 -0.389976 0.119219
vn 0.897550 -0.437838 0.051974
vn 0.957240 -0.273685 -0.093749
vn 0.974554 -0.085539 0.207191
vn 0.989182 -0.101428 0.105979
vn 0.958275 -0.008898 0.285710
vn 0.971188 0.164638 0.172304
vn 0.995945 -0.074514 -0.050410
vn 0.386286 -0.669367 -0.634611
vn -0.066345 0.102510 -0.992517
vn 0.571553 0.777343 -0.262802
vn -0.212172 0.817354 -0.535645
vn 0.721084 0.681010 -0.127529
vn 0.149378 0.865224 -0.478617
vn 0.067140 0.982717 -0.172510
vn 0.884995 0.454754 -0.099909
vn 0.891999 0.365634 0.265798
vn 0.917197 -0.350465 0.189534
vn 0.873630 0.470686 0.123388
vn 0.965413 0.168337 0.199100
vn 0.684992 0.724105 -0.080357
vn 0.706515 0.696071 0.127757
vn 0.779708 0.611147 0.136213
vn 0.889686 0.426096 0.164016
vn 0.993409 0.113885 -0.012976
vn 0.961533 0.268774 0.056699
vn 0.999319 -0.036887 0.000729
vn 0.963015 0.209556 -0.169378
vn 0.994587 0.093568 -0.045193
vn 1.000000 0.000000 0.000000
vn 0.773418 0.630466 0.065857
vn 0.895343 0.392745 0.210030
vn 0.544019 0.835494 0.077418
vn 0.871745 0.459650 0.169654
vn 0.825368 0.545133 0.146963
vn 0.926551 0.353064 0.129803
vn 0.946003 0.321939 0.037866
vn 0.996166 0.067299 0.055894
vn 1.000000 0.000000 0.000001
vn 0.998877 0.013414 -0.045445
vn 0.799738 0.600289 0.008504
vn 0.989974 -0.132557 0.048795
vn 0.996672 -0.078733 -0.021106
vn 0.977142 -0.047796 -0.207144
vn 0.871100 -0.490689 0.020213
vn 0.693583 -0.709885 -0.122497
vn 0.719880 -0.518387 -0.461572
vn 0.591909 -0.537027 -0.601038
vn 0.605270 -0.769420 -0.204063
vn 0.954465 0.106642 -0.278611
vn 0.777635 -0.595952 -0.200312
vn 0.998817 -0.048219 0.006244
vn 0.914866 0.382992 0.127818
vn 0.882312 0.452730 0.128686
vn 0.840014 0.509470 0.186593
vn 0.825012 0.449188 -0.342907
vn 0.924563 -0.375524 -0.064529
vn 0.994686 0.087506 -0.054247
vn 0.805078 0.590965 0.051079
vn 0.538864 0.840025 0.063119
vn 0.743174 0.668983 -0.012399
vn 0.788757 0.605455 0.106240
vn 0.134592 0.990876 0.007106
vn -0.397477 0.914645 -0.073733
vn 0.937462 0.339613 0.076344
vn 0.540133 0.841343 -0.019966
vn 0.919525 0.392844 -0.012162
vn 0.994762 0.062504 0.080876
vn 0.988824 0.122975 0.084283
vn 0.974248 0.216535 0.062867
vn 0.987819 0.102729 0.116881
vn 0.731773 0.631064 -0.257423
vn 0.739220 0.666887 -0.093888
vn 0.648358 0.754402 -0.102517
vn 0.644158 0.761078 0.076293
vn 0.396849 0.907225 -0.139478
vn 0.049869 0.946097 -0.320021
vn 0.903176 0.339381 -0.262857
vn 0.248766 0.913092 -0.323077
vn 0.984794 0.164356 -0.056275
vn 0.802951 0.595771 -0.018057
vn 0.981641 0.159050 0.105277
vn 0.656735 0.745557 -0.113335
vn 0.976591 0.185973 0.108096
vn 0.908140 0.378605 -0.178715
vn 0.978405 0.141557 -0.150616
vn 0.974286 -0.168983 0.149035
vn 0.972879 0.161556 -0.165549
vn 0.994001 0.030865 0.104927
vn 0.940507 0.265241 -0.212354
vn 0.993608 0.058065 -0.096802
vn 0.973248 0.206565 -0.100598
vn 0.901649 0.411290 -0.133680
vn 0.928273 0.371452 -0.018253
vn 0.914669 0.393890 0.090730
vn 0.570871 0.817651 -0.074521
vn 0.847470 0.515598 0.126308
vn 0.787417 0.615253 0.037930
vn 0.501020 0.863772 0.053632
vn 0.886938 0.459690 -0.045007
vn 0.974788 0.219917 -0.037737
vn 0.994362 0.068082 -0.081299
vn 0.998678 0.045305 0.024277
vn 0.963950 -0.255217 -0.075258
vn 0.957792 0.287116 -0.014081
vn 0.960669 -0.234594 -0.148595
vn -0.104885 0.986105 0.128826
vn 0.167157 0.973024 0.159006
vn 0.510088 0.848851 0.138785
vn 0.626484 0.773053 0.099533
vn 0.522778 0.195536 -0.829740
vn 0.228848 0.707081 -0.669078
vn 0.840815 0.493024 -0.223512
vn 0.606161 0.774539 -0.180716
vn 0.945866 0.321815 0.042104
vn 0.988089 0.104939 -0.112554
vn 0.989722 0.136733 0.041892
vn 0.981405 0.181880 -0.061358
vn 0.912242 -0.375277 0.164260
vn 0.991826 0.126965 0.012656
vn 0.925457 0.356795 0.127386
vn 0.986710 -0.135739 0.089326
vn 0.212368 0.973637 0.083250
vn 0.020702 0.982731 0.183877
vn 0.100177 0.994914 0.010560
vn 0.714610 0.631948 0.299956
vn 0.059904 0.994385 0.087239
vn 0.650130 0.759076 0.033675
vn 0.662151 0.741124 0.110868
vn 0.557956 0.779303 -0.285257
vn 0.987985 0.153769 0.015501
vn 0.889173 -0.456128 0.036320
vn 0.911626 -0.361988 -0.194686
vn 0.774164 -0.595121 -0.215640
vn 0.846570 -0.333831 -0.414581
vn 0.401808 0.878763 -0.257538
vn 0.673794 0.704703 -0.222252
vn 0.785484 0.616617 0.052895
vn 0.921723 0.363445 0.135401
vn 0.934336 0.337099 0.115670
vn 0.381162 0.902942 -0.198525
vn 0.988133 0.149664 0.034552
vn 0.751915 0.569601 -0.331933
vn 0.863958 0.498949 0.068015
vn -0.122231 0.907309 -0.402307
vn 0.475962 0.865538 -0.155902
vn 0.028871 0.956635 -0.289855
vn 0.181396 0.980400 -0.076886
vn 0.980793 0.181459 -0.071540
vn 0.826067 0.560888 -0.054933
vn 0.824368 0.565571 -0.023378
vn 0.980226 0.156613 0.120953
vn 0.933474 0.356077 -0.042843
vn 0.986340 -0.163370 0.021065
vn 0.919647 0.392744 0.001549
vn 0.963951 0.254949 -0.076151
vn 0.914773 -0.384846 -0.122821
vn 0.978989 -0.203844 -0.005285
vn 0.996040 0.003542 0.088836
vn 0.779845 0.625851 0.012315
vn 0.934775 0.296359 0.195876
vn 0.856764 0.509933 0.076971
vn 0.473858 0.880452 -0.016222
vn 0.814318 0.580355 -0.008660
vn 0.985614 0.098608 0.137264
vn 0.956513 0.283184 0.069924
vn 0.895366 -0.419638 0.149075
vn 0.873091 -0.457512 0.168510
vn 0.958317 -0.055082 0.280346
vn 0.921269 -0.330917 0.204347
vn 0.957333 0.278549 -0.076962
vn 0.941476 -0.231241 -0.245254
vn 0.962787 -0.164171 -0.214684
vn 0.996144 -0.032615 -0.081448
vn 0.953573 0.290425 -0.079694
vn 0.863591 0.499067 0.071714
vn 0.841687 0.539961 0.002242
vn 0.767083 0.640409 0.038211
vn 0.925160 0.376005 0.051949
vn 0.842800 0.536899 0.037775
vn 0.804500 0.587002 0.090601
vn 0.949656 0.313296 0.000403
vn 0.985948 0.154297 0.064019
vn 0.984203 0.110155 0.138599
vn 0.942658 -0.281300 -0.179629
vn 0.989627 -0.142096 0.021139
vn 0.993970 0.034121 0.104211
vn 0.990751 0.033078 0.131595
vn 0.733204 0.672465 0.101010
vn 0.840011 0.531944 0.106851
vn 0.996103 -0.010919 0.087525
vn 0.929718 0.244848 -0.275089
vn 0.901452 0.432877 0.001500
vn 0.882382 0.360981 -0.301818
vn 0.825685 0.558482 0.079639
vn 0.901040 0.431702 -0.041951
vn 0.865564 0.326089 -0.380085
vn 0.520919 0.820024 -0.237074
vn 0.625404 0.733477 -0.266236
vn 0.834033 0.535489 0.132822
vn 0.857962 0.506133 0.087926
vn 0.939820 0.315399 0.131386
vn 0.927989 0.369635 0.046972
vn 0.956257 0.242249 0.163975
vn 0.892659 0.442375 0.086395
vn 0.944987 0.302249 0.125084
vn 0.992339 0.115761 0.043164
vn 0.656514 0.751735 0.062322
vn 0.200911 0.954812 -0.219016
vn 0.300330 0.946494 -0.118116
vn 0.961465 0.220202 -0.164605
vn 0.895046 0.443410 -0.047757
vn 0.990949 0.069001 -0.115145
vn 0.987027 0.160278 0.009424
vn 0.848581 0.523826 0.074277
vn 0.828174 0.550713 0.104124
vn 0.807681 0.576806 0.122254
vn 0.852598 0.512775 -0.100695
vn 0.873505 0.485329 -0.038008
vn 0.935687 0.351475 -0.030911
vn 0.932836 0.359759 0.019755
vn 0.997145 -0.048389 0.057970
vn 0.882526 0.458040 0.106524
vn 0.833275 0.533607 0.144624
vn 0.552750 0.826767 0.104516
vn 0.489460 0.871796 0.020019
vn 0.491208 0.862377 -0.122559
vn 0.256650 0.963693 -0.073664
vn 0.940450 0.339762 0.010695
vn 0.843140 0.537688 -0.002517
vn 0.967953 -0.246370 0.048672
vn 0.991863 -0.123210 -0.032050
vn 0.953432 0.300594 -0.024710
vn 0.981550 0.114299 -0.153281
vn 0.867664 0.483564 -0.115433
vn 0.806122 0.591207 0.025336
vn 0.731586 0.676825 -0.081786
vn 0.743391 0.666088 -0.060797
vn 0.993925 -0.106602 -0.027374
vn 0.997582 -0.067331 0.017247
vn 0.987482 0.147811 0.055058
vn 0.993910 0.096954 0.052366
vn 0.647885 0.761679 0.009539
vn 0.574778 0.818260 -0.009004
vn 0.810150 0.584002 0.050984
vn 0.519146 0.854618 -0.010751
vn 0.567541 0.823235 -0.013466
vn 0.665483 0.743924 0.060905
vn 0.893796 0.447598 0.028005
vn 0.828653 0.554377 0.077469
vn 0.988670 -0.149818 0.009253
vn 0.859061 -0.489586 -0.149398
vn 0.927180 0.373835 -0.024203
vn 0.266143 0.924168 -0.274009
vn 0.964159 0.186498 0.188723
vn 0.953554 0.234376 0.189213
vn 0.818067 0.544074 0.186410
vn 0.985395 -0.004783 0.170215
vn 0.718816 0.680819 -0.140670
vn 0.826253 0.553829 -0.102859
vn 0.980845 0.183080 0.066519
vn 0.551199 0.814469 -0.181165
vn 0.791623 0.610756 0.017609
vn 0.758073 0.651566 -0.028049
vn 0.800861 0.593638 0.078846
vn 0.781858 0.619382 0.071162
vn 0.447997 0.893826 -0.019326
vn 0.772166 0.633718 0.046482
vn 0.484521 0.874070 -0.035238
vn 0.832815 0.553439 0.011153
vn 0.835255 0.549758 -0.010770
vn 0.903452 0.423872 0.064091
vn 0.293950 0.954348 -0.053044
vn 0.415056 0.909301 0.030019
vn 0.822104 0.569231 -0.010986
vn 0.926174 0.377008 -0.008144
vn 0.999859 0.016802 -0.000577
vn 0.999827 0.018462 0.002278
vn 0.998554 0.020621 -0.049650
vn 0.999994 0.002988 0.001556
vn 0.998604 0.046848 -0.024408
vn 0.999980 0.006264 0.000196
vn 0.996222 0.058285 0.064382
vn 0.999816 0.019016 -0.002525
vn 0.999993 0.003320 -0.001729
vn 0.996447 0.084214 0.001416
vn 0.878876 0.460079 0.126115
vn 0.881454 0.463456 0.090814
vn 0.998322 0.057886 -0.001627
vn 0.995809 -0.044829 0.079711
vn 0.647997 0.761304 -0.022715
vn 0.966374 0.218866 0.134980
vn 0.972771 0.229680 0.031038
vn 0.978303 0.128138 0.162801
vn 0.949118 0.307275 0.068970
vn 0.863041 0.504152 -0.031491
vn 0.881019 0.459581 -0.112204
vn 0.799638 0.577353 -0.165054
vn 0.976972 0.195161 0.086238
vn 0.999454 -0.032885 -0.003070
vn 0.998164 -0.047856 0.037138
vn 0.981090 -0.193207 -0.011533
vn 0.988304 -0.152120 -0.010715
vn 0.939691 -0.334952 -0.069194
vn 0.995876 -0.077634 -0.046938
vn 0.996330 -0.049325 -0.069947
vn 0.995927 0.067825 0.059400
vn 0.985543 0.168212 0.020242
vn 0.968499 0.238682 -0.070998
vn 0.647056 0.762352 -0.011753
vn 0.859206 0.508241 -0.058787
vn 0.686935 0.723163 0.071805
vn 0.998894 -0.016436 -0.044046
vn 0.686536 0.727095 -0.000881
vn 0.981659 -0.188404 0.029129
vn 0.991956 -0.094845 0.083832
vn 0.999389 0.004900 0.034607
vn 0.995819 -0.031641 0.085696
vn 0.998682 -0.026734 0.043802
vn 0.996818 -0.072211 0.033756
vn 0.981464 -0.188508 0.034535
vn 0.983043 -0.177662 0.045426
vn 0.998933 -0.030605 0.034596
vn 0.996340 -0.081096 0.027034
vn 0.996774 -0.070695 0.038001
vn 0.919621 0.388908 0.055209
vn 0.907672 0.418842 0.026487
vn 0.931352 0.363765 -0.016072
vn 0.992340 0.123436 0.005048
vn 0.714519 0.696782 -0.062904
vn 0.533039 0.846028 -0.010288
vn 0.432102 0.901417 -0.027120
vn 0.398912 0.916983 -0.003465
vn 0.712465 0.701578 -0.013466
vn 0.778381 0.623786 0.070801
vn 0.791222 0.611529 -0.000376
vn 0.492139 0.869259 0.046785
vn 0.399813 0.916589 0.003844
vn 0.828746 0.555527 0.067605
vn 0.784130 0.617588 -0.061041
vn 0.998892 0.047058 0.000348
vn 0.976761 -0.211638 0.033869
vn 0.954651 -0.288286 -0.074383
vn 0.997292 0.055883 -0.047804
vn 0.998775 0.044041 -0.022552
vn 0.985027 0.130180 -0.113024
vn 0.946100 0.323874 -0.000016
vn 0.957121 0.286763 -0.041065
vn 0.998767 0.028695 -0.040516
vn 1.000000 0.000000 0.000000
vn 0.453410 0.890504 0.037706
vn 0.341941 0.938488 -0.048130
vn 0.989538 0.139788 -0.035691
vn 0.939115 0.338903 -0.056648
vn 0.381075 0.923076 -0.052083
vn 0.729952 0.681656 -0.050145
vn 0.998674 0.050390 0.010554
vn 0.975290 0.217714 0.037546
vn 0.997073 0.041334 0.064327
vn 0.991716 0.126007 0.024948
vn 0.996250 -0.004165 -0.086417
vn 0.986428 0.145619 -0.075866
vn 0.987540 0.116730 0.105542
vn 0.982746 0.142042 0.118467
vn 0.990257 0.019660 0.137859
vn 0.993661 0.046961 0.102138
vn 0.988328 0.134341 0.071842
vn 0.907718 0.395199 -0.140945
vn 0.999400 -0.031029 0.015374
vn 0.980069 -0.119009 -0.159066
vn 0.988159 -0.110758 0.106179
vn 0.987843 -0.155293 -0.007070
vn 0.961075 -0.235156 -0.145042
vn 0.982222 0.168375 0.083011
vn 0.923106 0.370175 -0.104140
vn 0.988521 0.038718 0.146041
vn 0.983144 -0.144360 0.112195
vn 0.984128 0.142945 0.105161
vn 0.728815 0.612569 -0.305921
vn 0.923583 -0.253464 -0.287664
vn 0.937740 -0.228619 -0.261489
vn 0.928998 0.248330 -0.274401
vn 0.831285 0.555559 -0.017857
vn 0.641702 0.766454 -0.027695
vn 0.880652 -0.470908 0.051945
vn 0.644682 -0.760004 -0.082336
vn 0.845558 -0.519777 -0.121913
vn 0.763491 -0.571097 -0.301547
vn 0.893474 0.312547 -0.322518
vn 0.863432 0.207860 -0.459651
vn 0.749529 0.653451 0.105867
vn 0.896404 0.411257 0.165309
vn 0.807377 0.588603 -0.041101
vn 0.994452 -0.057036 0.088391
vn 0.891484 0.433819 0.130606
vn 0.962037 -0.250577 0.108149
vn 0.978509 -0.203204 -0.035053
vn 0.945188 -0.325180 0.029625
vn 0.919092 0.385975 -0.079333
vn 0.928704 0.369140 -0.035288
vn 0.937603 -0.299433 -0.176752
vn 0.972136 0.224212 -0.068412
vn -0.656031 -0.302555 0.691436
vn 0.961835 0.216161 0.167776
vn 0.705397 -0.582933 0.403242
vn 0.973177 -0.086100 0.213337
vn 0.978613 0.177773 0.103508
vn 0.981097 0.113509 -0.156730
vn 0.976532 0.176704 0.123132
vn 0.828037 0.534457 -0.169441
vn 0.934638 -0.268104 0.233607
vn 0.968831 -0.014702 0.247286
vn 0.933783 0.355798 0.038174
vn 0.925063 -0.306415 0.224427
vn 0.918657 -0.310022 0.244860
vn 0.966360 -0.223748 0.126830
vn 0.862986 -0.124164 0.489733
vn 0.799280 0.420081 0.429749
vn 0.968812 0.060432 -0.240314
vn 0.984857 0.151477 -0.084334
vn 0.834255 0.495674 -0.241509
vn 0.782059 0.617939 -0.080833
vn 0.980733 0.194312 0.020135
vn 0.965819 0.183157 0.183430
vn 0.792138 0.610256 -0.010192
vn 0.791852 0.608445 0.052576
vn 0.736443 0.655491 -0.167284
vn 0.843264 0.534486 -0.056831
vn 0.857010 0.513957 0.037178
vn 0.949865 0.302369 -0.079563
vn 0.962222 0.271248 0.023530
vn 0.984448 0.085520 -0.153456
vn 0.833490 0.531994 -0.149255
vn 0.980052 -0.198727 0.002535
vn 0.747057 -0.641525 0.174214
vn 0.734672 -0.673816 0.078926
vn 0.590119 -0.798832 -0.116735
vn 0.597925 -0.801551 -0.000827
vn 0.489579 -0.862496 -0.128111
vn 0.795674 -0.605640 0.010179
vn 0.598111 -0.783418 -0.168879
vn 0.501473 -0.854278 -0.136869
vn 0.428132 -0.884006 -0.187715
vn 0.423454 -0.904682 -0.047304
vn 0.609000 -0.768257 -0.197231
vn 0.554273 -0.807646 -0.201217
vn 0.475218 -0.878179 -0.054488
vn 0.949630 -0.266098 -0.165515
vn 0.739439 -0.662737 -0.118358
vn 0.786039 -0.314877 0.531973
vn 0.907808 -0.415889 0.054041
vn 0.919072 -0.344006 0.192269
vn 0.980999 -0.184221 0.060861
vn 0.875709 -0.472315 0.100255
vn 0.961548 -0.273253 0.027531
vn 0.995255 -0.029970 0.092568
vn 0.996397 -0.000693 -0.084811
vn 0.625258 -0.710258 0.323396
vn 0.963070 -0.095112 0.251893
vn 0.957994 -0.280307 0.060629
vn 0.819569 0.569722 0.061024
vn 0.900255 0.434122 0.032843
vn 0.960405 -0.268295 0.075099
vn 0.934059 -0.348533 0.077831
vn 0.960722 0.277364 0.009022
vn 0.995411 0.095498 0.006136
vn 0.891835 0.448948 -0.055461
vn 0.976744 0.207563 -0.053746
vn 0.981940 0.188208 -0.019283
vn 0.948699 -0.314287 0.034545
vn 0.996099 -0.087677 -0.009981
vn 0.983829 -0.096151 -0.151113
vn 0.871912 0.488700 0.030680
vn 0.999993 0.003749 -0.000867
vn 0.946966 -0.320408 0.024389
vn 0.963537 -0.265257 -0.035138
vn 0.994166 0.096111 0.048952
vn 0.987910 0.154797 0.008457
vn 0.957677 -0.270007 -0.099753
vn 0.938175 -0.341030 0.059385
vn 0.911993 0.408416 -0.038287
vn 0.887597 0.459509 0.031981
vn 0.957773 0.279684 0.066697
vn 0.961797 0.261510 0.080993
vn 0.966980 0.254743 0.007494
vn 0.725097 -0.686234 0.057592
vn 0.726383 -0.686854 -0.024495
vn 0.887201 -0.460265 0.032097
vn 0.970781 0.236844 0.038576
vn 0.980274 -0.196718 -0.019079
vn 0.875434 0.468031 -0.120672
vn 0.975292 0.135634 -0.174381
vn 0.528901 -0.848041 -0.033021
vn 0.260460 -0.944448 -0.200446
vn 0.251239 -0.966119 -0.059107
vn 0.383684 -0.923076 -0.026799
vn 0.358811 -0.933410 -0.000982
vn 0.439586 -0.896314 -0.058186
vn 0.125326 -0.991647 0.030497
vn 0.694782 -0.696149 -0.180706
vn 0.672393 -0.736186 0.076925
vn 0.769932 -0.612402 0.179355
vn 0.978250 0.205652 0.027087
vn 0.217123 -0.975427 -0.037413
vn 0.415522 -0.899717 -0.133604
vn 0.281204 -0.959114 -0.032009
vn 0.326480 -0.924483 0.196830
vn 0.416997 -0.906220 0.069843
vn 0.267140 -0.931776 0.245823
vn 0.948203 -0.252573 0.192660
vn 0.231528 -0.944934 0.231288
vn 0.303720 -0.933359 0.191297
vn 0.338703 -0.931638 0.131645
vn 0.481422 -0.856333 0.186888
vn 0.908402 -0.395389 0.135916
vn 0.991313 -0.127810 0.031035
vn 0.909949 0.392612 0.133597
vn 0.857586 0.504791 0.098649
vn 0.999403 0.031520 -0.014165
vn 0.999969 -0.007904 0.000312
vn 0.943967 0.313925 -0.101866
vn 0.985574 0.150558 -0.077306
vn 0.960668 0.261013 0.094810
vn 0.966948 -0.081389 -0.241634
vn 0.927551 -0.195733 -0.318336
vn 0.292164 -0.945908 -0.141059
vn 0.257747 -0.954919 -0.147297
vn 0.239968 -0.970435 -0.025908
vn 0.897280 0.428626 0.105678
vn 0.487067 -0.867388 -0.101999
vn 0.998843 0.043519 0.020482
vn 0.993818 -0.041985 0.102775
vn 0.994255 -0.106742 0.007889
vn 0.944365 -0.328847 -0.005779
vn 0.986131 -0.124540 0.109706
vn 0.942074 -0.323645 -0.088040
vn 0.900850 -0.434046 -0.008593
vn 0.910459 -0.412521 -0.029856
vn 0.848987 -0.528238 -0.013590
vn 0.864354 -0.500580 -0.048092
vn 0.707194 -0.705398 -0.047859
vn 0.992281 0.019572 -0.122452
vn 0.940335 -0.312479 -0.134638
vn 0.620990 -0.744883 0.243967
vn 0.580040 -0.814424 0.016318
vn 0.313295 -0.939168 0.140744
vn 0.708285 -0.705031 -0.035555
vn 0.940670 0.046213 0.336160
vn 0.994675 0.075388 0.070276
vn 0.937689 -0.007271 0.347400
vn 0.934296 -0.354214 -0.040284
vn 0.945446 0.258643 0.198079
vn 0.975923 0.104349 -0.191533
vn 0.959798 -0.238910 -0.147345
vn 0.928325 -0.199130 -0.313942
vn 0.957445 -0.247242 -0.148896
vn 0.782307 -0.619921 -0.060770
vn 0.914177 -0.281881 -0.291244
vn 0.975629 -0.103877 -0.193282
vn 0.986399 -0.095877 0.133511
vn 0.838652 -0.506430 0.200478
vn 0.374060 -0.906692 -0.194905
vn 0.497581 -0.861111 -0.104405
vn 0.965602 0.056915 -0.253720
vn 0.971732 -0.209579 -0.108687
vn 0.392020 -0.919950 0.003448
vn 0.968548 0.125012 0.215142
vn 0.883550 0.468107 0.014652
vn 0.923095 0.302134 0.237930
vn 0.930005 0.345650 -0.124969
vn 0.953399 -0.238840 -0.184352
vn 0.995672 -0.092912 -0.001970
vn 0.934382 -0.342405 -0.098429
vn 0.995630 0.018269 0.091583
vn 0.984520 0.049141 0.168242
vn 0.999412 -0.033132 0.008853
vn 0.992964 0.033245 0.113652
vn 0.963993 -0.248063 -0.095824
vn 0.874200 -0.418041 0.247016
vn 0.977577 -0.192725 0.084854
vn 0.995550 -0.033254 -0.088168
vn 0.385888 -0.908733 0.159045
vn 0.732799 -0.676673 -0.071552
vn 0.385993 -0.904434 0.181685
vn 0.596290 -0.801126 0.051330
vn 0.421902 -0.898015 0.124768
vn 0.991199 -0.048033 -0.123356
vn 0.905141 0.389008 -0.171446
vn 0.983006 -0.183468 -0.006260
vn 0.995726 0.092308 0.002939
vn 0.859933 0.493313 -0.130988
vn 0.862112 0.503683 -0.055373
vn 0.968478 0.238329 -0.072458
vn 0.951980 0.282823 -0.117237
vn 0.810713 -0.585095 0.020189
vn 0.681531 -0.731743 -0.008172
vn 0.884494 -0.462169 -0.063805
vn 0.302661 -0.949835 0.078802
vn 0.355769 -0.922035 0.152576
vn 0.433605 -0.893839 -0.114185
vn 0.994544 -0.100194 -0.029032
vn 0.740647 -0.641628 -0.199387
vn 0.382756 -0.921882 -0.060262
vn 0.624077 -0.752722 -0.209612
vn 0.761197 -0.644784 -0.069520
vn 0.691771 -0.708540 -0.139368
vn 0.756396 -0.654080 0.006607
vn 0.598618 -0.799929 -0.042060
vn 0.770708 -0.626896 0.114061
vn 0.643311 -0.745418 0.174653
vn 0.787644 -0.613583 0.055974
vn 0.694534 -0.716454 0.065694
vn 0.852334 -0.522739 0.016479
vn 0.800744 -0.598962 0.007328
vn 0.765669 -0.641960 0.040465
vn 0.759402 -0.644609 -0.088249
vn 0.794221 -0.602632 -0.077769
vn 0.726303 -0.673401 0.137895
vn 0.558364 -0.821291 0.117089
vn 0.958743 -0.276194 -0.067291
vn 0.763195 -0.646099 -0.009496
vn 0.370169 -0.914329 0.164249
vn 0.538473 -0.826557 0.163862
vn 0.959996 -0.275249 -0.051443
vn 0.784902 -0.607196 0.123461
vn 0.957393 -0.246619 -0.150256
vn 0.996027 -0.006725 -0.088799
vn 0.938848 -0.343137 -0.028659
vn 0.942797 0.238452 -0.232968
vn 0.971537 0.053352 -0.230802
vn 0.659738 -0.744544 0.101982
vn 0.654645 -0.755847 -0.011644
vn 0.946610 -0.318199 -0.051748
vn 0.890846 -0.454194 -0.010012
vn 0.936724 0.267084 -0.226307
vn 0.933191 0.344643 -0.101859
vn 0.953635 0.293743 -0.065544
vn 0.902880 0.428671 -0.032377
vn 0.839479 0.518442 -0.162764
vn 0.960138 0.244323 -0.135798
vn 0.968355 0.027850 -0.248018
vn 0.971299 -0.173411 -0.162811
vn 0.708168 -0.705620 0.024471
vn 0.875333 -0.417817 0.243354
vn 0.912260 -0.398879 0.093150
vn 0.866678 -0.332404 0.371990
vn 0.948247 0.074166 0.308752
vn 0.966079 0.258245 -0.000761
vn 0.908081 -0.193049 0.371647
vn 0.982160 -0.187878 0.008021
vn 0.886426 -0.339257 0.314886
vn 0.806951 -0.492468 0.326046
vn 0.654842 -0.755682 -0.011238
vn 0.438885 -0.895417 0.074886
vn 0.291861 -0.954238 0.065164
vn 0.836533 -0.547762 0.013048
vn 0.994158 0.088306 0.062070
vn 0.982117 0.165109 -0.090468
vn 0.962971 0.151397 -0.223082
vn 0.771999 0.621651 -0.132542
vn 0.976882 -0.208219 -0.048450
vn 0.978049 -0.188747 -0.088290
vn 0.990195 -0.017473 -0.138596
vn 0.415885 -0.909357 -0.010474
vn 0.657672 -0.752957 -0.022858
vn 0.666511 -0.739959 0.090678
vn 0.907883 -0.416634 -0.046520
vn 0.850890 -0.516360 0.096739
vn 0.855020 -0.484447 -0.185073
vn 0.904824 -0.414766 -0.096242
vn 0.901797 -0.412146 0.129991
vn 0.593601 -0.795928 0.118898
vn 0.841431 -0.536738 -0.062503
vn 0.312792 -0.938927 0.143448
vn 0.667877 -0.721776 0.181605
vn 0.663649 -0.728925 0.168043
vn 0.643530 -0.748705 0.159092
vn 0.882991 -0.468914 0.021156
vn 0.448341 -0.893341 -0.030525
vn 0.708973 -0.701959 0.067906
vn 0.727678 -0.685874 0.007924
vn 0.712408 -0.674374 0.194151
vn 0.907775 0.347492 -0.234933
vn 0.971111 0.118465 -0.207147
vn 0.956234 -0.224452 -0.187716
vn 0.941421 -0.133885 -0.309519
vn 0.995821 -0.090902 -0.008821
vn 0.979102 -0.065410 0.192566
vn 0.946961 -0.280712 -0.156414
vn 0.839090 -0.525672 0.139989
vn 0.743862 -0.594201 -0.305933
vn 0.736236 -0.663481 -0.133227
vn 0.688862 -0.723993 0.036097
vn 0.609152 -0.792956 0.012401
vn 0.939687 -0.325228 0.105905
vn 0.666046 -0.700687 -0.255774
vn 0.666794 -0.737738 -0.105492
vn 0.531160 -0.843989 -0.074508
vn 0.985176 0.103026 0.137165
vn 0.996682 0.021616 -0.078466
vn 0.741825 -0.662136 0.106169
vn 0.726515 -0.685206 -0.051656
vn 0.994688 0.045973 0.092103
vn 0.986748 0.060028 0.150750
vn 0.608529 -0.793493 0.007788
vn 0.662828 -0.738311 0.124727
vn 0.720163 -0.693329 -0.025697
vn 0.686060 -0.727544 0.001384
vn 0.696262 -0.712950 0.083198
vn 0.998560 -0.029466 0.044828
vn 0.906480 -0.340680 0.249461
vn 0.973880 0.223047 -0.042529
vn 0.703333 -0.710163 0.031485
vn 0.997411 -0.070774 0.012756
vn 0.862939 -0.461326 0.206192
vn 0.972933 -0.225632 -0.049919
vn 0.946152 -0.315181 -0.073873
vn 0.901256 -0.432910 -0.018067
vn 0.932995 -0.345843 -0.099566
vn 0.961736 -0.206221 0.180380
vn 0.845340 -0.529517 0.070795
vn 0.574115 -0.778581 0.253384
vn 0.903925 -0.426680 0.029400
vn 0.741071 -0.656993 0.138473
vn 0.871810 -0.479152 -0.101792
vn 0.918062 -0.396102 0.016304
vn 0.907264 -0.418513 0.041459
vn 0.825345 -0.541129 0.161201
vn 0.830289 -0.557306 -0.005496
vn 0.821932 -0.557255 -0.117875
vn 0.845686 -0.504865 -0.172992
vn 0.943480 -0.323533 -0.071911
vn 0.962450 -0.232613 -0.139929
vn 0.901371 -0.418625 0.110831
vn 0.975569 -0.193634 0.103779
vn 0.961763 -0.245061 -0.122303
vn 0.912239 -0.406739 0.048812
vn 0.954917 -0.295275 -0.030752
vn 0.993894 0.051453 -0.097605
vn 0.909983 0.407088 -0.078805
vn 0.670274 -0.735899 0.095844
vn 0.934801 -0.350916 0.054818
vn 0.917558 0.394894 -0.046315
vn 0.983599 0.158695 -0.085723
vn 0.973578 -0.227701 -0.017254
vn 0.994469 0.067732 -0.080269
vn 0.656488 -0.746027 0.111655
vn 0.680768 -0.727088 0.088870
vn 0.855420 -0.517222 0.027170
vn 0.510888 -0.858241 0.049149
vn 0.589237 -0.803732 0.082548
vn 0.892791 -0.450438 -0.005484
vn 0.649683 -0.750206 0.122891
vn 0.903576 -0.381433 0.195089
vn 0.999187 0.034100 -0.021503
vn 0.998222 -0.054505 -0.024144
vn 0.969464 0.243714 -0.027243
vn 0.951192 0.305740 -0.041906
vn 0.980646 -0.190746 -0.044153
vn 0.966362 -0.257177 0.001943
vn 0.951820 0.282205 -0.119994
vn 0.993001 0.110401 -0.041955
vn 0.951664 -0.300887 0.061660
vn 0.999464 0.011623 -0.030608
vn 0.968665 0.218852 -0.117440
vn 0.705635 -0.708455 0.013067
vn 0.452281 -0.891282 -0.032537
vn 0.351552 -0.935227 0.041981
vn 0.917253 -0.398288 0.003582
vn 0.452223 -0.891893 0.004597
vn 0.237444 -0.970925 0.030405
vn 0.347757 -0.937585 0.000368
vn 0.238332 -0.971106 0.012311
vn 0.680923 -0.732049 0.021179
vn 0.665699 -0.745888 -0.022276
vn 0.584120 -0.809252 0.062570
vn 0.137276 -0.990474 -0.010810
vn 0.227510 -0.973760 0.005625
vn 0.632217 -0.769596 -0.089577
vn 0.520146 -0.853653 -0.026916
vn 0.940243 -0.336972 -0.048923
vn 0.978638 -0.192805 -0.071376
vn 0.985101 -0.127979 -0.114877
vn 0.960098 -0.271388 0.067536
vn 0.939262 -0.340057 0.046340
vn 0.715711 -0.687092 0.125146
vn 0.813578 -0.559049 -0.159863
vn 0.611230 -0.785606 0.096027
vn 0.763327 -0.623221 -0.170080
vn 0.474135 -0.880126 -0.023964
vn 0.748633 -0.659961 -0.063246
vn 0.803843 -0.577460 -0.142746
vn 0.953242 -0.293479 -0.072118
vn 0.865833 -0.494167 0.078310
vn 0.991301 -0.130343 0.018247
vn 0.999037 0.036531 0.024320
vn 0.997270 0.055915 0.048235
vn 0.998560 -0.030280 0.044289
vn 0.999056 0.036823 0.023060
vn 0.999970 -0.007689 -0.000000
vn 0.999504 -0.031488 0.000000
vn 0.999504 -0.031488 0.000000
vn 0.998318 -0.052477 0.024622
vn 0.994613 -0.103657 -0.001123
vn 0.993441 -0.114274 -0.003941
vn 0.670828 -0.741525 -0.011420
vn 0.638623 -0.769457 -0.009837
vn 0.756039 -0.654389 -0.013424
vn 0.994622 0.103567 -0.001251
vn 0.646986 -0.762451 0.008829
vn 0.999980 0.002672 -0.005690
vn 0.985179 0.163328 -0.052401
vn 0.996565 -0.079230 -0.024108
vn 0.992240 -0.124323 0.001969
vn 0.952893 0.301044 -0.036984
vn 0.944833 0.327553 -0.000000
vn 0.996781 -0.076983 0.022372
vn 0.999504 -0.031488 -0.000000
vn 0.998194 -0.053584 0.027168
vn 0.998747 0.012546 0.048438
vn 0.999295 -0.031585 -0.020302
vn 0.985017 -0.154765 0.076084
vn 0.983702 -0.178039 -0.025154
vn 0.791107 -0.575122 0.208288
vn 0.991381 -0.121672 -0.048573
vn 0.704748 -0.709253 -0.017037
vn 0.156727 -0.987641 -0.001121
vn 0.224268 -0.972540 0.062211
vn 0.260341 -0.926703 0.271007
vn 0.564213 -0.807975 0.169821
vn 0.723891 -0.536254 0.434067
vn 0.408228 -0.909955 0.073028
vn 0.718253 -0.658237 0.225468
vn 0.943457 -0.328910 0.041320
vn 0.789971 -0.491081 0.367130
vn 0.919333 -0.373126 0.124918
vn 0.850367 -0.350863 0.392136
vn 0.659307 -0.673746 0.333738
vn 0.874182 -0.404028 0.269382
vn 0.947527 -0.296701 0.119005
vn 0.899983 -0.366773 0.235602
vn 0.093451 -0.994903 0.037882
vn 0.142075 -0.989553 -0.024478
vn 0.368373 -0.929071 -0.033603
vn 0.216135 -0.974908 -0.053296
vn 0.093115 -0.995635 -0.006406
vn 0.514979 -0.856326 0.038764
vn 0.980196 -0.184288 -0.072487
vn 0.984583 -0.172723 0.027628
vn 0.954077 -0.265682 -0.138383
vn 0.944793 0.327645 -0.003832
vn 0.943340 0.331475 -0.015300
vn 0.996570 -0.077983 -0.027704
vn 0.985289 -0.166822 -0.037093
vn 0.923200 0.374417 -0.086686
vn 0.774821 0.591898 -0.222058
vn 0.999675 -0.024798 -0.005827
vn 0.927418 0.366270 -0.075778
vn 0.995446 -0.075927 -0.057638
vn 0.994237 -0.080519 0.070782
vn 0.996038 -0.039634 0.079603
vn 0.995187 -0.095164 0.023392
vn 0.959066 -0.278351 0.052080
vn 0.999216 0.011199 -0.037979
vn 0.995887 -0.072834 -0.053900
vn 0.995697 -0.088054 -0.028862
vn 0.629961 0.714318 -0.304793
vn 0.839334 0.520307 -0.157474
vn 0.998527 0.031360 -0.044271
vn 0.918515 -0.395033 0.016706
vn 0.864603 -0.501435 -0.031995
vn 0.948224 -0.311405 0.062433
vn 0.418095 -0.898276 -0.135263
vn 0.709363 -0.704826 0.005030
vn -0.235451 -0.934326 -0.267578
vn -0.200471 -0.950820 -0.236118
vn 0.972938 -0.231035 -0.003669
vn 0.960616 -0.275403 -0.037014
vn 0.977865 -0.208881 0.012210
vn 0.952786 -0.290099 -0.089671
vn 0.918476 -0.389149 -0.070454
vn 0.711763 -0.681509 -0.170114
vn 0.971730 -0.213429 -0.100945
vn 0.306849 -0.882443 -0.356565
vn 0.996454 -0.022878 0.080970
s 1
g pasted__pCube3 group
usemtl pasted__pCube3SG
f 3522/2392/1 2404/2384/2 222/2380/3 2403/2390/4
f 2405/4911/5 607/4912/6 2404/4913/2 3522/4914/1
f 3523/4915/7 2406/4916/8 607/4912/6 2405/4911/5
f 2407/4917/9 156/4918/10 2406/4916/8 3523/4915/7
f 3524/2402/11 2409/2395/12 154/2401/13 2408/2409/14
f 2410/2396/15 608/2389/16 2409/2395/12 3524/2402/11
f 3525/2391/17 2411/2383/18 608/2389/16 2410/2396/15
f 2403/2390/4 222/2380/3 2411/2383/18 3525/2391/17
f 222/2380/3 2414/2381/19 3526/2382/20 2411/2383/18
f 2411/2383/18 3526/2382/20 2412/2388/21 608/2389/16
f 3526/2382/20 2413/2387/22 882/2393/23 2412/2388/21
f 2414/2381/19 611/2386/24 2413/2387/22 3526/2382/20
f 608/2389/16 2412/2388/21 3527/2394/25 2409/2395/12
f 2409/2395/12 3527/2394/25 2415/2400/26 154/2401/13
f 3527/2394/25 2416/2399/27 609/2406/28 2415/2400/26
f 2412/2388/21 882/2393/23 2416/2399/27 3527/2394/25
f 882/2393/23 2419/2398/29 3528/2405/30 2416/2399/27
f 2416/2399/27 3528/2405/30 2417/2413/31 609/2406/28
f 3528/2405/30 2418/2412/32 2/2421/33 2417/2413/31
f 2419/2398/29 610/2404/34 2418/2412/32 3528/2405/30
f 611/12/24 2421/4/35 3529/8/36 2413/13/22
f 2413/2387/22 3529/2397/36 2419/2398/29 882/2393/23
f 3529/2397/36 2420/2403/37 610/2404/34 2419/2398/29
f 2421/4/35 155/3/38 2420/7/37 3529/8/36
f 156/4929/10 2424/4930/39 3530/4931/40 2406/4932/8
f 2406/4933/8 3530/4934/40 2422/4935/41 607/4936/6
f 3530/4934/40 2423/4937/42 883/4938/43 2422/4935/41
f 2424/3281/39 613/3277/44 2423/3272/42 3530/3282/40
f 607/4936/6 2422/4935/41 3531/4939/45 2404/4940/2
f 2404/2384/2 3531/2385/45 2414/2381/19 222/2380/3
f 3531/4939/45 2425/4941/46 611/4944/24 2414/4945/19
f 2422/4935/41 883/4938/43 2425/4941/46 3531/4939/45
f 883/4938/43 2427/4942/47 3532/4943/48 2425/4941/46
f 2425/4941/46 3532/4943/48 2421/4946/35 611/4944/24
f 3532/1/48 2426/2/49 155/3/38 2421/4/35
f 2427/3261/47 612/3262/50 2426/3263/49 3532/3264/48
f 613/3277/44 2429/3269/51 3533/3265/52 2423/3272/42
f 2423/3272/42 3533/3265/52 2427/3261/47 883/3273/43
f 3533/3265/52 2428/3266/53 612/3262/50 2427/3261/47
f 2429/3269/51 1/3270/54 2428/3266/53 3533/3265/52
f 3534/2436/55 2431/2425/56 223/2435/57 2430/2447/58
f 2432/2426/59 614/2416/60 2431/2425/56 3534/2436/55
f 3535/2417/61 2433/2408/62 614/2416/60 2432/2426/59
f 2408/2409/14 154/2401/13 2433/2408/62 3535/2417/61
f 3536/1841/63 2435/1834/64 157/1830/65 2434/1833/66
f 2436/2470/67 615/2458/68 2435/2480/64 3536/2481/63
f 3537/2459/69 2437/2446/70 615/2458/68 2436/2470/67
f 2430/2447/58 223/2435/57 2437/2446/70 3537/2459/69
f 223/2435/57 2440/2434/71 3538/2445/72 2437/2446/70
f 2437/2446/70 3538/2445/72 2438/2457/73 615/2458/68
f 3538/2445/72 2439/2456/74 884/2469/75 2438/2457/73
f 2440/2434/71 618/2444/76 2439/2456/74 3538/2445/72
f 615/1842/68 2438/1843/73 3539/1835/77 2435/1834/64
f 2435/1834/64 3539/1835/77 2441/1823/78 157/1830/65
f 3539/4947/77 2442/4948/79 616/4949/80 2441/4950/78
f 2438/4951/73 884/4952/75 2442/4948/79 3539/4947/77
f 884/4952/75 2445/4955/81 3540/4953/82 2442/4948/79
f 2442/4948/79 3540/4953/82 2443/4954/83 616/4949/80
f 3540/2565/82 2444/2537/84 3/2549/85 2443/2566/83
f 2445/45/81 617/46/86 2444/47/84 3540/48/82
f 618/2444/76 2447/2455/87 3541/2468/88 2439/2456/74
f 2439/4956/74 3541/4957/88 2445/4955/81 884/4952/75
f 3541/49/88 2446/50/89 617/46/86 2445/45/81
f 2447/2455/87 158/2467/90 2446/2479/89 3541/2468/88
f 154/2401/13 2415/2400/26 3542/2407/91 2433/2408/62
f 2433/2408/62 3542/2407/91 2448/2415/92 614/2416/60
f 3542/2407/91 2449/2414/93 885/2423/94 2448/2415/92
f 2415/2400/26 609/2406/28 2449/2414/93 3542/2407/91
f 614/2416/60 2448/2415/92 3543/2424/95 2431/2425/56
f 2431/2425/56 3543/2424/95 2440/2434/71 223/2435/57
f 3543/2424/95 2450/2433/96 618/2444/76 2440/2434/71
f 2448/2415/92 885/2423/94 2450/2433/96 3543/2424/95
f 885/2423/94 2452/2432/97 3544/2443/98 2450/2433/96
f 2450/2433/96 3544/2443/98 2447/2455/87 618/2444/76
f 3544/2443/98 2451/2454/99 158/2467/90 2447/2455/87
f 2452/2432/97 619/2442/100 2451/2454/99 3544/2443/98
f 609/2406/28 2417/2413/31 3545/2422/101 2449/2414/93
f 2449/2414/93 3545/2422/101 2452/2432/97 885/2423/94
f 3545/2422/101 2453/2431/102 619/2442/100 2452/2432/97
f 2417/2413/31 2/2421/33 2453/2431/102 3545/2422/101
f 1/3270/54 2456/3276/103 3546/3271/104 2428/3266/53
f 2428/3266/53 3546/3271/104 2454/3267/105 612/3262/50
f 3546/3271/104 2455/3278/106 886/3274/107 2454/3267/105
f 2456/4958/103 622/4959/108 2455/4960/106 3546/4961/104
f 612/3262/50 2454/3267/105 3547/3268/109 2426/3263/49
f 2426/2/49 3547/5/109 2457/6/110 155/3/38
f 3547/5/109 2458/9/111 620/10/112 2457/6/110
f 2454/3267/105 886/3274/107 2458/3275/111 3547/3268/109
f 886/3274/107 2461/3279/113 3548/3280/114 2458/3275/111
f 2458/9/111 3548/14/114 2459/15/115 620/10/112
f 3548/14/114 2460/17/116 224/18/117 2459/15/115
f 2461/3279/113 621/3284/118 2460/3285/116 3548/3280/114
f 622/61/108 2463/53/119 3549/56/120 2455/62/106
f 2455/3278/106 3549/3283/120 2461/3279/113 886/3274/107
f 3549/3283/120 2462/3286/121 621/3284/118 2461/3279/113
f 2463/53/119 161/54/122 2462/55/121 3549/56/120
f 155/3/38 2457/6/110 3550/11/123 2420/7/37
f 2420/2403/37 3550/2410/123 2464/2411/124 610/2404/34
f 3550/2410/123 2465/2418/125 887/2419/126 2464/2411/124
f 2457/6/110 620/10/112 2465/16/125 3550/11/123
f 610/2404/34 2464/2411/124 3551/2420/127 2418/2412/32
f 2418/2412/32 3551/2420/127 2466/2430/128 2/2421/33
f 3551/2420/127 2467/2429/129 623/2440/130 2466/2430/128
f 2464/2411/124 887/2419/126 2467/2429/129 3551/2420/127
f 887/2419/126 2470/2428/131 3552/2439/132 2467/2429/129
f 2467/2429/129 3552/2439/132 2468/2451/133 623/2440/130
f 3552/2439/132 2469/2450/134 159/2463/135 2468/2451/133
f 2470/2428/131 624/2438/136 2469/2450/134 3552/2439/132
f 620/10/112 2459/15/115 3553/19/137 2465/16/125
f 2465/2418/125 3553/2427/137 2470/2428/131 887/2419/126
f 3553/2427/137 2471/2437/138 624/2438/136 2470/2428/131
f 2459/15/115 224/18/117 2471/22/138 3553/19/137
f 224/18/117 2474/21/139 3554/25/140 2471/22/138
f 2471/2437/138 3554/2448/140 2472/2449/141 624/2438/136
f 3554/2448/140 2473/2460/142 888/2461/143 2472/2449/141
f 2474/21/139 627/24/144 2473/28/142 3554/25/140
f 624/2438/136 2472/2449/141 3555/2462/145 2469/2450/134
f 2469/2450/134 3555/2462/145 2475/2474/146 159/2463/135
f 3555/2462/145 2476/2473/147 625/2485/148 2475/2474/146
f 2472/2449/141 888/2461/143 2476/2473/147 3555/2462/145
f 888/2461/143 2479/2472/149 3556/2484/150 2476/2473/147
f 2476/2473/147 3556/2484/150 2477/2494/151 625/2485/148
f 3556/2484/150 2478/2493/152 5/2503/153 2477/2494/151
f 2479/2472/149 626/2483/154 2478/2493/152 3556/2484/150
f 627/24/144 2481/27/155 3557/31/156 2473/28/142
f 2473/2460/142 3557/2471/156 2479/2472/149 888/2461/143
f 3557/2471/156 2480/2482/157 626/2483/154 2479/2472/149
f 2481/27/155 160/30/158 2480/34/157 3557/31/156
f 161/54/122 2484/59/159 3558/60/160 2462/55/121
f 2462/3286/121 3558/3289/160 2482/3287/161 621/3284/118
f 3558/3289/160 2483/3292/162 889/3290/163 2482/3287/161
f 2484/59/159 629/66/164 2483/67/162 3558/60/160
f 621/3284/118 2482/3287/161 3559/3288/165 2460/3285/116
f 2460/17/116 3559/20/165 2474/21/139 224/18/117
f 3559/20/165 2485/23/166 627/24/144 2474/21/139
f 2482/3287/161 889/3290/163 2485/3291/166 3559/3288/165
f 889/3290/163 2487/3293/167 3560/3294/168 2485/3291/166
f 2485/23/166 3560/26/168 2481/27/155 627/24/144
f 3560/26/168 2486/29/169 160/30/158 2481/27/155
f 2487/3293/167 628/3296/170 2486/3297/169 3560/3294/168
f 629/66/164 2489/69/171 3561/70/172 2483/67/162
f 2483/3292/162 3561/3295/172 2487/3293/167 889/3290/163
f 3561/3295/172 2488/3298/173 628/3296/170 2487/3293/167
f 2489/69/171 4/72/174 2488/73/173 3561/70/172
f 2/2421/33 2466/2430/128 3562/2441/175 2453/2431/102
f 2453/2431/102 3562/2441/175 2490/2453/176 619/2442/100
f 3562/2441/175 2491/2452/177 890/2465/178 2490/2453/176
f 2466/2430/128 623/2440/130 2491/2452/177 3562/2441/175
f 619/2442/100 2490/2453/176 3563/2466/179 2451/2454/99
f 2451/2454/99 3563/2466/179 2492/2478/180 158/2467/90
f 3563/2466/179 2493/2477/181 630/2489/182 2492/2478/180
f 2490/2453/176 890/2465/178 2493/2477/181 3563/2466/179
f 890/2465/178 2496/2476/183 3564/2488/184 2493/2477/181
f 2493/2477/181 3564/2488/184 2494/2498/185 630/2489/182
f 3564/2488/184 2495/2497/186 225/2507/187 2494/2498/185
f 2496/2476/183 631/2487/188 2495/2497/186 3564/2488/184
f 623/2440/130 2468/2451/133 3565/2464/189 2491/2452/177
f 2491/2452/177 3565/2464/189 2496/2476/183 890/2465/178
f 3565/2464/189 2497/2475/190 631/2487/188 2496/2476/183
f 2468/2451/133 159/2463/135 2497/2475/190 3565/2464/189
f 158/2467/90 2492/2478/180 3566/2490/191 2446/2479/89
f 2446/50/89 3566/51/191 2498/52/192 617/46/86
f 3566/2490/191 2499/2499/193 891/2509/194 2498/2510/192
f 2492/2478/180 630/2489/182 2499/2499/193 3566/2490/191
f 617/2536/86 2498/2510/192 3567/2522/195 2444/2537/84
f 2444/2537/84 3567/2522/195 2500/2535/196 3/2549/85
f 3567/2522/195 2501/2521/197 632/2534/198 2500/2535/196
f 2498/2510/192 891/2509/194 2501/2521/197 3567/2522/195
f 891/2509/194 2504/2520/199 3568/2533/200 2501/2521/197
f 2501/2521/197 3568/2533/200 2502/2548/201 632/2534/198
f 3568/2533/200 2503/2561/202 162/2562/203 2502/2548/201
f 2504/8069/199 633/8070/204 2503/8071/202 3568/8072/200
f 630/2489/182 2494/2498/185 3569/2508/205 2499/2499/193
f 2499/2499/193 3569/2508/205 2504/2520/199 891/2509/194
f 3569/2508/205 2505/2519/206 633/2532/204 2504/2520/199
f 2494/2498/185 225/2507/187 2505/2519/206 3569/2508/205
f 225/2507/187 2508/2518/207 3570/2531/208 2505/2519/206
f 2505/2519/206 3570/2531/208 2506/2547/209 633/2532/204
f 3570/2531/208 2507/2546/210 892/2559/211 2506/2547/209
f 2508/2518/207 636/2530/212 2507/2546/210 3570/2531/208
f 633/2532/204 2506/2547/209 3571/2560/213 2503/2561/202
f 2503/2561/202 3571/2560/213 2509/2578/214 162/2562/203
f 3571/4980/213 2510/4981/215 634/4982/216 2509/4983/214
f 2506/2547/209 892/2559/211 2510/2577/215 3571/2560/213
f 892/2559/211 2513/2576/217 3572/2592/218 2510/2577/215
f 2510/1860/215 3572/1861/218 2511/1857/219 634/1852/216
f 3572/1861/218 2512/1865/220 6/1862/221 2511/1857/219
f 2513/2576/217 635/2591/222 2512/2607/220 3572/2592/218
f 636/2530/212 2515/2545/223 3573/2558/224 2507/2546/210
f 2507/2546/210 3573/2558/224 2513/2576/217 892/2559/211
f 3573/2558/224 2514/2575/225 635/2591/222 2513/2576/217
f 2515/2545/223 163/2557/226 2514/2575/225 3573/2558/224
f 159/2463/135 2475/2474/146 3574/2486/227 2497/2475/190
f 2497/2475/190 3574/2486/227 2516/2496/228 631/2487/188
f 3574/2486/227 2517/2495/229 893/2505/230 2516/2496/228
f 2475/2474/146 625/2485/148 2517/2495/229 3574/2486/227
f 631/2487/188 2516/2496/228 3575/2506/231 2495/2497/186
f 2495/2497/186 3575/2506/231 2508/2518/207 225/2507/187
f 3575/2506/231 2518/2517/232 636/2530/212 2508/2518/207
f 2516/2496/228 893/2505/230 2518/2517/232 3575/2506/231
f 893/2505/230 2520/2516/233 3576/2529/234 2518/2517/232
f 2518/2517/232 3576/2529/234 2515/2545/223 636/2530/212
f 3576/2529/234 2519/2544/235 163/2557/226 2515/2545/223
f 2520/2516/233 637/2528/236 2519/2544/235 3576/2529/234
f 625/2485/148 2477/2494/151 3577/2504/237 2517/2495/229
f 2517/2495/229 3577/2504/237 2520/2516/233 893/2505/230
f 3577/2504/237 2521/2515/238 637/2528/236 2520/2516/233
f 2477/2494/151 5/2503/153 2521/2515/238 3577/2504/237
f 4/72/174 2524/74/239 3578/75/240 2488/73/173
f 2488/3298/173 3578/3301/240 2522/3299/241 628/3296/170
f 3578/3301/240 2523/3304/242 894/3302/243 2522/3299/241
f 2524/74/239 640/78/244 2523/79/242 3578/75/240
f 628/3296/170 2522/3299/241 3579/3300/245 2486/3297/169
f 2486/29/169 3579/32/245 2525/33/246 160/30/158
f 3579/32/245 2526/35/247 638/36/248 2525/33/246
f 2522/3299/241 894/3302/243 2526/3303/247 3579/3300/245
f 894/3302/243 2529/3305/249 3580/3306/250 2526/3303/247
f 2526/35/247 3580/38/250 2527/39/251 638/36/248
f 3580/38/250 2528/41/252 226/42/253 2527/39/251
f 2529/3305/249 639/3308/254 2528/3309/252 3580/3306/250
f 640/78/244 2531/83/255 3581/84/256 2523/79/242
f 2523/3304/242 3581/3307/256 2529/3305/249 894/3302/243
f 3581/3307/256 2530/3310/257 639/3308/254 2529/3305/249
f 2531/83/255 166/88/258 2530/89/257 3581/84/256
f 160/30/158 2525/33/246 3582/37/259 2480/34/157
f 2480/2482/157 3582/2491/259 2532/2492/260 626/2483/154
f 3582/2491/259 2533/2500/261 895/2501/262 2532/2492/260
f 2525/33/246 638/36/248 2533/40/261 3582/37/259
f 626/2483/154 2532/2492/260 3583/2502/263 2478/2493/152
f 2478/2493/152 3583/2502/263 2534/2514/264 5/2503/153
f 3583/2502/263 2535/2513/265 641/2526/266 2534/2514/264
f 2532/2492/260 895/2501/262 2535/2513/265 3583/2502/263
f 895/2501/262 2538/2512/267 3584/2525/268 2535/2513/265
f 2535/2513/265 3584/2525/268 2536/2541/269 641/2526/266
f 3584/2525/268 2537/2540/270 164/2553/271 2536/2541/269
f 2538/2512/267 642/2524/272 2537/2540/270 3584/2525/268
f 638/36/248 2527/39/251 3585/43/273 2533/40/261
f 2533/2500/261 3585/2511/273 2538/2512/267 895/2501/262
f 3585/2511/273 2539/2523/274 642/2524/272 2538/2512/267
f 2527/39/251 226/42/253 2539/44/274 3585/43/273
f 226/4984/253 2542/4985/275 3586/4986/276 2539/4987/274
f 2539/2523/274 3586/2538/276 2540/2539/277 642/2524/272
f 3586/2538/276 2541/2550/278 896/2551/279 2540/2539/277
f 2542/4985/275 645/4990/280 2541/4991/278 3586/4986/276
f 642/2524/272 2540/2539/277 3587/2552/281 2537/2540/270
f 2537/2540/270 3587/2552/281 2543/2570/282 164/2553/271
f 3587/2552/281 2544/2569/283 643/2585/284 2543/2570/282
f 2540/2539/277 896/2551/279 2544/2569/283 3587/2552/281
f 896/2551/279 2547/2568/285 3588/2584/286 2544/2569/283
f 2544/2569/283 3588/2584/286 2545/2600/287 643/2585/284
f 3588/2584/286 2546/2599/288 8/2613/289 2545/2600/287
f 2547/2568/285 644/2583/290 2546/2599/288 3588/2584/286
f 645/2580/280 2549/2581/291 3589/2567/292 2541/2550/278
f 2541/2550/278 3589/2567/292 2547/2568/285 896/2551/279
f 3589/2567/292 2548/2582/293 644/2583/290 2547/2568/285
f 2549/526/291 165/519/294 2548/523/293 3589/527/292
f 166/88/258 2552/92/295 3590/93/296 2530/89/257
f 2530/3310/257 3590/3313/296 2550/3311/297 639/3308/254
f 3590/3313/296 2551/3314/298 897/3315/299 2550/3311/297
f 2552/92/295 647/96/300 2551/97/298 3590/93/296
f 639/3308/254 2550/3311/297 3591/3312/301 2528/3309/252
f 2528/4988/252 3591/4989/301 2542/4985/275 226/4984/253
f 3591/4989/301 2553/4992/302 645/4990/280 2542/4985/275
f 2550/4993/297 897/4994/299 2553/4992/302 3591/4989/301
f 897/2608/299 2555/2609/303 3592/2596/304 2553/2595/302
f 2553/2595/302 3592/2596/304 2549/2581/291 645/2580/280
f 3592/4995/304 2554/4996/305 165/4997/294 2549/4998/291
f 2555/4999/303 646/5000/306 2554/4996/305 3592/4995/304
f 647/96/300 2557/99/307 3593/100/308 2551/97/298
f 2551/97/298 3593/100/308 2555/105/303 897/106/299
f 3593/5001/308 2556/5002/309 646/5000/306 2555/4999/303
f 2557/99/307 7/103/310 2556/104/309 3593/100/308
f 5/2503/153 2534/2514/264 3594/2527/311 2521/2515/238
f 2521/2515/238 3594/2527/311 2558/2543/312 637/2528/236
f 3594/2527/311 2559/2542/313 898/2555/314 2558/2543/312
f 2534/2514/264 641/2526/266 2559/2542/313 3594/2527/311
f 637/2528/236 2558/2543/312 3595/2556/315 2519/2544/235
f 2519/2544/235 3595/2556/315 2560/2574/316 163/2557/226
f 3595/2556/315 2561/2573/317 648/2589/318 2560/2574/316
f 2558/2543/312 898/2555/314 2561/2573/317 3595/2556/315
f 898/2555/314 2564/2572/319 3596/2588/320 2561/2573/317
f 2561/2573/317 3596/2588/320 2562/2604/321 648/2589/318
f 3596/2588/320 2563/2603/322 227/2617/323 2562/2604/321
f 2564/2572/319 649/2587/324 2563/2603/322 3596/2588/320
f 641/2526/266 2536/2541/269 3597/2554/325 2559/2542/313
f 2559/2542/313 3597/2554/325 2564/2572/319 898/2555/314
f 3597/2554/325 2565/2571/326 649/2587/324 2564/2572/319
f 2536/2541/269 164/2553/271 2565/2571/326 3597/2554/325
f 163/2557/226 2560/2574/316 3598/2590/327 2514/2575/225
f 2514/2575/225 3598/2590/327 2566/2606/328 635/2591/222
f 3598/2590/327 2567/2605/329 899/2619/330 2566/2606/328
f 2560/2574/316 648/2589/318 2567/2605/329 3598/2590/327
f 635/2591/222 2566/2606/328 3599/2620/331 2512/2607/220
f 2512/2607/220 3599/2620/331 2568/2633/332 6/2634/221
f 3599/5003/331 2569/5004/333 650/5005/334 2568/5006/332
f 2566/2606/328 899/2619/330 2569/2632/333 3599/2620/331
f 899/5009/330 2572/5010/335 3600/5011/336 2569/5012/333
f 2569/1939/333 3600/1940/336 2570/1937/337 650/1936/334
f 3600/5011/336 2571/5016/338 167/5018/339 2570/5019/337
f 2572/5010/335 651/5015/340 2571/5016/338 3600/5011/336
f 648/2589/318 2562/2604/321 3601/2618/341 2567/2605/329
f 2567/5013/329 3601/5014/341 2572/5010/335 899/5009/330
f 3601/5014/341 2573/5017/342 651/5015/340 2572/5010/335
f 2562/2604/321 227/2617/323 2573/2631/342 3601/2618/341
f 227/2617/323 2576/2630/343 3602/2644/344 2573/2631/342
f 2573/2631/342 3602/2644/344 2574/2655/345 651/2656/340
f 3602/5033/344 2575/5034/346 900/5030/347 2574/5029/345
f 2576/2630/343 654/2643/348 2575/2654/346 3602/2644/344
f 651/2656/340 2574/2655/345 3603/2667/349 2571/2668/338
f 2571/5016/338 3603/5020/349 2577/5021/350 167/5018/339
f 3603/2667/349 2578/2693/351 652/2705/352 2577/2720/350
f 2574/5029/345 900/5030/347 2578/5031/351 3603/5032/349
f 900/2680/347 2581/2679/353 3604/2692/354 2578/2693/351
f 2578/2693/351 3604/2692/354 2579/2704/355 652/2705/352
f 3604/2692/354 2580/2703/356 9/2719/357 2579/2704/355
f 2581/2679/353 653/2691/358 2580/2703/356 3604/2692/354
f 654/2643/348 2583/2653/359 3605/2666/360 2575/2654/346
f 2575/2654/346 3605/2666/360 2581/2679/353 900/2680/347
f 3605/2666/360 2582/2678/361 653/2691/358 2581/2679/353
f 2583/2653/359 168/2665/362 2582/2678/361 3605/2666/360
f 164/2553/271 2543/2570/282 3606/2586/363 2565/2571/326
f 2565/2571/326 3606/2586/363 2584/2602/364 649/2587/324
f 3606/2586/363 2585/2601/365 901/2615/366 2584/2602/364
f 2543/2570/282 643/2585/284 2585/2601/365 3606/2586/363
f 649/2587/324 2584/2602/364 3607/2616/367 2563/2603/322
f 2563/2603/322 3607/2616/367 2576/2630/343 227/2617/323
f 3607/2616/367 2586/2629/368 654/2643/348 2576/2630/343
f 2584/2602/364 901/2615/366 2586/2629/368 3607/2616/367
f 901/2615/366 2588/2628/369 3608/2642/370 2586/2629/368
f 2586/2629/368 3608/2642/370 2583/2653/359 654/2643/348
f 3608/2642/370 2587/2652/371 168/2665/362 2583/2653/359
f 2588/2628/369 655/2641/372 2587/2652/371 3608/2642/370
f 643/2585/284 2545/2600/287 3609/2614/373 2585/2601/365
f 2585/2601/365 3609/2614/373 2588/2628/369 901/2615/366
f 3609/2614/373 2589/2627/374 655/2641/372 2588/2628/369
f 2545/2600/287 8/2613/289 2589/2627/374 3609/2614/373
f 7/103/310 2592/110/375 3610/111/376 2556/104/309
f 2556/3316/309 3610/3317/376 2590/3318/377 646/3319/306
f 3610/111/376 2591/116/378 902/122/379 2590/123/377
f 2592/110/375 658/115/380 2591/116/378 3610/111/376
f 646/3319/306 2590/3318/377 3611/3320/381 2554/3321/305
f 2554/516/305 3611/517/381 2593/518/382 165/519/294
f 3611/517/381 2594/520/383 656/521/384 2593/518/382
f 2590/3318/377 902/3322/379 2594/3323/383 3611/3320/381
f 902/3322/379 2597/3324/385 3612/3325/386 2594/3323/383
f 2594/520/383 3612/524/386 2595/525/387 656/521/384
f 3612/5035/386 2596/5036/388 228/5037/389 2595/5038/387
f 2597/5039/385 657/5040/390 2596/5036/388 3612/5035/386
f 658/5051/380 2599/5052/391 3613/5053/392 2591/5054/378
f 2591/5054/378 3613/5053/392 2597/5057/385 902/5058/379
f 3613/5043/392 2598/5044/393 657/5040/390 2597/5039/385
f 2599/5045/391 171/5046/394 2598/5044/393 3613/5043/392
f 165/519/294 2593/518/382 3614/522/395 2548/523/293
f 2548/2582/293 3614/2597/395 2600/2598/396 644/2583/290
f 3614/2597/395 2601/2610/397 903/2611/398 2600/2598/396
f 2593/2621/382 656/2622/384 2601/2610/397 3614/2597/395
f 644/2583/290 2600/2598/396 3615/2612/399 2546/2599/288
f 2546/2599/288 3615/2612/399 2602/2626/400 8/2613/289
f 3615/2612/399 2603/2625/401 659/2639/402 2602/2626/400
f 2600/2598/396 903/2611/398 2603/2625/401 3615/2612/399
f 903/2611/398 2606/2624/403 3616/2638/404 2603/2625/401
f 2603/2625/401 3616/2638/404 2604/2649/405 659/2639/402
f 3616/2638/404 2605/2648/406 169/2661/407 2604/2649/405
f 2606/2624/403 660/2637/408 2605/2648/406 3616/2638/404
f 656/2622/384 2595/2635/387 3617/2623/409 2601/2610/397
f 2601/2610/397 3617/2623/409 2606/2624/403 903/2611/398
f 3617/2623/409 2607/2636/410 660/2637/408 2606/2624/403
f 2595/2635/387 228/2645/389 2607/2636/410 3617/2623/409
f 228/2645/389 2610/2657/411 3618/2646/412 2607/2636/410
f 2607/2636/410 3618/2646/412 2608/2647/413 660/2637/408
f 3618/2646/412 2609/2658/414 904/2659/415 2608/2647/413
f 2610/2657/411 663/2669/416 2609/2658/414 3618/2646/412
f 660/2637/408 2608/2647/413 3619/2660/417 2605/2648/406
f 2605/2648/406 3619/2660/417 2611/2673/418 169/2661/407
f 3619/2660/417 2612/2672/419 661/2685/420 2611/2673/418
f 2608/2647/413 904/2659/415 2612/2672/419 3619/2660/417
f 904/2659/415 2615/2671/421 3620/2684/422 2612/2672/419
f 2612/2672/419 3620/2684/422 2613/2698/423 661/2685/420
f 3620/2684/422 2614/2697/424 11/2712/425 2613/2698/423
f 2615/2671/421 662/2683/426 2614/2697/424 3620/2684/422
f 663/2669/416 2617/2681/427 3621/2670/428 2609/2658/414
f 2609/2658/414 3621/2670/428 2615/2671/421 904/2659/415
f 3621/2670/428 2616/2682/429 662/2683/426 2615/2671/421
f 2617/2681/427 170/2694/430 2616/2682/429 3621/2670/428
f 171/528/394 2620/529/431 3622/530/432 2598/531/393
f 2598/3326/393 3622/3327/432 2618/3328/433 657/3329/390
f 3622/530/432 2619/535/434 905/539/435 2618/540/433
f 2620/529/431 665/534/436 2619/535/434 3622/530/432
f 657/3329/390 2618/3328/433 3623/3330/437 2596/3331/388
f 2596/5036/388 3623/5041/437 2610/5042/411 228/5037/389
f 3623/5061/437 2621/5062/438 663/5063/416 2610/5064/411
f 2618/3328/433 905/3332/435 2621/3333/438 3623/3330/437
f 905/5067/435 2623/5068/439 3624/5065/440 2621/5062/438
f 2621/5062/438 3624/5065/440 2617/5066/427 663/5063/416
f 3624/2706/440 2622/2707/441 170/2694/430 2617/2681/427
f 2623/5078/439 664/5077/442 2622/5081/441 3624/5082/440
f 665/5071/436 2625/5072/443 3625/5070/444 2619/5069/434
f 2619/5069/434 3625/5070/444 2623/5068/439 905/5067/435
f 3625/5075/444 2624/5076/445 664/5077/442 2623/5078/439
f 2625/5079/443 10/5080/446 2624/5076/445 3625/5075/444
f 8/2613/289 2602/2626/400 3626/2640/447 2589/2627/374
f 2589/2627/374 3626/2640/447 2626/2651/448 655/2641/372
f 3626/2640/447 2627/2650/449 906/2663/450 2626/2651/448
f 2602/2626/400 659/2639/402 2627/2650/449 3626/2640/447
f 655/2641/372 2626/2651/448 3627/2664/451 2587/2652/371
f 2587/2652/371 3627/2664/451 2628/2677/452 168/2665/362
f 3627/2664/451 2629/2676/453 666/2689/454 2628/2677/452
f 2626/2651/448 906/2663/450 2629/2676/453 3627/2664/451
f 906/2663/450 2632/2675/455 3628/2688/456 2629/2676/453
f 2629/2676/453 3628/2688/456 2630/2702/457 666/2689/454
f 3628/2688/456 2631/2701/458 229/2716/459 2630/2702/457
f 2632/2675/455 667/2687/460 2631/2701/458 3628/2688/456
f 659/2639/402 2604/2649/405 3629/2662/461 2627/2650/449
f 2627/2650/449 3629/2662/461 2632/2675/455 906/2663/450
f 3629/2662/461 2633/2674/462 667/2687/460 2632/2675/455
f 2604/2649/405 169/2661/407 2633/2674/462 3629/2662/461
f 168/2665/362 2628/2677/452 3630/2690/463 2582/2678/361
f 2582/5114/361 3630/5106/463 2634/5109/464 653/5115/358
f 3630/5106/463 2635/5107/465 907/5108/466 2634/5109/464
f 2628/5110/452 666/5111/454 2635/5107/465 3630/5106/463
f 653/2691/358 2634/2717/464 3631/2718/467 2580/2703/356
f 2580/2703/356 3631/2718/467 2636/2732/468 9/2719/357
f 3631/5116/467 2637/5117/469 668/5118/470 2636/5119/468
f 2634/2717/464 907/2730/466 2637/2731/469 3631/2718/467
f 907/2730/466 2640/2742/471 3632/2743/472 2637/2731/469
f 2637/2731/469 3632/2743/472 2638/2754/473 668/2755/470
f 3632/2743/472 2639/2753/474 172/2766/475 2638/2754/473
f 2640/2742/471 669/2752/476 2639/2753/474 3632/2743/472
f 666/561/454 2630/556/457 3633/557/477 2635/562/465
f 2635/5107/465 3633/5112/477 2640/5113/471 907/5108/466
f 3633/557/477 2641/551/478 669/555/476 2640/560/471
f 2630/556/457 229/548/459 2641/551/478 3633/557/477
f 229/548/459 2644/549/479 3634/550/480 2641/551/478
f 2641/551/478 3634/550/480 2642/554/481 669/555/476
f 3634/5120/480 2643/5121/482 908/5122/483 2642/5123/481
f 2644/549/479 672/552/484 2643/553/482 3634/550/480
f 669/2752/476 2642/2764/481 3635/2765/485 2639/2753/474
f 2639/2753/474 3635/2765/485 2645/2777/486 172/2766/475
f 3635/5125/485 2646/5124/487 670/5126/488 2645/5127/486
f 2642/5123/481 908/5122/483 2646/5124/487 3635/5125/485
f 908/2845/483 2649/2846/489 3636/2829/490 2646/2828/487
f 2646/2828/487 3636/2829/490 2647/2815/491 670/2801/488
f 3636/2829/490 2648/2847/492 12/2830/493 2647/2815/491
f 2649/2846/489 671/2865/494 2648/2847/492 3636/2829/490
f 672/552/484 2651/558/495 3637/559/496 2643/553/482
f 2643/553/482 3637/559/496 2649/565/489 908/566/483
f 3637/559/496 2650/564/497 671/569/494 2649/565/489
f 2651/558/495 173/563/498 2650/564/497 3637/559/496
f 169/2661/407 2611/2673/418 3638/2686/499 2633/2674/462
f 2633/2674/462 3638/2686/499 2652/2700/500 667/2687/460
f 3638/2686/499 2653/2699/501 909/2714/502 2652/2700/500
f 2611/2673/418 661/2685/420 2653/2699/501 3638/2686/499
f 667/2687/460 2652/2700/500 3639/2715/503 2631/2701/458
f 2631/2701/458 3639/2715/503 2644/2729/479 229/2716/459
f 3639/2715/503 2654/2728/504 672/2741/484 2644/2729/479
f 2652/2700/500 909/2714/502 2654/2728/504 3639/2715/503
f 909/2714/502 2656/2727/505 3640/2740/506 2654/2728/504
f 2654/2728/504 3640/2740/506 2651/2751/495 672/2741/484
f 3640/2740/506 2655/2750/507 173/2763/498 2651/2751/495
f 2656/2727/505 673/2739/508 2655/2750/507 3640/2740/506
f 661/2685/420 2613/2698/423 3641/2713/509 2653/2699/501
f 2653/2699/501 3641/2713/509 2656/2727/505 909/2714/502
f 3641/2713/509 2657/2726/510 673/2739/508 2656/2727/505
f 2613/2698/423 11/2712/425 2657/2726/510 3641/2713/509
f 10/2375/446 2660/2374/511 3642/2376/512 2624/2377/445
f 2624/2377/445 3642/2376/512 2658/2378/513 664/2379/442
f 3642/5128/512 2659/5129/514 910/5130/515 2658/5131/513
f 2660/5132/511 676/5133/516 2659/5129/514 3642/5128/512
f 664/5077/442 2658/5085/513 3643/5086/517 2622/5081/441
f 2622/5081/441 3643/5086/517 2661/5089/518 170/5090/430
f 3643/5086/517 2662/5093/519 674/5094/520 2661/5089/518
f 2658/5140/513 910/5141/515 2662/5142/519 3643/5143/517
f 910/5144/515 2665/5145/521 3644/5146/522 2662/5147/519
f 2662/5093/519 3644/5097/522 2663/5098/523 674/5094/520
f 3644/5097/522 2664/5099/524 230/5100/525 2663/5098/523
f 2665/3334/521 675/3335/526 2664/3336/524 3644/3337/522
f 676/3348/516 2667/3342/527 3645/3338/528 2659/3349/514
f 2659/5148/514 3645/5149/528 2665/5145/521 910/5144/515
f 3645/3338/528 2666/3339/529 675/3335/526 2665/3334/521
f 2667/3342/527 176/3343/530 2666/3339/529 3645/3338/528
f 170/2694/430 2661/2708/518 3646/2695/531 2616/2682/429
f 2616/2682/429 3646/2695/531 2668/2696/532 662/2683/426
f 3646/2695/531 2669/2709/533 911/2710/534 2668/2696/532
f 2661/2708/518 674/2721/520 2669/2709/533 3646/2695/531
f 662/2683/426 2668/2696/532 3647/2711/535 2614/2697/424
f 2614/2697/424 3647/2711/535 2670/2725/536 11/2712/425
f 3647/2711/535 2671/2724/537 677/2737/538 2670/2725/536
f 2668/2696/532 911/2710/534 2671/2724/537 3647/2711/535
f 911/2710/534 2674/2723/539 3648/2736/540 2671/2724/537
f 2671/2724/537 3648/2736/540 2672/2747/541 677/2737/538
f 3648/2736/540 2673/2746/542 174/2759/543 2672/2747/541
f 2674/2723/539 678/2735/544 2673/2746/542 3648/2736/540
f 674/2721/520 2663/2733/523 3649/2722/545 2669/2709/533
f 2669/2709/533 3649/2722/545 2674/2723/539 911/2710/534
f 3649/2722/545 2675/2734/546 678/2735/544 2674/2723/539
f 2663/5098/523 230/5100/525 2675/5103/546 3649/5104/545
f 230/5100/525 2678/5102/547 3650/5105/548 2675/5103/546
f 2675/2734/546 3650/2744/548 2676/2745/549 678/2735/544
f 3650/2744/548 2677/2756/550 912/2757/551 2676/2745/549
f 2678/5159/547 681/5158/552 2677/5162/550 3650/5163/548
f 678/2735/544 2676/2745/549 3651/2758/553 2673/2746/542
f 2673/2746/542 3651/2758/553 2679/2772/554 174/2759/543
f 3651/2758/553 2680/2771/555 679/2784/556 2679/2772/554
f 2676/2745/549 912/2757/551 2680/2771/555 3651/2758/553
f 912/2757/551 2683/2770/557 3652/2783/558 2680/2771/555
f 2680/2771/555 3652/2783/558 2681/2794/559 679/2784/556
f 3652/2783/558 2682/2793/560 14/2809/561 2681/2794/559
f 2683/2770/557 680/2782/562 2682/2793/560 3652/2783/558
f 681/2779/552 2685/2780/563 3653/2769/564 2677/2756/550
f 2677/2756/550 3653/2769/564 2683/2770/557 912/2757/551
f 3653/2769/564 2684/2781/565 680/2782/562 2683/2770/557
f 2685/2780/563 175/2790/566 2684/2781/565 3653/2769/564
f 176/3343/530 2688/3347/567 3654/3344/568 2666/3339/529
f 2666/3339/529 3654/3344/568 2686/3340/569 675/3335/526
f 3654/3344/568 2687/3350/570 913/3345/571 2686/3340/569
f 2688/5150/567 683/5151/572 2687/5152/570 3654/5153/568
f 675/3335/526 2686/3340/569 3655/3341/573 2664/3336/524
f 2664/5099/524 3655/5101/573 2678/5102/547 230/5100/525
f 3655/5156/573 2689/5157/574 681/5158/552 2678/5159/547
f 2686/3340/569 913/3345/571 2689/3346/574 3655/3341/573
f 913/3345/571 2691/3351/575 3656/3352/576 2689/3346/574
f 2689/5157/574 3656/5160/576 2685/5161/563 681/5158/552
f 3656/573/576 2690/572/577 175/574/566 2685/575/563
f 2691/570/575 682/571/578 2690/572/577 3656/573/576
f 683/5164/572 2693/5165/579 3657/5166/580 2687/5167/570
f 2687/5167/570 3657/5166/580 2691/5170/575 913/5171/571
f 3657/3353/580 2692/3354/581 682/3355/578 2691/3356/575
f 2693/584/579 13/576/582 2692/579/581 3657/585/580
f 11/2712/425 2670/2725/536 3658/2738/583 2657/2726/510
f 2657/2726/510 3658/2738/583 2694/2749/584 673/2739/508
f 3658/2738/583 2695/2748/585 914/2761/586 2694/2749/584
f 2670/2725/536 677/2737/538 2695/2748/585 3658/2738/583
f 673/2739/508 2694/2749/584 3659/2762/587 2655/2750/507
f 2655/2750/507 3659/2762/587 2696/2776/588 173/2763/498
f 3659/2762/587 2697/2775/589 684/2788/590 2696/2776/588
f 2694/2749/584 914/2761/586 2697/2775/589 3659/2762/587
f 914/2761/586 2700/2774/591 3660/2787/592 2697/2775/589
f 2697/2775/589 3660/2787/592 2698/2798/593 684/2788/590
f 3660/2787/592 2699/2797/594 231/2813/595 2698/2798/593
f 2700/2774/591 685/2786/596 2699/2797/594 3660/2787/592
f 677/2737/538 2672/2747/541 3661/2760/597 2695/2748/585
f 2695/2748/585 3661/2760/597 2700/2774/591 914/2761/586
f 3661/2760/597 2701/2773/598 685/2786/596 2700/2774/591
f 2672/2747/541 174/2759/543 2701/2773/598 3661/2760/597
f 173/563/498 2696/567/588 3662/568/599 2650/564/497
f 2650/5184/497 3662/5185/599 2702/5186/600 671/5187/494
f 3662/5185/599 2703/5188/601 915/5189/602 2702/5186/600
f 2696/2776/588 684/2788/590 2703/2799/601 3662/2800/599
f 671/2865/494 2702/2863/600 3663/2864/603 2648/2847/492
f 2648/2847/492 3663/2864/603 2704/2866/604 12/2830/493
f 3663/5190/603 2705/5191/605 686/5192/606 2704/5193/604
f 2702/2863/600 915/2827/602 2705/2844/605 3663/2864/603
f 915/2827/602 2708/2826/607 3664/2843/608 2705/2844/605
f 2705/2844/605 3664/2843/608 2706/2861/609 686/2862/606
f 3664/1280/608 2707/1276/610 177/1269/611 2706/1281/609
f 2708/2826/607 687/2842/612 2707/2860/610 3664/2843/608
f 684/2788/590 2698/2798/593 3665/2814/613 2703/2799/601
f 2703/2799/601 3665/2814/613 2708/2826/607 915/2827/602
f 3665/2814/613 2709/2841/614 687/2842/612 2708/2826/607
f 2698/5200/593 231/5201/595 2709/5202/614 3665/5203/613
f 231/2813/595 2712/2825/615 3666/2840/616 2709/2841/614
f 2709/2841/614 3666/2840/616 2710/2859/617 687/2842/612
f 3666/2840/616 2711/2858/618 916/2876/619 2710/2859/617
f 2712/2825/615 690/2839/620 2711/2858/618 3666/2840/616
f 687/2842/612 2710/2859/617 3667/2877/621 2707/2860/610
f 2707/1276/610 3667/1277/621 2713/1270/622 177/1269/611
f 3667/2877/621 2714/2889/623 688/2903/624 2713/2904/622
f 2710/2859/617 916/2876/619 2714/2889/623 3667/2877/621
f 916/2876/619 2717/2888/625 3668/2902/626 2714/2889/623
f 2714/2889/623 3668/2902/626 2715/2917/627 688/2903/624
f 3668/2902/626 2716/2916/628 15/2933/629 2715/2917/627
f 2717/2888/625 689/2901/630 2716/2916/628 3668/2902/626
f 690/5204/620 2719/5205/631 3669/5206/632 2711/5207/618
f 2711/2858/618 3669/2887/632 2717/2888/625 916/2876/619
f 3669/2887/632 2718/2900/633 689/2901/630 2717/2888/625
f 2719/5205/631 178/5208/634 2718/5209/633 3669/5206/632
f 174/2759/543 2679/2772/554 3670/2785/635 2701/2773/598
f 2701/2773/598 3670/2785/635 2720/2796/636 685/2786/596
f 3670/2785/635 2721/2795/637 917/2811/638 2720/2796/636
f 2679/2772/554 679/2784/556 2721/2795/637 3670/2785/635
f 685/2786/596 2720/2796/636 3671/2812/639 2699/2797/594
f 2699/2797/594 3671/2812/639 2712/2825/615 231/2813/595
f 3671/2812/639 2722/2824/640 690/2839/620 2712/2825/615
f 2720/2796/636 917/2811/638 2722/2824/640 3671/2812/639
f 917/2811/638 2724/2823/641 3672/2838/642 2722/2824/640
f 2722/2824/640 3672/2838/642 2719/2857/631 690/2839/620
f 3672/2838/642 2723/2856/643 178/2875/634 2719/2857/631
f 2724/2823/641 691/2837/644 2723/2856/643 3672/2838/642
f 679/2784/556 2681/2794/559 3673/2810/645 2721/2795/637
f 2721/2795/637 3673/2810/645 2724/2823/641 917/2811/638
f 3673/2810/645 2725/2822/646 691/2837/644 2724/2823/641
f 2681/2794/559 14/2809/561 2725/2822/646 3673/2810/645
f 13/576/582 2728/577/647 3674/578/648 2692/579/581
f 2692/3354/581 3674/3357/648 2726/3358/649 682/3355/578
f 3674/3357/648 2727/3359/650 918/3360/651 2726/3358/649
f 2728/577/647 694/582/652 2727/583/650 3674/578/648
f 682/3355/578 2726/3358/649 3675/3361/653 2690/3362/577
f 2690/5210/577 3675/5211/653 2729/5212/654 175/5213/566
f 3675/5211/653 2730/5214/655 692/5215/656 2729/5212/654
f 2726/5216/649 918/5217/651 2730/5214/655 3675/5211/653
f 918/3360/651 2733/3364/657 3676/3365/658 2730/3366/655
f 2730/5220/655 3676/5221/658 2731/5222/659 692/5223/656
f 3676/5221/658 2732/5224/660 232/5225/661 2731/5222/659
f 2733/5228/657 693/5229/662 2732/5224/660 3676/5221/658
f 694/582/652 2735/590/663 3677/591/664 2727/583/650
f 2727/3359/650 3677/3363/664 2733/3364/657 918/3360/651
f 3677/5232/664 2734/5233/665 693/5229/662 2733/5228/657
f 2735/590/663 181/597/666 2734/598/665 3677/591/664
f 175/2790/566 2729/2805/654 3678/2791/667 2684/2781/565
f 2684/2781/565 3678/2791/667 2736/2792/668 680/2782/562
f 3678/2791/667 2737/2806/669 919/2807/670 2736/2792/668
f 2729/5212/654 692/5215/656 2737/5218/669 3678/5219/667
f 680/2782/562 2736/2792/668 3679/2808/671 2682/2793/560
f 2682/2793/560 3679/2808/671 2738/2821/672 14/2809/561
f 3679/2808/671 2739/2820/673 695/2835/674 2738/2821/672
f 2736/2792/668 919/2807/670 2739/2820/673 3679/2808/671
f 919/2807/670 2742/2819/675 3680/2834/676 2739/2820/673
f 2739/2820/673 3680/2834/676 2740/2853/677 695/2835/674
f 3680/2834/676 2741/2852/678 179/2871/679 2740/2853/677
f 2742/2819/675 696/2833/680 2741/2852/678 3680/2834/676
f 692/5223/656 2731/5222/659 3681/5226/681 2737/5227/669
f 2737/2806/669 3681/2818/681 2742/2819/675 919/2807/670
f 3681/2818/681 2743/2832/682 696/2833/680 2742/2819/675
f 2731/2848/659 232/2849/661 2743/2832/682 3681/2818/681
f 232/2849/661 2746/2867/683 3682/2850/684 2743/2832/682
f 2743/2832/682 3682/2850/684 2744/2851/685 696/2833/680
f 3682/2850/684 2745/2868/686 920/2869/687 2744/2851/685
f 2746/2867/683 699/2878/688 2745/2868/686 3682/2850/684
f 696/2833/680 2744/2851/685 3683/2870/689 2741/2852/678
f 2741/2852/678 3683/2870/689 2747/2882/690 179/2871/679
f 3683/2870/689 2748/2881/691 697/2894/692 2747/2882/690
f 2744/2851/685 920/2869/687 2748/2881/691 3683/2870/689
f 920/2869/687 2751/2880/693 3684/2893/694 2748/2881/691
f 2748/2881/691 3684/2893/694 2749/2909/695 697/2894/692
f 3684/2893/694 2750/2908/696 17/2926/697 2749/2909/695
f 2751/2880/693 698/2892/698 2750/2908/696 3684/2893/694
f 699/2878/688 2753/2890/699 3685/2879/700 2745/2868/686
f 2745/2868/686 3685/2879/700 2751/2880/693 920/2869/687
f 3685/2879/700 2752/2891/701 698/2892/698 2751/2880/693
f 2753/2890/699 180/2905/702 2752/2891/701 3685/2879/700
f 181/597/666 2756/603/703 3686/604/704 2734/598/665
f 2734/598/665 3686/604/704 2754/609/705 693/610/662
f 3686/5234/704 2755/5235/706 921/5236/707 2754/5237/705
f 2756/603/703 701/607/708 2755/608/706 3686/604/704
f 693/3367/662 2754/3368/705 3687/3369/709 2732/3370/660
f 2732/5224/660 3687/5230/709 2746/5231/683 232/5225/661
f 3687/636/709 2757/629/710 699/633/688 2746/637/683
f 2754/5237/705 921/5236/707 2757/5238/710 3687/5239/709
f 921/626/707 2759/627/711 3688/628/712 2757/629/710
f 2757/629/710 3688/628/712 2753/632/699 699/633/688
f 3688/2920/712 2758/2921/713 180/2905/702 2753/2890/699
f 2759/627/711 700/630/714 2758/631/713 3688/628/712
f 701/607/708 2761/612/715 3689/613/716 2755/608/706
f 2755/3371/706 3689/3372/716 2759/3373/711 921/3374/707
f 3689/3372/716 2760/3375/717 700/3376/714 2759/3373/711
f 2761/612/715 16/617/718 2760/618/717 3689/613/716
f 14/2809/561 2738/2821/672 3690/2836/719 2725/2822/646
f 2725/2822/646 3690/2836/719 2762/2855/720 691/2837/644
f 3690/2836/719 2763/2854/721 922/2873/722 2762/2855/720
f 2738/2821/672 695/2835/674 2763/2854/721 3690/2836/719
f 691/2837/644 2762/2855/720 3691/2874/723 2723/2856/643
f 2723/2856/643 3691/2874/723 2764/2886/724 178/2875/634
f 3691/2874/723 2765/2885/725 702/2898/726 2764/2886/724
f 2762/2855/720 922/2873/722 2765/2885/725 3691/2874/723
f 922/2873/722 2768/2884/727 3692/2897/728 2765/2885/725
f 2765/2885/725 3692/2897/728 2766/2913/729 702/2898/726
f 3692/2897/728 2767/2912/730 233/2930/731 2766/2913/729
f 2768/2884/727 703/2896/732 2767/2912/730 3692/2897/728
f 695/2835/674 2740/2853/677 3693/2872/733 2763/2854/721
f 2763/2854/721 3693/2872/733 2768/2884/727 922/2873/722
f 3693/2872/733 2769/2883/734 703/2896/732 2768/2884/727
f 2740/2853/677 179/2871/679 2769/2883/734 3693/2872/733
f 178/2875/634 2764/2886/724 3694/2899/735 2718/2900/633
f 2718/2900/633 3694/2899/735 2770/2915/736 689/2901/630
f 3694/2899/735 2771/2914/737 923/2931/738 2770/2915/736
f 2764/2886/724 702/2898/726 2771/2914/737 3694/2899/735
f 689/2901/630 2770/2915/736 3695/2932/739 2716/2916/628
f 2716/2916/628 3695/2932/739 2772/2947/740 15/2933/629
f 3695/2932/739 2773/2946/741 704/2959/742 2772/2947/740
f 2770/2915/736 923/2931/738 2773/2946/741 3695/2932/739
f 923/2931/738 2776/2945/743 3696/2958/744 2773/2946/741
f 2773/5240/741 3696/5241/744 2774/5242/745 704/5243/742
f 3696/2958/744 2775/2971/746 182/2986/747 2774/2987/745
f 2776/2945/743 705/2970/748 2775/2971/746 3696/2958/744
f 702/5244/726 2766/5245/729 3697/5246/749 2771/5247/737
f 2771/2914/737 3697/2944/749 2776/2945/743 923/2931/738
f 3697/5248/749 2777/5249/750 705/5250/748 2776/5251/743
f 2766/658/729 233/650/731 2777/653/750 3697/659/749
f 233/650/731 2780/651/751 3698/652/752 2777/653/750
f 2777/653/750 3698/652/752 2778/656/753 705/657/748
f 3698/652/752 2779/655/754 924/662/755 2778/656/753
f 2780/651/751 708/654/756 2779/655/754 3698/652/752
f 705/2970/748 2778/2984/753 3699/2985/757 2775/2971/746
f 2775/2971/746 3699/2985/757 2781/3001/758 182/2986/747
f 3699/2985/757 2782/3000/759 706/3016/760 2781/3001/758
f 2778/2984/753 924/2999/755 2782/3000/759 3699/2985/757
f 924/2999/755 2785/3014/761 3700/3015/762 2782/3000/759
f 2782/3000/759 3700/3015/762 2783/3034/763 706/3016/760
f 3700/3015/762 2784/3033/764 18/3048/765 2783/3034/763
f 2785/3014/761 707/3032/766 2784/3033/764 3700/3015/762
f 708/654/756 2787/660/767 3701/661/768 2779/655/754
f 2779/655/754 3701/661/768 2785/665/761 924/662/755
f 3701/661/768 2786/664/769 707/668/766 2785/665/761
f 2787/660/767 183/663/770 2786/664/769 3701/661/768
f 179/2871/679 2747/2882/690 3702/2895/771 2769/2883/734
f 2769/2883/734 3702/2895/771 2788/2911/772 703/2896/732
f 3702/2895/771 2789/2910/773 925/2928/774 2788/2911/772
f 2747/2882/690 697/2894/692 2789/2910/773 3702/2895/771
f 703/2896/732 2788/2911/772 3703/2929/775 2767/2912/730
f 2767/2912/730 3703/2929/775 2780/2943/751 233/2930/731
f 3703/2929/775 2790/2942/776 708/2957/756 2780/2943/751
f 2788/2911/772 925/2928/774 2790/2942/776 3703/2929/775
f 925/2928/774 2792/2941/777 3704/2956/778 2790/2942/776
f 2790/2942/776 3704/2956/778 2787/2969/767 708/2957/756
f 3704/2956/778 2791/2968/779 183/2983/770 2787/2969/767
f 2792/2941/777 709/2955/780 2791/2968/779 3704/2956/778
f 697/2894/692 2749/2909/695 3705/2927/781 2789/2910/773
f 2789/2910/773 3705/2927/781 2792/2941/777 925/2928/774
f 3705/2927/781 2793/2940/782 709/2955/780 2792/2941/777
f 2749/2909/695 17/2926/697 2793/2940/782 3705/2927/781
f 16/3379/718 2796/3380/783 3706/3377/784 2760/3375/717
f 2760/3375/717 3706/3377/784 2794/3378/785 700/3376/714
f 3706/3377/784 2795/3381/786 926/3382/787 2794/3378/785
f 2796/3380/783 712/3383/788 2795/3381/786 3706/3377/784
f 700/630/714 2794/634/785 3707/635/789 2758/631/713
f 2758/2921/713 3707/2934/789 2797/2922/790 180/2905/702
f 3707/2934/789 2798/2948/791 710/2935/792 2797/2922/790
f 2794/634/785 926/638/787 2798/639/791 3707/635/789
f 926/638/787 2801/640/793 3708/641/794 2798/639/791
f 2798/2948/791 3708/2960/794 2799/2949/795 710/2935/792
f 3708/2960/794 2800/2974/796 234/2961/797 2799/2949/795
f 2801/640/793 711/642/798 2800/643/796 3708/641/794
f 712/3383/788 2803/3386/799 3709/3384/800 2795/3381/786
f 2795/3381/786 3709/3384/800 2801/3385/793 926/3382/787
f 3709/3384/800 2802/3387/801 711/3388/798 2801/3385/793
f 2803/3386/799 186/3389/802 2802/3387/801 3709/3384/800
f 180/2905/702 2797/2922/790 3710/2906/803 2752/2891/701
f 2752/2891/701 3710/2906/803 2804/2907/804 698/2892/698
f 3710/2906/803 2805/2923/805 927/2924/806 2804/2907/804
f 2797/2922/790 710/2935/792 2805/2923/805 3710/2906/803
f 698/2892/698 2804/2907/804 3711/2925/807 2750/2908/696
f 2750/2908/696 3711/2925/807 2806/2939/808 17/2926/697
f 3711/2925/807 2807/2938/809 713/2953/810 2806/2939/808
f 2804/2907/804 927/2924/806 2807/2938/809 3711/2925/807
f 927/2924/806 2810/2937/811 3712/2952/812 2807/2938/809
f 2807/2938/809 3712/2952/812 2808/2965/813 713/2953/810
f 3712/2952/812 2809/2964/814 184/2979/815 2808/2965/813
f 2810/2937/811 714/2951/816 2809/2964/814 3712/2952/812
f 710/2935/792 2799/2949/795 3713/2936/817 2805/2923/805
f 2805/2923/805 3713/2936/817 2810/2937/811 927/2924/806
f 3713/2936/817 2811/2950/818 714/2951/816 2810/2937/811
f 2799/2949/795 234/2961/797 2811/2950/818 3713/2936/817
f 234/2961/797 2814/2975/819 3714/2962/820 2811/2950/818
f 2811/2950/818 3714/2962/820 2812/2963/821 714/2951/816
f 3714/2962/820 2813/2976/822 928/2977/823 2812/2963/821
f 2814/2975/819 717/2990/824 2813/2976/822 3714/2962/820
f 714/2951/816 2812/2963/821 3715/2978/825 2809/2964/814
f 2809/2964/814 3715/2978/825 2815/2994/826 184/2979/815
f 3715/2978/825 2816/2993/827 715/3009/828 2815/2994/826
f 2812/2963/821 928/2977/823 2816/2993/827 3715/2978/825
f 928/2977/823 2819/2992/829 3716/3008/830 2816/2993/827
f 2816/2993/827 3716/3008/830 2817/3027/831 715/3009/828
f 3716/3008/830 2818/3026/832 20/3041/833 2817/3027/831
f 2819/2992/829 716/3007/834 2818/3026/832 3716/3008/830
f 717/2990/824 2821/3005/835 3717/2991/836 2813/2976/822
f 2813/2976/822 3717/2991/836 2819/2992/829 928/2977/823
f 3717/2991/836 2820/3006/837 716/3007/834 2819/2992/829
f 2821/3005/835 185/3023/838 2820/3006/837 3717/2991/836
f 186/3389/802 2824/3394/839 3718/3390/840 2802/3387/801
f 2802/3387/801 3718/3390/840 2822/3391/841 711/3388/798
f 3718/3390/840 2823/3395/842 929/3396/843 2822/3391/841
f 2824/3394/839 719/3397/844 2823/3395/842 3718/3390/840
f 711/642/798 2822/644/841 3719/645/845 2800/643/796
f 2800/2974/796 3719/2989/845 2814/2975/819 234/2961/797
f 3719/645/845 2825/647/846 717/648/824 2814/649/819
f 2822/644/841 929/646/843 2825/647/846 3719/645/845
f 929/5252/843 2827/5253/847 3720/5254/848 2825/5255/846
f 2825/3021/846 3720/3022/848 2821/3005/835 717/2990/824
f 3720/3022/848 2826/3036/849 185/3023/838 2821/3005/835
f 2827/687/847 718/681/850 2826/684/849 3720/688/848
f 719/5258/844 2829/5259/851 3721/5257/852 2823/5256/842
f 2823/5256/842 3721/5257/852 2827/5253/847 929/5252/843
f 3721/5270/852 2828/5271/853 718/5272/850 2827/5273/847
f 2829/5274/851 19/5275/854 2828/5271/853 3721/5270/852
f 17/2926/697 2806/2939/808 3722/2954/855 2793/2940/782
f 2793/2940/782 3722/2954/855 2830/2967/856 709/2955/780
f 3722/2954/855 2831/2966/857 930/2981/858 2830/2967/856
f 2806/2939/808 713/2953/810 2831/2966/857 3722/2954/855
f 709/2955/780 2830/2967/856 3723/2982/859 2791/2968/779
f 2791/2968/779 3723/2982/859 2832/2998/860 183/2983/770
f 3723/2982/859 2833/2997/861 720/3013/862 2832/2998/860
f 2830/2967/856 930/2981/858 2833/2997/861 3723/2982/859
f 930/2981/858 2836/2996/863 3724/3012/864 2833/2997/861
f 2833/2997/861 3724/3012/864 2834/3031/865 720/3013/862
f 3724/3012/864 2835/3030/866 235/3045/867 2834/3031/865
f 2836/2996/863 721/3011/868 2835/3030/866 3724/3012/864
f 713/2953/810 2808/2965/813 3725/2980/869 2831/2966/857
f 2831/2966/857 3725/2980/869 2836/2996/863 930/2981/858
f 3725/2980/869 2837/2995/870 721/3011/868 2836/2996/863
f 2808/2965/813 184/2979/815 2837/2995/870 3725/2980/869
f 183/663/770 2832/666/860 3726/667/871 2786/664/769
f 2786/664/769 3726/667/871 2838/671/872 707/668/766
f 3726/667/871 2839/670/873 931/674/874 2838/671/872
f 2832/666/860 720/669/862 2839/670/873 3726/667/871
f 707/3032/766 2838/3046/872 3727/3047/875 2784/3033/764
f 2784/3033/764 3727/3047/875 2840/3061/876 18/3048/765
f 3727/3047/875 2841/3060/877 722/3074/878 2840/3061/876
f 2838/3046/872 931/3059/874 2841/3060/877 3727/3047/875
f 931/3059/874 2844/3072/879 3728/3073/880 2841/3060/877
f 2841/3060/877 3728/3073/880 2842/3088/881 722/3074/878
f 3728/3073/880 2843/3087/882 187/3099/883 2842/3088/881
f 2844/3072/879 723/3086/884 2843/3087/882 3728/3073/880
f 720/669/862 2834/672/865 3729/673/885 2839/670/873
f 2839/670/873 3729/673/885 2844/677/879 931/674/874
f 3729/673/885 2845/676/886 723/680/884 2844/677/879
f 2834/672/865 235/675/867 2845/676/886 3729/673/885
f 235/675/867 2848/678/887 3730/679/888 2845/676/886
f 2845/5286/886 3730/5287/888 2846/5288/889 723/5289/884
f 3730/5287/888 2847/5290/890 932/5291/891 2846/5288/889
f 2848/3058/887 726/3071/892 2847/3084/890 3730/3085/888
f 723/5289/884 2846/5288/889 3731/5292/893 2843/5293/882
f 2843/5293/882 3731/5292/893 2849/5295/894 187/5296/883
f 3731/5292/893 2850/5294/895 724/5297/896 2849/5295/894
f 2846/5288/889 932/5291/891 2850/5294/895 3731/5292/893
f 932/3111/891 2853/3110/897 3732/3127/898 2850/3128/895
f 2850/5300/895 3732/5301/898 2851/5302/899 724/5303/896
f 3732/5301/898 2852/5304/900 21/5305/901 2851/5302/899
f 2853/3110/897 725/3126/902 2852/3141/900 3732/3127/898
f 726/3071/892 2855/3083/903 3733/3098/904 2847/3084/890
f 2847/3084/890 3733/3098/904 2853/3110/897 932/3111/891
f 3733/3098/904 2854/3109/905 725/3126/902 2853/3110/897
f 2855/3083/903 188/3097/906 2854/3109/905 3733/3098/904
f 184/2979/815 2815/2994/826 3734/3010/907 2837/2995/870
f 2837/2995/870 3734/3010/907 2856/3029/908 721/3011/868
f 3734/3010/907 2857/3028/909 933/3043/910 2856/3029/908
f 2815/2994/826 715/3009/828 2857/3028/909 3734/3010/907
f 721/3011/868 2856/3029/908 3735/3044/911 2835/3030/866
f 2835/3030/866 3735/3044/911 2848/3058/887 235/3045/867
f 3735/3044/911 2858/3057/912 726/3071/892 2848/3058/887
f 2856/3029/908 933/3043/910 2858/3057/912 3735/3044/911
f 933/3043/910 2860/3056/913 3736/3070/914 2858/3057/912
f 2858/3057/912 3736/3070/914 2855/3083/903 726/3071/892
f 3736/3070/914 2859/3082/915 188/3097/906 2855/3083/903
f 2860/3056/913 727/3069/916 2859/3082/915 3736/3070/914
f 715/3009/828 2817/3027/831 3737/3042/917 2857/3028/909
f 2857/3028/909 3737/3042/917 2860/3056/913 933/3043/910
f 3737/3042/917 2861/3055/918 727/3069/916 2860/3056/913
f 2817/3027/831 20/3041/833 2861/3055/918 3737/3042/917
f 19/5275/854 2864/5278/919 3738/5279/920 2828/5271/853
f 2828/3398/853 3738/3399/920 2862/3400/921 718/3401/850
f 3738/3399/920 2863/3402/922 934/3403/923 2862/3400/921
f 2864/5278/919 730/5281/924 2863/5282/922 3738/5279/920
f 718/681/850 2862/682/921 3739/683/925 2826/684/849
f 2826/3036/849 3739/3049/925 2865/3037/926 185/3023/838
f 3739/3049/925 2866/3062/927 728/3050/928 2865/3037/926
f 2862/682/921 934/685/923 2866/686/927 3739/683/925
f 934/5315/923 2869/5316/929 3740/5317/930 2866/5318/927
f 2866/693/927 3740/689/930 2867/692/931 728/694/928
f 3740/689/930 2868/690/932 236/691/933 2867/692/931
f 2869/5322/929 729/5321/934 2868/5325/932 3740/5326/930
f 730/5281/924 2871/5284/935 3741/5285/936 2863/5282/922
f 2863/3402/922 3741/3404/936 2869/3405/929 934/3403/923
f 3741/5319/936 2870/5320/937 729/5321/934 2869/5322/929
f 2871/5323/935 191/5324/938 2870/5320/937 3741/5319/936
f 185/3023/838 2865/3037/926 3742/3024/939 2820/3006/837
f 2820/3006/837 3742/3024/939 2872/3025/940 716/3007/834
f 3742/3024/939 2873/3038/941 935/3039/942 2872/3025/940
f 2865/3037/926 728/3050/928 2873/3038/941 3742/3024/939
f 716/3007/834 2872/3025/940 3743/3040/943 2818/3026/832
f 2818/3026/832 3743/3040/943 2874/3054/944 20/3041/833
f 3743/3040/943 2875/3053/945 731/3067/946 2874/3054/944
f 2872/3025/940 935/3039/942 2875/3053/945 3743/3040/943
f 935/3039/942 2878/3052/947 3744/3066/948 2875/3053/945
f 2875/3053/945 3744/3066/948 2876/3079/949 731/3067/946
f 3744/3066/948 2877/3078/950 189/3093/951 2876/3079/949
f 2878/3052/947 732/3065/952 2877/3078/950 3744/3066/948
f 728/3050/928 2867/3063/931 3745/3051/953 2873/3038/941
f 2873/3038/941 3745/3051/953 2878/3052/947 935/3039/942
f 3745/3051/953 2879/3064/954 732/3065/952 2878/3052/947
f 2867/3063/931 236/3075/933 2879/3064/954 3745/3051/953
f 236/3075/933 2882/3089/955 3746/3076/956 2879/3064/954
f 2879/3064/954 3746/3076/956 2880/3077/957 732/3065/952
f 3746/3076/956 2881/3090/958 936/3091/959 2880/3077/957
f 2882/3089/955 735/3100/960 2881/3090/958 3746/3076/956
f 732/3065/952 2880/3077/957 3747/3092/961 2877/3078/950
f 2877/3078/950 3747/3092/961 2883/3104/962 189/3093/951
f 3747/3092/961 2884/3103/963 733/3120/964 2883/3104/962
f 2880/3077/957 936/3091/959 2884/3103/963 3747/3092/961
f 936/3091/959 2887/3102/965 3748/3119/966 2884/3103/963
f 2884/3103/963 3748/3119/966 2885/3134/967 733/3120/964
f 3748/3119/966 2886/3133/968 23/3147/969 2885/3134/967
f 2887/3102/965 734/3118/970 2886/3133/968 3748/3119/966
f 735/3100/960 2889/3116/971 3749/3101/972 2881/3090/958
f 2881/3090/958 3749/3101/972 2887/3102/965 936/3091/959
f 3749/3101/972 2888/3117/973 734/3118/970 2887/3102/965
f 2889/3116/971 190/3130/974 2888/3117/973 3749/3101/972
f 191/709/938 2892/706/975 3750/705/976 2870/707/937
f 2870/707/937 3750/705/976 2890/701/977 729/708/934
f 3750/705/976 2891/699/978 937/695/979 2890/701/977
f 2892/706/975 737/703/980 2891/699/978 3750/705/976
f 729/5333/934 2890/5334/977 3751/5335/981 2868/5336/932
f 2868/5336/932 3751/5335/981 2882/5337/955 236/5338/933
f 3751/3114/981 2893/3115/982 735/3100/960 2882/3089/955
f 2890/701/977 937/695/979 2893/698/982 3751/702/981
f 937/695/979 2895/696/983 3752/697/984 2893/698/982
f 2893/3115/982 3752/3129/984 2889/3116/971 735/3100/960
f 3752/3129/984 2894/3142/985 190/3130/974 2889/3116/971
f 2895/5339/983 736/5340/986 2894/5341/985 3752/5342/984
f 737/703/980 2897/704/987 3753/700/988 2891/699/978
f 2891/699/978 3753/700/988 2895/696/983 937/695/979
f 3753/5343/988 2896/5344/989 736/5340/986 2895/5339/983
f 2897/5345/987 22/5346/990 2896/5344/989 3753/5343/988
f 20/3041/833 2874/3054/944 3754/3068/991 2861/3055/918
f 2861/3055/918 3754/3068/991 2898/3081/992 727/3069/916
f 3754/3068/991 2899/3080/993 938/3095/994 2898/3081/992
f 2874/3054/944 731/3067/946 2899/3080/993 3754/3068/991
f 727/3069/916 2898/3081/992 3755/3096/995 2859/3082/915
f 2859/3082/915 3755/3096/995 2900/3108/996 188/3097/906
f 3755/3096/995 2901/3107/997 738/3124/998 2900/3108/996
f 2898/3081/992 938/3095/994 2901/3107/997 3755/3096/995
f 938/3095/994 2904/3106/999 3756/3123/1000 2901/3107/997
f 2901/3107/997 3756/3123/1000 2902/3138/1001 738/3124/998
f 3756/3123/1000 2903/3137/1002 237/3151/1003 2902/3138/1001
f 2904/3106/999 739/3122/1004 2903/3137/1002 3756/3123/1000
f 731/3067/946 2876/3079/949 3757/3094/1005 2899/3080/993
f 2899/3080/993 3757/3094/1005 2904/3106/999 938/3095/994
f 3757/3094/1005 2905/3105/1006 739/3122/1004 2904/3106/999
f 2876/3079/949 189/3093/951 2905/3105/1006 3757/3094/1005
f 188/3097/906 2900/3108/996 3758/3125/1007 2854/3109/905
f 2854/3109/905 3758/3125/1007 2906/3140/1008 725/3126/902
f 3758/3125/1007 2907/3139/1009 939/3153/1010 2906/3140/1008
f 2900/3108/996 738/3124/998 2907/3139/1009 3758/3125/1007
f 725/5308/902 2906/5309/1008 3759/5306/1011 2852/5304/900
f 2852/5304/900 3759/5306/1011 2908/5307/1012 21/5305/901
f 3759/5306/1011 2909/5310/1013 740/5311/1014 2908/5307/1012
f 2906/5309/1008 939/5314/1010 2909/5310/1013 3759/5306/1011
f 939/721/1010 2912/714/1015 3760/710/1016 2909/718/1013
f 2909/718/1013 3760/710/1016 2910/713/1017 740/719/1014
f 3760/710/1016 2911/711/1018 192/712/1019 2910/713/1017
f 2912/714/1015 741/715/1020 2911/711/1018 3760/710/1016
f 738/3124/998 2902/3138/1001 3761/3152/1021 2907/3139/1009
f 2907/3139/1009 3761/3152/1021 2912/3165/1015 939/3153/1010
f 3761/3152/1021 2913/3164/1022 741/3177/1020 2912/3165/1015
f 2902/3138/1001 237/3151/1003 2913/3164/1022 3761/3152/1021
f 237/3151/1003 2916/3163/1023 3762/3176/1024 2913/3164/1022
f 2913/3164/1022 3762/3176/1024 2914/3189/1025 741/3177/1020
f 3762/3176/1024 2915/3188/1026 940/3203/1027 2914/3189/1025
f 2916/3163/1023 744/3175/1028 2915/3188/1026 3762/3176/1024
f 741/715/1020 2914/720/1025 3763/716/1029 2911/711/1018
f 2911/711/1018 3763/716/1029 2917/717/1030 192/712/1019
f 3763/5363/1029 2918/5364/1031 742/5365/1032 2917/5366/1030
f 2914/3189/1025 940/3203/1027 2918/3217/1031 3763/3218/1029
f 940/3203/1027 2921/3216/1033 3764/3229/1034 2918/3217/1031
f 2918/5364/1031 3764/5367/1034 2919/5368/1035 742/5365/1032
f 3764/5397/1034 2920/5398/1036 24/5399/1037 2919/5400/1035
f 2921/5401/1033 743/5402/1038 2920/5398/1036 3764/5397/1034
f 744/3175/1028 2923/3187/1039 3765/3202/1040 2915/3188/1026
f 2915/3188/1026 3765/3202/1040 2921/3216/1033 940/3203/1027
f 3765/3202/1040 2922/3215/1041 743/3228/1038 2921/3216/1033
f 2923/3187/1039 193/3201/1042 2922/3215/1041 3765/3202/1040
f 189/3093/951 2883/3104/962 3766/3121/1043 2905/3105/1006
f 2905/3105/1006 3766/3121/1043 2924/3136/1044 739/3122/1004
f 3766/3121/1043 2925/3135/1045 941/3149/1046 2924/3136/1044
f 2883/3104/962 733/3120/964 2925/3135/1045 3766/3121/1043
f 739/3122/1004 2924/3136/1044 3767/3150/1047 2903/3137/1002
f 2903/3137/1002 3767/3150/1047 2916/3163/1023 237/3151/1003
f 3767/3150/1047 2926/3162/1048 744/3175/1028 2916/3163/1023
f 2924/3136/1044 941/3149/1046 2926/3162/1048 3767/3150/1047
f 941/3149/1046 2928/3161/1049 3768/3174/1050 2926/3162/1048
f 2926/3162/1048 3768/3174/1050 2923/3187/1039 744/3175/1028
f 3768/3174/1050 2927/3186/1051 193/3201/1042 2923/3187/1039
f 2928/3161/1049 745/3173/1052 2927/3186/1051 3768/3174/1050
f 733/3120/964 2885/3134/967 3769/3148/1053 2925/3135/1045
f 2925/3135/1045 3769/3148/1053 2928/3161/1049 941/3149/1046
f 3769/3148/1053 2929/3160/1054 745/3173/1052 2928/3161/1049
f 2885/3134/967 23/3147/969 2929/3160/1054 3769/3148/1053
f 22/724/990 2932/725/1055 3770/726/1056 2896/727/989
f 2896/727/989 3770/726/1056 2930/730/1057 736/731/986
f 3770/726/1056 2931/729/1058 942/732/1059 2930/730/1057
f 2932/725/1055 748/728/1060 2931/729/1058 3770/726/1056
f 736/731/986 2930/730/1057 3771/733/1061 2894/734/985
f 2894/3142/985 3771/3154/1061 2933/3143/1062 190/3130/974
f 3771/3154/1061 2934/3166/1063 746/3155/1064 2933/3143/1062
f 2930/730/1057 942/732/1059 2934/737/1063 3771/733/1061
f 942/3190/1059 2937/3191/1065 3772/3178/1066 2934/3166/1063
f 2934/3166/1063 3772/3178/1066 2935/3167/1067 746/3155/1064
f 3772/3178/1066 2936/3192/1068 238/3179/1069 2935/3167/1067
f 2937/3191/1065 747/3204/1070 2936/3192/1068 3772/3178/1066
f 748/5422/1060 2939/5423/1071 3773/5424/1072 2931/5425/1058
f 2931/729/1058 3773/735/1072 2937/736/1065 942/732/1059
f 3773/5424/1072 2938/5429/1073 747/5435/1070 2937/5436/1065
f 2939/5423/1071 196/5428/1074 2938/5429/1073 3773/5424/1072
f 190/3130/974 2933/3143/1062 3774/3131/1075 2888/3117/973
f 2888/3117/973 3774/3131/1075 2940/3132/1076 734/3118/970
f 3774/3131/1075 2941/3144/1077 943/3145/1078 2940/3132/1076
f 2933/3143/1062 746/3155/1064 2941/3144/1077 3774/3131/1075
f 734/3118/970 2940/3132/1076 3775/3146/1079 2886/3133/968
f 2886/3133/968 3775/3146/1079 2942/3159/1080 23/3147/969
f 3775/3146/1079 2943/3158/1081 749/3171/1082 2942/3159/1080
f 2940/3132/1076 943/3145/1078 2943/3158/1081 3775/3146/1079
f 943/3145/1078 2946/3157/1083 3776/3170/1084 2943/3158/1081
f 2943/3158/1081 3776/3170/1084 2944/3183/1085 749/3171/1082
f 3776/3170/1084 2945/3182/1086 194/3197/1087 2944/3183/1085
f 2946/3157/1083 750/3169/1088 2945/3182/1086 3776/3170/1084
f 746/3155/1064 2935/3167/1067 3777/3156/1089 2941/3144/1077
f 2941/3144/1077 3777/3156/1089 2946/3157/1083 943/3145/1078
f 3777/3156/1089 2947/3168/1090 750/3169/1088 2946/3157/1083
f 2935/3167/1067 238/3179/1069 2947/3168/1090 3777/3156/1089
f 238/3179/1069 2950/3193/1091 3778/3180/1092 2947/3168/1090
f 2947/3168/1090 3778/3180/1092 2948/3181/1093 750/3169/1088
f 3778/3180/1092 2949/3194/1094 944/3195/1095 2948/3181/1093
f 2950/3193/1091 753/3206/1096 2949/3194/1094 3778/3180/1092
f 750/3169/1088 2948/3181/1093 3779/3196/1097 2945/3182/1086
f 2945/3182/1086 3779/3196/1097 2951/3210/1098 194/3197/1087
f 3779/3196/1097 2952/3209/1099 751/3222/1100 2951/3210/1098
f 2948/3181/1093 944/3195/1095 2952/3209/1099 3779/3196/1097
f 944/3195/1095 2955/3208/1101 3780/3221/1102 2952/3209/1099
f 2952/5445/1099 3780/5446/1102 2953/5447/1103 751/5448/1100
f 3780/5446/1102 2954/5449/1104 26/5450/1105 2953/5447/1103
f 2955/5451/1101 752/5452/1106 2954/5449/1104 3780/5446/1102
f 753/5478/1096 2957/5465/1107 3781/5457/1108 2949/5479/1094
f 2949/3194/1094 3781/3207/1108 2955/3208/1101 944/3195/1095
f 3781/5457/1108 2956/5458/1109 752/5452/1106 2955/5451/1101
f 2957/5465/1107 195/5466/1110 2956/5458/1109 3781/5457/1108
f 196/5428/1074 2960/5433/1111 3782/5434/1112 2938/5429/1073
f 2938/3230/1073 3782/3231/1112 2958/3219/1113 747/3204/1070
f 3782/5545/1112 2959/5524/1114 945/5507/1115 2958/5546/1113
f 2960/5567/1111 755/5543/1116 2959/5524/1114 3782/5545/1112
f 747/3204/1070 2958/3219/1113 3783/3205/1117 2936/3192/1068
f 2936/3192/1068 3783/3205/1117 2950/3193/1091 238/3179/1069
f 3783/3205/1117 2961/3220/1118 753/3206/1096 2950/3193/1091
f 2958/3219/1113 945/3232/1115 2961/3220/1118 3783/3205/1117
f 945/5507/1115 2963/5489/1119 3784/5475/1120 2961/5492/1118
f 2961/5492/1118 3784/5475/1120 2957/5465/1107 753/5478/1096
f 3784/5475/1120 2962/5476/1121 195/5466/1110 2957/5465/1107
f 2963/5489/1119 754/5490/1122 2962/5476/1121 3784/5475/1120
f 755/5543/1116 2965/5521/1123 3785/5504/1124 2959/5524/1114
f 2959/5524/1114 3785/5504/1124 2963/5489/1119 945/5507/1115
f 3785/5504/1124 2964/5505/1125 754/5490/1122 2963/5489/1119
f 2965/5521/1123 25/5522/1126 2964/5505/1125 3785/5504/1124
f 23/3147/969 2942/3159/1080 3786/3172/1127 2929/3160/1054
f 2929/3160/1054 3786/3172/1127 2966/3185/1128 745/3173/1052
f 3786/3172/1127 2967/3184/1129 946/3199/1130 2966/3185/1128
f 2942/3159/1080 749/3171/1082 2967/3184/1129 3786/3172/1127
f 745/3173/1052 2966/3185/1128 3787/3200/1131 2927/3186/1051
f 2927/3186/1051 3787/3200/1131 2968/3214/1132 193/3201/1042
f 3787/3200/1131 2969/3213/1133 756/3226/1134 2968/3214/1132
f 2966/3185/1128 946/3199/1130 2969/3213/1133 3787/3200/1131
f 946/3199/1130 2972/3212/1135 3788/3225/1136 2969/3213/1133
f 2969/3213/1133 3788/3225/1136 2970/3236/1137 756/3226/1134
f 3788/3225/1136 2971/3235/1138 239/3243/1139 2970/3236/1137
f 2972/3212/1135 757/3224/1140 2971/3235/1138 3788/3225/1136
f 749/3171/1082 2944/3183/1085 3789/3198/1141 2967/3184/1129
f 2967/3184/1129 3789/3198/1141 2972/3212/1135 946/3199/1130
f 3789/3198/1141 2973/3211/1142 757/3224/1140 2972/3212/1135
f 2944/3183/1085 194/3197/1087 2973/3211/1142 3789/3198/1141
f 193/3201/1042 2968/3214/1132 3790/3227/1143 2922/3215/1041
f 2922/3215/1041 3790/3227/1143 2974/3238/1144 743/3228/1038
f 3790/5415/1143 2975/5416/1145 947/5411/1146 2974/5410/1144
f 2968/3214/1132 756/3226/1134 2975/3237/1145 3790/3227/1143
f 743/5832/1038 2974/5833/1144 3791/5834/1147 2920/5835/1036
f 2920/5398/1036 3791/5403/1147 2976/5404/1148 24/5399/1037
f 3791/5403/1147 2977/5407/1149 758/5408/1150 2976/5404/1148
f 2974/5410/1144 947/5411/1146 2977/5407/1149 3791/5403/1147
f 947/5411/1146 2980/5417/1151 3792/5412/1152 2977/5407/1149
f 2977/5407/1149 3792/5412/1152 2978/5413/1153 758/5408/1150
f 3792/5836/1152 2979/5837/1154 197/5838/1155 2978/5839/1153
f 2980/5840/1151 759/5841/1156 2979/5837/1154 3792/5836/1152
f 756/3226/1134 2970/3236/1137 3793/3244/1157 2975/3237/1145
f 2975/5416/1145 3793/5421/1157 2980/5417/1151 947/5411/1146
f 3793/3244/1157 2981/3248/1158 759/3252/1156 2980/3253/1151
f 2970/3236/1137 239/3243/1139 2981/3248/1158 3793/3244/1157
f 239/3243/1139 2984/3247/1159 3794/3251/1160 2981/3248/1158
f 2981/3248/1158 3794/3251/1160 2982/3256/1161 759/3252/1156
f 3794/3251/1160 2983/3255/1162 948/3258/1163 2982/3256/1161
f 2984/3247/1159 762/3250/1164 2983/3255/1162 3794/3251/1160
f 759/5841/1156 2982/5846/1161 3795/5842/1165 2979/5837/1154
f 2979/5837/1154 3795/5842/1165 2985/5843/1166 197/5838/1155
f 3795/920/1165 2986/921/1167 760/912/1168 2985/911/1166
f 2982/3256/1161 948/3258/1163 2986/3259/1167 3795/3260/1165
f 948/5541/1163 2989/5520/1169 3796/5539/1170 2986/5563/1167
f 2986/5563/1167 3796/5539/1170 2987/5562/1171 760/5585/1168
f 3796/5539/1170 2988/5538/1172 27/5561/1173 2987/5562/1171
f 2989/5520/1169 761/5519/1174 2988/5538/1172 3796/5539/1170
f 762/3250/1164 2991/3254/1175 3797/3257/1176 2983/3255/1162
f 2983/5540/1162 3797/5503/1176 2989/5520/1169 948/5541/1163
f 3797/5503/1176 2990/5502/1177 761/5519/1174 2989/5520/1169
f 2991/5488/1175 198/5487/1178 2990/5502/1177 3797/5503/1176
f 194/3197/1087 2951/3210/1098 3798/3223/1179 2973/3211/1142
f 2973/3211/1142 3798/3223/1179 2992/3234/1180 757/3224/1140
f 3798/3223/1179 2993/3233/1181 949/3241/1182 2992/3234/1180
f 2951/3210/1098 751/3222/1100 2993/3233/1181 3798/3223/1179
f 757/3224/1140 2992/3234/1180 3799/3242/1183 2971/3235/1138
f 2971/3235/1138 3799/3242/1183 2984/3247/1159 239/3243/1139
f 3799/3242/1183 2994/3246/1184 762/3250/1164 2984/3247/1159
f 2992/3234/1180 949/3241/1182 2994/3246/1184 3799/3242/1183
f 949/3241/1182 2996/3245/1185 3800/3249/1186 2994/3246/1184
f 2994/3246/1184 3800/3249/1186 2991/3254/1175 762/3250/1164
f 3800/5474/1186 2995/5473/1187 198/5487/1178 2991/5488/1175
f 2996/5464/1185 763/5463/1188 2995/5473/1187 3800/5474/1186
f 751/3222/1100 2953/3239/1103 3801/3240/1189 2993/3233/1181
f 2993/3233/1181 3801/3240/1189 2996/3245/1185 949/3241/1182
f 3801/5456/1189 2997/5455/1190 763/5463/1188 2996/5464/1185
f 2953/5447/1103 26/5450/1105 2997/5455/1190 3801/5456/1189
f 25/5522/1126 3000/5542/1191 3802/5523/1192 2964/5505/1125
f 2964/5505/1125 3802/5523/1192 2998/5506/1193 754/5490/1122
f 3802/5523/1192 2999/5544/1194 950/5525/1195 2998/5506/1193
f 3000/5542/1191 766/5564/1196 2999/5544/1194 3802/5523/1192
f 754/5490/1122 2998/5506/1193 3803/5491/1197 2962/5476/1121
f 2962/5476/1121 3803/5491/1197 3001/5477/1198 195/5466/1110
f 3803/5491/1197 3002/5508/1199 764/5493/1200 3001/5477/1198
f 2998/5506/1193 950/5525/1195 3002/5508/1199 3803/5491/1197
f 950/5525/1195 3005/5547/1201 3804/5526/1202 3002/5508/1199
f 3002/5508/1199 3804/5526/1202 3003/5509/1203 764/5493/1200
f 3804/5526/1202 3004/5548/1204 240/5527/1205 3003/5509/1203
f 3005/5547/1201 765/5569/1206 3004/5548/1204 3804/5526/1202
f 766/5564/1196 3007/5586/1207 3805/5568/1208 2999/5544/1194
f 2999/5544/1194 3805/5568/1208 3005/5547/1201 950/5525/1195
f 3805/5568/1208 3006/5587/1209 765/5569/1206 3005/5547/1201
f 3007/5586/1207 201/5605/1210 3006/5587/1209 3805/5568/1208
f 195/5466/1110 3001/5477/1198 3806/5467/1211 2956/5458/1109
f 2956/5458/1109 3806/5467/1211 3008/5459/1212 752/5452/1106
f 3806/5467/1211 3009/5480/1213 951/5468/1214 3008/5459/1212
f 3001/5477/1198 764/5493/1200 3009/5480/1213 3806/5467/1211
f 752/5452/1106 3008/5459/1212 3807/5453/1215 2954/5449/1104
f 2954/5449/1104 3807/5453/1215 3010/5454/1216 26/5450/1105
f 3807/5453/1215 3011/5460/1217 767/5461/1218 3010/5454/1216
f 3008/5459/1212 951/5468/1214 3011/5460/1217 3807/5453/1215
f 951/5468/1214 3014/5481/1219 3808/5469/1220 3011/5460/1217
f 3011/5460/1217 3808/5469/1220 3012/5470/1221 767/5461/1218
f 3808/5469/1220 3013/5482/1222 199/5483/1223 3012/5470/1221
f 3014/5481/1219 768/5495/1224 3013/5482/1222 3808/5469/1220
f 764/5493/1200 3003/5509/1203 3809/5494/1225 3009/5480/1213
f 3009/5480/1213 3809/5494/1225 3014/5481/1219 951/5468/1214
f 3809/5494/1225 3015/5510/1226 768/5495/1224 3014/5481/1219
f 3003/5509/1203 240/5527/1205 3015/5510/1226 3809/5494/1225
f 240/5527/1205 3018/5549/1227 3810/5528/1228 3015/5510/1226
f 3015/5510/1226 3810/5528/1228 3016/5511/1229 768/5495/1224
f 3810/5528/1228 3017/5550/1230 952/5529/1231 3016/5511/1229
f 3018/5549/1227 771/5571/1232 3017/5550/1230 3810/5528/1228
f 768/5495/1224 3016/5511/1229 3811/5496/1233 3013/5482/1222
f 3013/5482/1222 3811/5496/1233 3019/5497/1234 199/5483/1223
f 3811/5496/1233 3020/5512/1235 769/5513/1236 3019/5497/1234
f 3016/5511/1229 952/5529/1231 3020/5512/1235 3811/5496/1233
f 952/5529/1231 3023/5551/1237 3812/5530/1238 3020/5512/1235
f 3020/5512/1235 3812/5530/1238 3021/5531/1239 769/5513/1236
f 3812/5530/1238 3022/5552/1240 29/5553/1241 3021/5531/1239
f 3023/5551/1237 770/5573/1242 3022/5552/1240 3812/5530/1238
f 771/5571/1232 3025/5590/1243 3813/5572/1244 3017/5550/1230
f 3017/5550/1230 3813/5572/1244 3023/5551/1237 952/5529/1231
f 3813/5572/1244 3024/5591/1245 770/5573/1242 3023/5551/1237
f 3025/5590/1243 200/5609/1246 3024/5591/1245 3813/5572/1244
f 201/5605/1210 3028/5626/1247 3814/5606/1248 3006/5587/1209
f 3006/5587/1209 3814/5606/1248 3026/5588/1249 765/5569/1206
f 3814/5606/1248 3027/5627/1250 953/5607/1251 3026/5588/1249
f 3028/5626/1247 773/5648/1252 3027/5627/1250 3814/5606/1248
f 765/5569/1206 3026/5588/1249 3815/5570/1253 3004/5548/1204
f 3004/5548/1204 3815/5570/1253 3018/5549/1227 240/5527/1205
f 3815/5570/1253 3029/5589/1254 771/5571/1232 3018/5549/1227
f 3026/5588/1249 953/5607/1251 3029/5589/1254 3815/5570/1253
f 953/5607/1251 3031/5628/1255 3816/5608/1256 3029/5589/1254
f 3029/5589/1254 3816/5608/1256 3025/5590/1243 771/5571/1232
f 3816/5608/1256 3030/5629/1257 200/5609/1246 3025/5590/1243
f 3031/5628/1255 772/5650/1258 3030/5629/1257 3816/5608/1256
f 773/5648/1252 3033/5669/1259 3817/5649/1260 3027/5627/1250
f 3027/5627/1250 3817/5649/1260 3031/5628/1255 953/5607/1251
f 3817/5649/1260 3032/5670/1261 772/5650/1258 3031/5628/1255
f 3033/5669/1259 28/5689/1262 3032/5670/1261 3817/5649/1260
f 26/5450/1105 3010/5454/1216 3818/5462/1263 2997/5455/1190
f 2997/5455/1190 3818/5462/1263 3034/5472/1264 763/5463/1188
f 3818/5462/1263 3035/5471/1265 954/5485/1266 3034/5472/1264
f 3010/5454/1216 767/5461/1218 3035/5471/1265 3818/5462/1263
f 763/5463/1188 3034/5472/1264 3819/5486/1267 2995/5473/1187
f 2995/5473/1187 3819/5486/1267 3036/5501/1268 198/5487/1178
f 3819/5486/1267 3037/5500/1269 774/5517/1270 3036/5501/1268
f 3034/5472/1264 954/5485/1266 3037/5500/1269 3819/5486/1267
f 954/5485/1266 3040/5499/1271 3820/5516/1272 3037/5500/1269
f 3037/5500/1269 3820/5516/1272 3038/5535/1273 774/5517/1270
f 3820/5516/1272 3039/5534/1274 241/5557/1275 3038/5535/1273
f 3040/5499/1271 775/5515/1276 3039/5534/1274 3820/5516/1272
f 767/5461/1218 3012/5470/1221 3821/5484/1277 3035/5471/1265
f 3035/5471/1265 3821/5484/1277 3040/5499/1271 954/5485/1266
f 3821/5484/1277 3041/5498/1278 775/5515/1276 3040/5499/1271
f 3012/5470/1221 199/5483/1223 3041/5498/1278 3821/5484/1277
f 198/5487/1178 3036/5501/1268 3822/5518/1279 2990/5502/1177
f 2990/5502/1177 3822/5518/1279 3042/5537/1280 761/5519/1174
f 3822/5518/1279 3043/5536/1281 955/5559/1282 3042/5537/1280
f 3036/5501/1268 774/5517/1270 3043/5536/1281 3822/5518/1279
f 761/5519/1174 3042/5537/1280 3823/5560/1283 2988/5538/1172
f 2988/5538/1172 3823/5560/1283 3044/5583/1284 27/5561/1173
f 3823/5560/1283 3045/5582/1285 776/5602/1286 3044/5583/1284
f 3042/5537/1280 955/5559/1282 3045/5582/1285 3823/5560/1283
f 955/5559/1282 3048/5581/1287 3824/5601/1288 3045/5582/1285
f 3045/5582/1285 3824/5601/1288 3046/5621/1289 776/5602/1286
f 3824/5601/1288 3047/5620/1290 202/5642/1291 3046/5621/1289
f 3048/5581/1287 777/5600/1292 3047/5620/1290 3824/5601/1288
f 774/5517/1270 3038/5535/1273 3825/5558/1293 3043/5536/1281
f 3043/5536/1281 3825/5558/1293 3048/5581/1287 955/5559/1282
f 3825/5558/1293 3049/5580/1294 777/5600/1292 3048/5581/1287
f 3038/5535/1273 241/5557/1275 3049/5580/1294 3825/5558/1293
f 241/5557/1275 3052/5579/1295 3826/5599/1296 3049/5580/1294
f 3049/5580/1294 3826/5599/1296 3050/5619/1297 777/5600/1292
f 3826/5599/1296 3051/5618/1298 956/5640/1299 3050/5619/1297
f 3052/5579/1295 780/5598/1300 3051/5618/1298 3826/5599/1296
f 777/5600/1292 3050/5619/1297 3827/5641/1301 3047/5620/1290
f 3047/5620/1290 3827/5641/1301 3053/5664/1302 202/5642/1291
f 3827/5641/1301 3054/5663/1303 778/5684/1304 3053/5664/1302
f 3050/5619/1297 956/5640/1299 3054/5663/1303 3827/5641/1301
f 956/5640/1299 3057/5662/1305 3828/5683/1306 3054/5663/1303
f 3054/5663/1303 3828/5683/1306 3055/5703/1307 778/5684/1304
f 3828/5683/1306 3056/5702/1308 30/5718/1309 3055/5703/1307
f 3057/5662/1305 779/5682/1310 3056/5702/1308 3828/5683/1306
f 780/5598/1300 3059/5617/1311 3829/5639/1312 3051/5618/1298
f 3051/5618/1298 3829/5639/1312 3057/5662/1305 956/5640/1299
f 3829/5639/1312 3058/5661/1313 779/5682/1310 3057/5662/1305
f 3059/5617/1311 203/5638/1314 3058/5661/1313 3829/5639/1312
f 199/5483/1223 3019/5497/1234 3830/5514/1315 3041/5498/1278
f 3041/5498/1278 3830/5514/1315 3060/5533/1316 775/5515/1276
f 3830/5514/1315 3061/5532/1317 957/5555/1318 3060/5533/1316
f 3019/5497/1234 769/5513/1236 3061/5532/1317 3830/5514/1315
f 775/5515/1276 3060/5533/1316 3831/5556/1319 3039/5534/1274
f 3039/5534/1274 3831/5556/1319 3052/5579/1295 241/5557/1275
f 3831/5556/1319 3062/5578/1320 780/5598/1300 3052/5579/1295
f 3060/5533/1316 957/5555/1318 3062/5578/1320 3831/5556/1319
f 957/5555/1318 3064/5577/1321 3832/5597/1322 3062/5578/1320
f 3062/5578/1320 3832/5597/1322 3059/5617/1311 780/5598/1300
f 3832/5597/1322 3063/5616/1323 203/5638/1314 3059/5617/1311
f 3064/5577/1321 781/5596/1324 3063/5616/1323 3832/5597/1322
f 769/5513/1236 3021/5531/1239 3833/5554/1325 3061/5532/1317
f 3061/5532/1317 3833/5554/1325 3064/5577/1321 957/5555/1318
f 3833/5554/1325 3065/5576/1326 781/5596/1324 3064/5577/1321
f 3021/5531/1239 29/5553/1241 3065/5576/1326 3833/5554/1325
f 28/4631/1262 3068/4630/1327 3834/4634/1328 3032/4635/1261
f 3032/4635/1261 3834/4634/1328 3066/4636/1329 772/4637/1258
f 3834/5848/1328 3067/5849/1330 958/5850/1331 3066/5851/1329
f 3068/5760/1327 784/5759/1332 3067/5771/1330 3834/5772/1328
f 772/4637/1258 3066/4636/1329 3835/4638/1333 3030/4639/1257
f 3030/5629/1257 3835/5651/1333 3069/5630/1334 200/5609/1246
f 3835/5651/1333 3070/5671/1335 782/5652/1336 3069/5630/1334
f 3066/752/1329 958/746/1331 3070/747/1335 3835/753/1333
f 958/746/1331 3073/742/1337 3836/738/1338 3070/747/1335
f 3070/5671/1335 3836/5690/1338 3071/5672/1339 782/5652/1336
f 3836/738/1338 3072/739/1340 242/740/1341 3071/741/1339
f 3073/742/1337 783/743/1342 3072/739/1340 3836/738/1338
f 784/5759/1332 3075/5773/1343 3837/5785/1344 3067/5771/1330
f 3067/5849/1330 3837/5852/1344 3073/5853/1337 958/5850/1331
f 3837/5785/1344 3074/5799/1345 783/5807/1342 3073/5814/1337
f 3075/5773/1343 206/5786/1346 3074/5799/1345 3837/5785/1344
f 200/5609/1246 3069/5630/1334 3838/5610/1347 3024/5591/1245
f 3024/5591/1245 3838/5610/1347 3076/5592/1348 770/5573/1242
f 3838/5610/1347 3077/5631/1349 959/5611/1350 3076/5592/1348
f 3069/5630/1334 782/5652/1336 3077/5631/1349 3838/5610/1347
f 770/5573/1242 3076/5592/1348 3839/5574/1351 3022/5552/1240
f 3022/5552/1240 3839/5574/1351 3078/5575/1352 29/5553/1241
f 3839/5574/1351 3079/5593/1353 785/5594/1354 3078/5575/1352
f 3076/5592/1348 959/5611/1350 3079/5593/1353 3839/5574/1351
f 959/5611/1350 3082/5632/1355 3840/5612/1356 3079/5593/1353
f 3079/5593/1353 3840/5612/1356 3080/5613/1357 785/5594/1354
f 3840/5612/1356 3081/5633/1358 204/5634/1359 3080/5613/1357
f 3082/5632/1355 786/5654/1360 3081/5633/1358 3840/5612/1356
f 782/5652/1336 3071/5672/1339 3841/5653/1361 3077/5631/1349
f 3077/5631/1349 3841/5653/1361 3082/5632/1355 959/5611/1350
f 3841/5653/1361 3083/5673/1362 786/5654/1360 3082/5632/1355
f 3071/5672/1339 242/5691/1341 3083/5673/1362 3841/5653/1361
f 242/740/1341 3086/745/1363 3842/750/1364 3083/751/1362
f 3083/5673/1362 3842/5692/1364 3084/5674/1365 786/5654/1360
f 3842/5692/1364 3085/5709/1366 960/5693/1367 3084/5674/1365
f 3086/745/1363 789/749/1368 3085/754/1366 3842/750/1364
f 786/5654/1360 3084/5674/1365 3843/5655/1369 3081/5633/1358
f 3081/5633/1358 3843/5655/1369 3087/5656/1370 204/5634/1359
f 3843/5655/1369 3088/5675/1371 787/5676/1372 3087/5656/1370
f 3084/5674/1365 960/5693/1367 3088/5675/1371 3843/5655/1369
f 960/5693/1367 3091/5710/1373 3844/5694/1374 3088/5675/1371
f 3088/5675/1371 3844/5694/1374 3089/5695/1375 787/5676/1372
f 3844/3406/1374 3090/3407/1376 32/3408/1377 3089/3409/1375
f 3091/5710/1373 788/5724/1378 3090/5725/1376 3844/5694/1374
f 789/5737/1368 3093/5738/1379 3845/5723/1380 3085/5709/1366
f 3085/5709/1366 3845/5723/1380 3091/5710/1373 960/5693/1367
f 3845/5723/1380 3092/5739/1381 788/5724/1378 3091/5710/1373
f 3093/5738/1379 205/5751/1382 3092/5739/1381 3845/5723/1380
f 206/5786/1346 3096/5800/1383 3846/5793/1384 3074/5799/1345
f 3074/5799/1345 3846/5793/1384 3094/5794/1385 783/5807/1342
f 3846/5793/1384 3095/5778/1386 961/5763/1387 3094/5794/1385
f 3096/5800/1383 791/5790/1388 3095/5778/1386 3846/5793/1384
f 783/5854/1342 3094/5855/1385 3847/5856/1389 3072/5857/1340
f 3072/739/1340 3847/744/1389 3086/745/1363 242/740/1341
f 3847/744/1389 3097/748/1390 789/749/1368 3086/745/1363
f 3094/5855/1385 961/5858/1387 3097/5859/1390 3847/5856/1389
f 961/5763/1387 3099/5764/1391 3848/5750/1392 3097/5749/1390
f 3097/5749/1390 3848/5750/1392 3093/5738/1379 789/5737/1368
f 3848/5750/1392 3098/5765/1393 205/5751/1382 3093/5738/1379
f 3099/5764/1391 790/5780/1394 3098/5765/1393 3848/5750/1392
f 791/5790/1388 3101/5791/1395 3849/5779/1396 3095/5778/1386
f 3095/5778/1386 3849/5779/1396 3099/5764/1391 961/5763/1387
f 3849/5779/1396 3100/5792/1397 790/5780/1394 3099/5764/1391
f 3101/5791/1395 31/5806/1398 3100/5792/1397 3849/5779/1396
f 29/5553/1241 3078/5575/1352 3850/5595/1399 3065/5576/1326
f 3065/5576/1326 3850/5595/1399 3102/5615/1400 781/5596/1324
f 3850/5595/1399 3103/5614/1401 962/5636/1402 3102/5615/1400
f 3078/5575/1352 785/5594/1354 3103/5614/1401 3850/5595/1399
f 781/5596/1324 3102/5615/1400 3851/5637/1403 3063/5616/1323
f 3063/5616/1323 3851/5637/1403 3104/5660/1404 203/5638/1314
f 3851/5637/1403 3105/5659/1405 792/5680/1406 3104/5660/1404
f 3102/5615/1400 962/5636/1402 3105/5659/1405 3851/5637/1403
f 962/5636/1402 3108/5658/1407 3852/5679/1408 3105/5659/1405
f 3105/5659/1405 3852/5679/1408 3106/5699/1409 792/5680/1406
f 3852/5679/1408 3107/5698/1410 243/5714/1411 3106/5699/1409
f 3108/5658/1407 793/5678/1412 3107/5698/1410 3852/5679/1408
f 785/5594/1354 3080/5613/1357 3853/5635/1413 3103/5614/1401
f 3103/5614/1401 3853/5635/1413 3108/5658/1407 962/5636/1402
f 3853/5635/1413 3109/5657/1414 793/5678/1412 3108/5658/1407
f 3080/5613/1357 204/5634/1359 3109/5657/1414 3853/5635/1413
f 203/5638/1314 3104/5660/1404 3854/5681/1415 3058/5661/1313
f 3058/5661/1313 3854/5681/1415 3110/5701/1416 779/5682/1310
f 3854/5681/1415 3111/5700/1417 963/5716/1418 3110/5701/1416
f 3104/5660/1404 792/5680/1406 3111/5700/1417 3854/5681/1415
f 779/5682/1310 3110/5701/1416 3855/5717/1419 3056/5702/1308
f 3056/5702/1308 3855/5717/1419 3112/5732/1420 30/5718/1309
f 3855/5717/1419 3113/5731/1421 794/5744/1422 3112/5732/1420
f 3110/5701/1416 963/5716/1418 3113/5731/1421 3855/5717/1419
f 963/5716/1418 3116/5730/1423 3856/5743/1424 3113/5731/1421
f 3113/5731/1421 3856/5743/1424 3114/5756/1425 794/5744/1422
f 3856/4310/1424 3115/4307/1426 207/4309/1427 3114/4311/1425
f 3116/5730/1423 795/5742/1428 3115/5755/1426 3856/5743/1424
f 792/5680/1406 3106/5699/1409 3857/5715/1429 3111/5700/1417
f 3111/5700/1417 3857/5715/1429 3116/5730/1423 963/5716/1418
f 3857/5715/1429 3117/5729/1430 795/5742/1428 3116/5730/1423
f 3106/5699/1409 243/5714/1411 3117/5729/1430 3857/5715/1429
f 243/4304/1411 3120/4305/1431 3858/4301/1432 3117/4300/1430
f 3117/4300/1430 3858/4301/1432 3118/4302/1433 795/4303/1428
f 3858/5754/1432 3119/5753/1434 964/5769/1435 3118/5770/1433
f 3120/5728/1431 798/5741/1436 3119/5753/1434 3858/5754/1432
f 795/4303/1428 3118/4302/1433 3859/4306/1437 3115/4307/1426
f 3115/4307/1426 3859/4306/1437 3121/4308/1438 207/4309/1427
f 3859/5784/1437 3122/5783/1439 796/5797/1440 3121/5798/1438
f 3118/5770/1433 964/5769/1435 3122/5783/1439 3859/5784/1437
f 964/5769/1435 3125/5782/1441 3860/5796/1442 3122/5783/1439
f 3122/5783/1439 3860/5796/1442 3123/5811/1443 796/5797/1440
f 3860/5796/1442 3124/5810/1444 33/5820/1445 3123/5811/1443
f 3125/5782/1441 797/5795/1446 3124/5810/1444 3860/5796/1442
f 798/5741/1436 3127/5752/1447 3861/5768/1448 3119/5753/1434
f 3119/5753/1434 3861/5768/1448 3125/5782/1441 964/5769/1435
f 3861/5768/1448 3126/5781/1449 797/5795/1446 3125/5782/1441
f 3127/5752/1447 208/5767/1450 3126/5781/1449 3861/5768/1448
f 204/5634/1359 3087/5656/1370 3862/5677/1451 3109/5657/1414
f 3109/5657/1414 3862/5677/1451 3128/5697/1452 793/5678/1412
f 3862/5677/1451 3129/5696/1453 965/5712/1454 3128/5697/1452
f 3087/5656/1370 787/5676/1372 3129/5696/1453 3862/5677/1451
f 793/5678/1412 3128/5697/1452 3863/5713/1455 3107/5698/1410
f 3107/5698/1410 3863/5713/1455 3120/5728/1431 243/5714/1411
f 3863/5713/1455 3130/5727/1456 798/5741/1436 3120/5728/1431
f 3128/5697/1452 965/5712/1454 3130/5727/1456 3863/5713/1455
f 965/5712/1454 3132/5726/1457 3864/5740/1458 3130/5727/1456
f 3130/5727/1456 3864/5740/1458 3127/5752/1447 798/5741/1436
f 3864/5740/1458 3131/5766/1459 208/5767/1450 3127/5752/1447
f 3132/3420/1457 799/3419/1460 3131/3427/1459 3864/3428/1458
f 787/5676/1372 3089/5695/1375 3865/5711/1461 3129/5696/1453
f 3129/5696/1453 3865/5711/1461 3132/5726/1457 965/5712/1454
f 3865/3413/1461 3133/3412/1462 799/3419/1460 3132/3420/1457
f 3089/3409/1375 32/3408/1377 3133/3412/1462 3865/3413/1461
f 31/5806/1398 3136/5817/1463 3866/5818/1464 3100/5792/1397
f 3100/3448/1397 3866/3449/1464 3134/3441/1465 790/3440/1394
f 3866/3449/1464 3135/3457/1466 966/3458/1467 3134/3441/1465
f 3136/3467/1463 802/3468/1468 3135/3457/1466 3866/3449/1464
f 790/3440/1394 3134/3441/1465 3867/3435/1469 3098/3434/1393
f 3098/3434/1393 3867/3435/1469 3137/3430/1470 205/3429/1382
f 3867/3435/1469 3138/3442/1471 800/3443/1472 3137/3430/1470
f 3134/5860/1465 966/5861/1467 3138/5862/1471 3867/5863/1469
f 966/5864/1467 3141/5865/1473 3868/5866/1474 3138/5867/1471
f 3138/5918/1471 3868/5919/1474 3139/5920/1475 800/5921/1472
f 3868/5924/1474 3140/5925/1476 244/5926/1477 3139/5927/1475
f 3141/5865/1473 801/5870/1478 3140/5871/1476 3868/5866/1474
f 802/5928/1468 3143/5929/1479 3869/5930/1480 3135/5931/1466
f 3135/5868/1466 3869/5869/1480 3141/5865/1473 966/5864/1467
f 3869/5869/1480 3142/5872/1481 801/5870/1478 3141/5865/1473
f 3143/5873/1479 211/5874/1482 3142/5872/1481 3869/5869/1480
f 205/3429/1382 3137/3430/1470 3870/3422/1483 3092/3421/1381
f 3092/3421/1381 3870/3422/1483 3144/3415/1484 788/3414/1378
f 3870/5944/1483 3145/5945/1485 967/5946/1486 3144/5947/1484
f 3137/5948/1470 800/5949/1472 3145/5945/1485 3870/5944/1483
f 788/3414/1378 3144/3415/1484 3871/3410/1487 3090/3407/1376
f 3090/3407/1376 3871/3410/1487 3146/3411/1488 32/3408/1377
f 3871/3410/1487 3147/3416/1489 803/3417/1490 3146/3411/1488
f 3144/3415/1484 967/3423/1486 3147/3416/1489 3871/3410/1487
f 967/3423/1486 3150/3431/1491 3872/3424/1492 3147/3416/1489
f 3147/3416/1489 3872/3424/1492 3148/3425/1493 803/3417/1490
f 3872/5952/1492 3149/5953/1494 209/5954/1495 3148/5955/1493
f 3150/3431/1491 804/3436/1496 3149/3437/1494 3872/3424/1492
f 800/5921/1472 3139/5920/1475 3873/5922/1497 3145/5923/1485
f 3145/5945/1485 3873/5950/1497 3150/5951/1491 967/5946/1486
f 3873/3444/1497 3151/3445/1498 804/3436/1496 3150/3431/1491
f 3139/3450/1475 244/3451/1477 3151/3445/1498 3873/3444/1497
f 244/3451/1477 3154/3459/1499 3874/3452/1500 3151/3445/1498
f 3151/3445/1498 3874/3452/1500 3152/3453/1501 804/3436/1496
f 3874/3452/1500 3153/3460/1502 968/3461/1503 3152/3453/1501
f 3154/3459/1499 807/3469/1504 3153/3460/1502 3874/3452/1500
f 804/5960/1496 3152/5961/1501 3875/5956/1505 3149/5953/1494
f 3149/5953/1494 3875/5956/1505 3155/5957/1506 209/5954/1495
f 3875/3473/1505 3156/3472/1507 805/3483/1508 3155/3484/1506
f 3152/3453/1501 968/3461/1503 3156/3472/1507 3875/3473/1505
f 968/3461/1503 3159/3471/1509 3876/3482/1510 3156/3472/1507
f 3156/3472/1507 3876/3482/1510 3157/3495/1511 805/3483/1508
f 3876/3482/1510 3158/3506/1512 35/3507/1513 3157/3495/1511
f 3159/5967/1509 806/5968/1514 3158/5969/1512 3876/5970/1510
f 807/3469/1504 3161/3481/1515 3877/3470/1516 3153/3460/1502
f 3153/3460/1502 3877/3470/1516 3159/3471/1509 968/3461/1503
f 3877/5971/1516 3160/5972/1517 806/5968/1514 3159/5967/1509
f 3161/3481/1515 210/3493/1518 3160/3494/1517 3877/3470/1516
f 211/5874/1482 3164/5877/1519 3878/5875/1520 3142/5872/1481
f 3142/5872/1481 3878/5875/1520 3162/5876/1521 801/5870/1478
f 3878/3498/1520 3163/3499/1522 969/3491/1523 3162/3490/1521
f 3164/5877/1519 809/5878/1524 3163/5879/1522 3878/5875/1520
f 801/3501/1478 3162/3490/1521 3879/3479/1525 3140/3502/1476
f 3140/5975/1476 3879/5976/1525 3154/5977/1499 244/5978/1477
f 3879/3479/1525 3165/3480/1526 807/3469/1504 3154/3459/1499
f 3162/3490/1521 969/3491/1523 3165/3480/1526 3879/3479/1525
f 969/3491/1523 3167/3500/1527 3880/3492/1528 3165/3480/1526
f 3165/3480/1526 3880/3492/1528 3161/3481/1515 807/3469/1504
f 3880/3492/1528 3166/3503/1529 210/3493/1518 3161/3481/1515
f 3167/3500/1527 808/3511/1530 3166/3503/1529 3880/3492/1528
f 809/5878/1524 3169/5882/1531 3881/5883/1532 3163/5879/1522
f 3163/3499/1522 3881/3510/1532 3167/3500/1527 969/3491/1523
f 3881/3510/1532 3168/3517/1533 808/3511/1530 3167/3500/1527
f 3169/5882/1531 34/5887/1534 3168/5888/1533 3881/5883/1532
f 32/3408/1377 3146/3411/1488 3882/3418/1535 3133/3412/1462
f 3133/3412/1462 3882/3418/1535 3170/3426/1536 799/3419/1460
f 3882/5979/1535 3171/5980/1537 970/5981/1538 3170/5982/1536
f 3146/5983/1488 803/5984/1490 3171/5980/1537 3882/5979/1535
f 799/5985/1460 3170/5986/1536 3883/5987/1539 3131/5988/1459
f 3131/3427/1459 3883/3456/1539 3172/3466/1540 208/3478/1450
f 3883/3456/1539 3173/3447/1541 810/3455/1542 3172/3466/1540
f 3170/3426/1536 970/3439/1538 3173/3447/1541 3883/3456/1539
f 970/3439/1538 3176/3438/1543 3884/3446/1544 3173/3447/1541
f 3173/3447/1541 3884/3446/1544 3174/3454/1545 810/3455/1542
f 3884/3446/1544 3175/3462/1546 245/3463/1547 3174/3454/1545
f 3176/5964/1543 811/5963/1548 3175/5965/1546 3884/5966/1544
f 803/3417/1490 3148/3425/1493 3885/3432/1549 3171/3433/1537
f 3171/3433/1537 3885/3432/1549 3176/3438/1543 970/3439/1538
f 3885/5959/1549 3177/5958/1550 811/5963/1548 3176/5964/1543
f 3148/5955/1493 209/5954/1495 3177/5958/1550 3885/5959/1549
f 208/3478/1450 3172/3466/1540 3886/3477/1551 3126/3489/1449
f 3126/5781/1449 3886/5808/1551 3178/5809/1552 797/5795/1446
f 3886/3477/1551 3179/3465/1553 971/3476/1554 3178/3488/1552
f 3172/3466/1540 810/3455/1542 3179/3465/1553 3886/3477/1551
f 797/5795/1446 3178/5809/1552 3887/5819/1555 3124/5810/1444
f 3124/5810/1444 3887/5819/1555 3180/5826/1556 33/5820/1445
f 3887/761/1555 3181/755/1557 812/758/1558 3180/762/1556
f 3178/3488/1552 971/3476/1554 3181/3487/1557 3887/3497/1555
f 971/3476/1554 3184/3475/1559 3888/3486/1560 3181/3487/1557
f 3181/755/1557 3888/756/1560 3182/757/1561 812/758/1558
f 3888/5989/1560 3183/5990/1562 212/5991/1563 3182/5992/1561
f 3184/3475/1559 813/3485/1564 3183/3496/1562 3888/3486/1560
f 810/3455/1542 3174/3454/1545 3889/3464/1565 3179/3465/1553
f 3179/3465/1553 3889/3464/1565 3184/3475/1559 971/3476/1554
f 3889/3464/1565 3185/3474/1566 813/3485/1564 3184/3475/1559
f 3174/3454/1545 245/3463/1547 3185/3474/1566 3889/3464/1565
f 245/6006/1547 3188/6007/1567 3890/6001/1568 3185/6000/1566
f 3185/6000/1566 3890/6001/1568 3186/5998/1569 813/5997/1564
f 3890/6001/1568 3187/6008/1570 972/6002/1571 3186/5998/1569
f 3188/6007/1567 816/6011/1572 3187/6008/1570 3890/6001/1568
f 813/5997/1564 3186/5998/1569 3891/5993/1573 3183/5990/1562
f 3183/5990/1562 3891/5993/1573 3189/5994/1574 212/5991/1563
f 3891/809/1573 3190/810/1575 814/799/1576 3189/800/1574
f 3186/5998/1569 972/6002/1571 3190/6003/1575 3891/5993/1573
f 972/834/1571 3193/835/1577 3892/822/1578 3190/810/1575
f 3190/810/1575 3892/822/1578 3191/808/1579 814/799/1576
f 3892/822/1578 3192/833/1580 36/821/1581 3191/808/1579
f 3193/835/1577 815/849/1582 3192/833/1580 3892/822/1578
f 816/6011/1572 3195/6013/1583 3893/6014/1584 3187/6008/1570
f 3187/3589/1570 3893/3575/1584 3193/3582/1577 972/3590/1571
f 3893/3575/1584 3194/3565/1585 815/3573/1582 3193/3582/1577
f 3195/3574/1583 213/3557/1586 3194/3565/1585 3893/3575/1584
f 209/5954/1495 3155/5957/1506 3894/5962/1587 3177/5958/1550
f 3177/4314/1550 3894/4315/1587 3196/4316/1588 811/4317/1548
f 3894/6018/1587 3197/6019/1589 973/6020/1590 3196/6021/1588
f 3155/6022/1506 805/6023/1508 3197/6019/1589 3894/6018/1587
f 811/4317/1548 3196/4316/1588 3895/4318/1591 3175/4319/1546
f 3175/6009/1546 3895/6010/1591 3188/6007/1567 245/6006/1547
f 3895/6010/1591 3198/6012/1592 816/6011/1572 3188/6007/1567
f 3196/4316/1588 973/4320/1590 3198/4321/1592 3895/4318/1591
f 973/6016/1590 3200/6017/1593 3896/6015/1594 3198/6012/1592
f 3198/6012/1592 3896/6015/1594 3195/6013/1583 816/6011/1572
f 3896/6024/1594 3199/6025/1595 213/6026/1586 3195/6027/1583
f 3200/6028/1593 817/6029/1596 3199/6025/1595 3896/6024/1594
f 805/3483/1508 3157/3495/1511 3897/3508/1597 3197/3509/1589
f 3197/3509/1589 3897/3508/1597 3200/3515/1593 973/3516/1590
f 3897/3508/1597 3201/3524/1598 817/3525/1596 3200/3515/1593
f 3157/6030/1511 35/6031/1513 3201/6032/1598 3897/6033/1597
f 34/5887/1534 3204/5893/1599 3898/5894/1600 3168/5888/1533
f 3168/3517/1533 3898/3526/1600 3202/3518/1601 808/3511/1530
f 3898/6034/1600 3203/6035/1602 974/6036/1603 3202/6037/1601
f 3204/6038/1599 820/6039/1604 3203/6035/1602 3898/6034/1600
f 808/3511/1530 3202/3518/1601 3899/3512/1605 3166/3503/1529
f 3166/3503/1529 3899/3512/1605 3205/3504/1606 210/3493/1518
f 3899/3512/1605 3206/3519/1607 818/3513/1608 3205/3504/1606
f 3202/3518/1601 974/3527/1603 3206/3519/1607 3899/3512/1605
f 974/3527/1603 3209/3536/1609 3900/3528/1610 3206/3519/1607
f 3206/3519/1607 3900/3528/1610 3207/3520/1611 818/3513/1608
f 3900/3528/1610 3208/3537/1612 246/3529/1613 3207/3520/1611
f 3209/6041/1609 819/6046/1614 3208/6051/1612 3900/6052/1610
f 820/6039/1604 3211/6044/1615 3901/6040/1616 3203/6035/1602
f 3203/6035/1602 3901/6040/1616 3209/6041/1609 974/6036/1603
f 3901/6040/1616 3210/6045/1617 819/6046/1614 3209/6041/1609
f 3211/6044/1615 216/6048/1618 3210/6045/1617 3901/6040/1616
f 210/3493/1518 3205/3504/1606 3902/3505/1619 3160/3494/1517
f 3160/5972/1517 3902/5973/1619 3212/5974/1620 806/5968/1514
f 3902/3505/1619 3213/3514/1621 975/3522/1622 3212/3523/1620
f 3205/3504/1606 818/3513/1608 3213/3514/1621 3902/3505/1619
f 806/3542/1514 3212/3523/1620 3903/3533/1623 3158/3506/1512
f 3158/6066/1512 3903/6067/1623 3214/6068/1624 35/6069/1513
f 3903/3533/1623 3215/3532/1625 821/3540/1626 3214/3541/1624
f 3212/3523/1620 975/3522/1622 3215/3532/1625 3903/3533/1623
f 975/6070/1622 3218/6071/1627 3904/6072/1628 3215/6073/1625
f 3215/3532/1625 3904/3552/1628 3216/3553/1629 821/3540/1626
f 3904/3552/1628 3217/3560/1630 214/3561/1631 3216/3553/1629
f 3218/6071/1627 822/6074/1632 3217/6075/1630 3904/6072/1628
f 818/3513/1608 3207/3520/1611 3905/3521/1633 3213/3514/1621
f 3213/3514/1621 3905/3521/1633 3218/3531/1627 975/3522/1622
f 3905/6076/1633 3219/6077/1634 822/6074/1632 3218/6071/1627
f 3207/3520/1611 246/3529/1613 3219/3530/1634 3905/3521/1633
f 246/3529/1613 3222/3538/1635 3906/3539/1636 3219/3530/1634
f 3219/3530/1634 3906/3539/1636 3220/3550/1637 822/3551/1632
f 3906/3539/1636 3221/3549/1638 976/3558/1639 3220/3550/1637
f 3222/3538/1635 825/3548/1640 3221/3549/1638 3906/3539/1636
f 822/3551/1632 3220/3550/1637 3907/3559/1641 3217/3560/1630
f 3217/3560/1630 3907/3559/1641 3223/3569/1642 214/3561/1631
f 3907/3559/1641 3224/3568/1643 823/3579/1644 3223/3569/1642
f 3220/3550/1637 976/3558/1639 3224/3568/1643 3907/3559/1641
f 976/3558/1639 3227/3567/1645 3908/3578/1646 3224/3568/1643
f 3224/3568/1643 3908/3578/1646 3225/3586/1647 823/3579/1644
f 3908/3578/1646 3226/3585/1648 38/3596/1649 3225/3586/1647
f 3227/3567/1645 824/3577/1650 3226/3585/1648 3908/3578/1646
f 825/6078/1640 3229/6079/1651 3909/6080/1652 3221/6081/1638
f 3221/3549/1638 3909/3566/1652 3227/3567/1645 976/3558/1639
f 3909/3566/1652 3228/3576/1653 824/3577/1650 3227/3567/1645
f 3229/6082/1651 215/6083/1654 3228/6084/1653 3909/6085/1652
f 216/6048/1618 3232/6053/1655 3910/6049/1656 3210/6045/1617
f 3210/6045/1617 3910/6049/1656 3230/6050/1657 819/6046/1614
f 3910/3644/1656 3231/3635/1658 977/3636/1659 3230/3645/1657
f 3232/6053/1655 827/6055/1660 3231/6056/1658 3910/6049/1656
f 819/6046/1614 3230/6050/1657 3911/6054/1661 3208/6051/1612
f 3208/3537/1612 3911/3547/1661 3222/3538/1635 246/3529/1613
f 3911/6086/1661 3233/6087/1662 825/6088/1640 3222/6089/1635
f 3230/1282/1657 977/1283/1659 3233/1284/1662 3911/1285/1661
f 977/1283/1659 3235/1286/1663 3912/1287/1664 3233/1284/1662
f 3233/1284/1662 3912/1287/1664 3229/1290/1651 825/1291/1640
f 3912/1287/1664 3234/1289/1665 215/1292/1654 3229/1290/1651
f 3235/1286/1663 826/1288/1666 3234/1289/1665 3912/1287/1664
f 827/6090/1660 3237/6091/1667 3913/6092/1668 3231/6093/1658
f 3231/3635/1658 3913/3625/1668 3235/3626/1663 977/3636/1659
f 3913/3625/1668 3236/3613/1669 826/3604/1666 3235/3626/1663
f 3237/3634/1667 37/3623/1670 3236/3613/1669 3913/3625/1668
f 35/3507/1513 3214/3541/1624 3914/3534/1671 3201/3524/1598
f 3201/3524/1598 3914/3534/1671 3238/3535/1672 817/3525/1596
f 3914/3534/1671 3239/3543/1673 978/3544/1674 3238/3535/1672
f 3214/3541/1624 821/3540/1626 3239/3543/1673 3914/3534/1671
f 817/3525/1596 3238/3535/1672 3915/3545/1675 3199/3546/1595
f 3199/3546/1595 3915/3545/1675 3240/3556/1676 213/3557/1586
f 3915/6111/1675 3241/6112/1677 828/6113/1678 3240/6114/1676
f 3238/6115/1672 978/6116/1674 3241/6112/1677 3915/6111/1675
f 978/6116/1674 3244/6121/1679 3916/6117/1680 3241/6112/1677
f 3241/6112/1677 3916/6117/1680 3242/6118/1681 828/6113/1678
f 3916/4207/1680 3243/4208/1682 247/4181/1683 3242/4192/1681
f 3244/1301/1679 829/1293/1684 3243/1296/1682 3916/1302/1680
f 821/3540/1626 3216/3553/1629 3917/3554/1685 3239/3543/1673
f 3239/3543/1673 3917/3554/1685 3244/3555/1679 978/3544/1674
f 3917/3554/1685 3245/3562/1686 829/3563/1684 3244/3555/1679
f 3216/3553/1629 214/3561/1631 3245/3562/1686 3917/3554/1685
f 213/3557/1586 3240/3556/1676 3918/3564/1687 3194/3565/1585
f 3194/3565/1585 3918/3564/1687 3246/3572/1688 815/3573/1582
f 3918/6120/1687 3247/6119/1689 979/6123/1690 3246/6124/1688
f 3240/6114/1676 828/6113/1678 3247/6119/1689 3918/6120/1687
f 815/849/1582 3246/866/1688 3919/848/1691 3192/833/1580
f 3192/833/1580 3919/848/1691 3248/831/1692 36/821/1581
f 3919/848/1691 3249/865/1693 830/846/1694 3248/831/1692
f 3246/4330/1688 979/4322/1690 3249/4325/1693 3919/4331/1691
f 979/4322/1690 3252/4323/1695 3920/4324/1696 3249/4325/1693
f 3249/865/1693 3920/880/1696 3250/861/1697 830/846/1694
f 3920/880/1696 3251/894/1698 217/877/1699 3250/861/1697
f 3252/4323/1695 831/4328/1700 3251/4329/1698 3920/4324/1696
f 828/6113/1678 3242/6118/1681 3921/6122/1701 3247/6119/1689
f 3247/4326/1689 3921/4327/1701 3252/4323/1695 979/4322/1690
f 3921/6133/1701 3253/6125/1702 831/6128/1700 3252/6134/1695
f 3242/4192/1681 247/4181/1683 3253/4182/1702 3921/4193/1701
f 247/4181/1683 3256/4161/1703 3922/4162/1704 3253/4182/1702
f 3253/6125/1702 3922/6126/1704 3254/6127/1705 831/6128/1700
f 3922/6126/1704 3255/6129/1706 980/6130/1707 3254/6127/1705
f 3256/4161/1703 834/4143/1708 3255/4144/1706 3922/4162/1704
f 831/6128/1700 3254/6127/1705 3923/6131/1709 3251/6132/1698
f 3251/6132/1698 3923/6131/1709 3257/6138/1710 217/6139/1699
f 3923/6131/1709 3258/6137/1711 832/6141/1712 3257/6138/1710
f 3254/6127/1705 980/6130/1707 3258/6137/1711 3923/6131/1709
f 980/6130/1707 3261/6136/1713 3924/6140/1714 3258/6137/1711
f 3258/6137/1711 3924/6140/1714 3259/6144/1715 832/6141/1712
f 3924/4146/1714 3260/4119/1716 39/4131/1717 3259/4147/1715
f 3261/6136/1713 833/6142/1718 3260/6143/1716 3924/6140/1714
f 834/4143/1708 3263/4129/1719 3925/4120/1720 3255/4144/1706
f 3255/6129/1706 3925/6135/1720 3261/6136/1713 980/6130/1707
f 3925/4120/1720 3262/4108/1721 833/4109/1718 3261/4121/1713
f 3263/4129/1719 218/4117/1722 3262/4108/1721 3925/4120/1720
f 214/3561/1631 3223/3569/1642 3926/3570/1723 3245/3562/1686
f 3245/3562/1686 3926/3570/1723 3264/3571/1724 829/3563/1684
f 3926/3570/1723 3265/3580/1725 981/3581/1726 3264/3571/1724
f 3223/3569/1642 823/3579/1644 3265/3580/1725 3926/3570/1723
f 829/1293/1684 3264/1294/1724 3927/1295/1727 3243/1296/1682
f 3243/1296/1682 3927/1295/1727 3256/1299/1703 247/1300/1683
f 3927/1295/1727 3266/1298/1728 834/1303/1708 3256/1299/1703
f 3264/1294/1724 981/1297/1726 3266/1298/1728 3927/1295/1727
f 981/6145/1726 3268/6146/1729 3928/6147/1730 3266/6148/1728
f 3266/6148/1728 3928/6147/1730 3263/6151/1719 834/6152/1708
f 3928/8073/1730 3267/8074/1731 218/8075/1722 3263/8076/1719
f 3268/6146/1729 835/6149/1732 3267/6150/1731 3928/6147/1730
f 823/3579/1644 3225/3586/1647 3929/3587/1733 3265/3580/1725
f 3265/3580/1725 3929/3587/1733 3268/3588/1729 981/3581/1726
f 3929/6153/1733 3269/6154/1734 835/6149/1732 3268/6146/1729
f 3225/6155/1647 38/6156/1649 3269/6154/1734 3929/6153/1733
f 37/3623/1670 3272/3624/1735 3930/3614/1736 3236/3613/1669
f 3236/3613/1669 3930/3614/1736 3270/3605/1737 826/3604/1666
f 3930/6157/1736 3271/6158/1738 982/6159/1739 3270/6160/1737
f 3272/6161/1735 838/6162/1740 3271/6158/1738 3930/6157/1736
f 826/3604/1666 3270/3605/1737 3931/3598/1741 3234/3597/1665
f 3234/3597/1665 3931/3598/1741 3273/3592/1742 215/3591/1654
f 3931/6169/1741 3274/6170/1743 836/6171/1744 3273/6172/1742
f 3270/6160/1737 982/6159/1739 3274/6165/1743 3931/6166/1741
f 982/6159/1739 3277/6164/1745 3932/6168/1746 3274/6165/1743
f 3274/3615/1743 3932/3616/1746 3275/3606/1747 836/3599/1744
f 3932/6173/1746 3276/6174/1748 248/6175/1749 3275/6176/1747
f 3277/6177/1745 837/6178/1750 3276/6174/1748 3932/6173/1746
f 838/6162/1740 3279/6167/1751 3933/6163/1752 3271/6158/1738
f 3271/6158/1738 3933/6163/1752 3277/6164/1745 982/6159/1739
f 3933/6181/1752 3278/6182/1753 837/6178/1750 3277/6177/1745
f 3279/3670/1751 221/3664/1754 3278/3665/1753 3933/3671/1752
f 215/3591/1654 3273/3592/1742 3934/3583/1755 3228/3576/1653
f 3228/3576/1653 3934/3583/1755 3280/3584/1756 824/3577/1650
f 3934/3583/1755 3281/3593/1757 983/3594/1758 3280/3584/1756
f 3273/3592/1742 836/3599/1744 3281/3593/1757 3934/3583/1755
f 824/3577/1650 3280/3584/1756 3935/3595/1759 3226/3585/1648
f 3226/3585/1648 3935/3595/1759 3282/3603/1760 38/3596/1649
f 3935/3595/1759 3283/3602/1761 839/3610/1762 3282/3603/1760
f 3280/3584/1756 983/3594/1758 3283/3602/1761 3935/3595/1759
f 983/3594/1758 3286/3601/1763 3936/3609/1764 3283/3602/1761
f 3283/3602/1761 3936/3609/1764 3284/3620/1765 839/3610/1762
f 3936/6185/1764 3285/6186/1766 219/6187/1767 3284/6188/1765
f 3286/3601/1763 840/3608/1768 3285/3619/1766 3936/3609/1764
f 836/3599/1744 3275/3606/1747 3937/3600/1769 3281/3593/1757
f 3281/3593/1757 3937/3600/1769 3286/3601/1763 983/3594/1758
f 3937/3600/1769 3287/3607/1770 840/3608/1768 3286/3601/1763
f 3275/6176/1747 248/6175/1749 3287/6179/1770 3937/6180/1769
f 248/3627/1749 3290/3628/1771 3938/3617/1772 3287/3607/1770
f 3287/3607/1770 3938/3617/1772 3288/3618/1773 840/3608/1768
f 3938/6200/1772 3289/6201/1774 984/6197/1775 3288/6196/1773
f 3290/3628/1771 843/3639/1776 3289/3640/1774 3938/3617/1772
f 840/3608/1768 3288/3618/1773 3939/3629/1777 3285/3619/1766
f 3285/6186/1766 3939/6189/1777 3291/6190/1778 219/6187/1767
f 3939/6189/1777 3292/6193/1779 841/6194/1780 3291/6190/1778
f 3288/6196/1773 984/6197/1775 3292/6193/1779 3939/6189/1777
f 984/6197/1775 3295/6202/1781 3940/6198/1782 3292/6193/1779
f 3292/6193/1779 3940/6198/1782 3293/6199/1783 841/6194/1780
f 3940/4332/1782 3294/4333/1784 41/4334/1785 3293/4335/1783
f 3295/4336/1781 842/4337/1786 3294/4333/1784 3940/4332/1782
f 843/3639/1776 3297/3649/1787 3941/3650/1788 3289/3640/1774
f 3289/6201/1774 3941/6203/1788 3295/6202/1781 984/6197/1775
f 3941/6203/1788 3296/6204/1789 842/6205/1786 3295/6202/1781
f 3297/6206/1787 220/6207/1790 3296/6204/1789 3941/6203/1788
f 221/3664/1754 3300/3658/1791 3942/3655/1792 3278/3665/1753
f 3278/6182/1753 3942/6183/1792 3298/6184/1793 837/6178/1750
f 3942/3655/1792 3299/3656/1794 985/3653/1795 3298/3647/1793
f 3300/3658/1791 845/3659/1796 3299/3656/1794 3942/3655/1792
f 837/3646/1750 3298/3647/1793 3943/3638/1797 3276/3637/1748
f 3276/3637/1748 3943/3638/1797 3290/3628/1771 248/3627/1749
f 3943/3638/1797 3301/3648/1798 843/3639/1776 3290/3628/1771
f 3298/3647/1793 985/3653/1795 3301/3648/1798 3943/3638/1797
f 985/3653/1795 3303/3657/1799 3944/3654/1800 3301/3648/1798
f 3301/3648/1798 3944/3654/1800 3297/3649/1787 843/3639/1776
f 3944/1336/1800 3302/1332/1801 220/1328/1790 3297/1337/1787
f 3303/3657/1799 844/3661/1802 3302/3662/1801 3944/3654/1800
f 845/3659/1796 3305/3663/1803 3945/3660/1804 3299/3656/1794
f 3299/3656/1794 3945/3660/1804 3303/3657/1799 985/3653/1795
f 3945/3660/1804 3304/3666/1805 844/3661/1802 3303/3657/1799
f 3305/3663/1803 40/3669/1806 3304/3666/1805 3945/3660/1804
f 38/3596/1649 3282/3603/1760 3946/3611/1807 3269/3612/1734
f 3269/3612/1734 3946/3611/1807 3306/3621/1808 835/3622/1732
f 3946/6208/1807 3307/6209/1809 986/6210/1810 3306/6211/1808
f 3282/6212/1760 839/6213/1762 3307/6209/1809 3946/6208/1807
f 835/3622/1732 3306/3621/1808 3947/3632/1811 3267/3633/1731
f 3267/6218/1731 3947/6214/1811 3308/6217/1812 218/6219/1722
f 3947/6214/1811 3309/6215/1813 846/6216/1814 3308/6217/1812
f 3306/3621/1808 986/3642/1810 3309/3643/1813 3947/3632/1811
f 986/6220/1810 3312/6221/1815 3948/6222/1816 3309/6223/1813
f 3309/6223/1813 3948/6222/1816 3310/6226/1817 846/6227/1814
f 3948/6222/1816 3311/6225/1818 249/6228/1819 3310/6226/1817
f 3312/6221/1815 847/6224/1820 3311/6225/1818 3948/6222/1816
f 839/3610/1762 3284/3620/1765 3949/3630/1821 3307/3631/1809
f 3307/3631/1809 3949/3630/1821 3312/3641/1815 986/3642/1810
f 3949/3630/1821 3313/3651/1822 847/3652/1820 3312/3641/1815
f 3284/6188/1765 219/6187/1767 3313/6191/1822 3949/6192/1821
f 218/4117/1722 3308/4107/1812 3950/4094/1823 3262/4108/1721
f 3262/4108/1721 3950/4094/1823 3314/4095/1824 833/4109/1718
f 3950/4094/1823 3315/4074/1825 987/4075/1826 3314/4095/1824
f 3308/4107/1812 846/4092/1814 3315/4074/1825 3950/4094/1823
f 833/4109/1718 3314/4095/1824 3951/4118/1827 3260/4119/1716
f 3260/4119/1716 3951/4118/1827 3316/4130/1828 39/4131/1717
f 3951/4118/1827 3317/4091/1829 848/4145/1830 3316/4130/1828
f 3314/6231/1824 987/6232/1826 3317/6233/1829 3951/6234/1827
f 987/4075/1826 3320/4060/1831 3952/4073/1832 3317/4091/1829
f 3317/6235/1829 3952/6236/1832 3318/6237/1833 848/6238/1830
f 3952/4073/1832 3319/4072/1834 74/4089/1835 3318/4090/1833
f 3320/4060/1831 849/4048/1836 3319/4072/1834 3952/4073/1832
f 846/4092/1814 3310/4093/1817 3953/4059/1837 3315/4074/1825
f 3315/4074/1825 3953/4059/1837 3320/4060/1831 987/4075/1826
f 3953/4059/1837 3321/4047/1838 849/4048/1836 3320/4060/1831
f 3310/6226/1817 249/6228/1819 3321/6229/1838 3953/6230/1837
f 249/4058/1819 3324/4046/1839 3954/4034/1840 3321/4047/1838
f 3321/4047/1838 3954/4034/1840 3322/4020/1841 849/4048/1836
f 3954/4034/1840 3323/4019/1842 988/4005/1843 3322/4020/1841
f 3324/4046/1839 852/4033/1844 3323/4019/1842 3954/4034/1840
f 849/6241/1836 3322/6242/1841 3955/6243/1845 3319/6244/1834
f 3319/4072/1834 3955/4021/1845 3325/4106/1846 74/4089/1835
f 3955/1218/1845 3326/1199/1847 850/1181/1848 3325/1198/1846
f 3322/4020/1841 988/4005/1843 3326/4006/1847 3955/4021/1845
f 988/4005/1843 3329/3992/1849 3956/3974/1850 3326/4006/1847
f 3326/1199/1847 3956/1200/1850 3327/1165/1851 850/1181/1848
f 3956/3974/1850 3328/3955/1852 42/3956/1853 3327/3975/1851
f 3329/3992/1849 851/3972/1854 3328/3955/1852 3956/3974/1850
f 852/4033/1844 3331/4018/1855 3957/4004/1856 3323/4019/1842
f 3323/4019/1842 3957/4004/1856 3329/3992/1849 988/4005/1843
f 3957/4004/1856 3330/3990/1857 851/3972/1854 3329/3992/1849
f 3331/4018/1855 75/4002/1858 3330/3990/1857 3957/4004/1856
f 219/6187/1767 3291/6190/1778 3958/6195/1859 3313/6191/1822
f 3313/1308/1822 3958/1309/1859 3332/1305/1860 847/1304/1820
f 3958/1309/1859 3333/1314/1861 989/1310/1862 3332/1305/1860
f 3291/1318/1778 841/1319/1780 3333/1314/1861 3958/1309/1859
f 847/1304/1820 3332/1305/1860 3959/1306/1863 3311/1307/1818
f 3311/1307/1818 3959/1306/1863 3324/1312/1839 249/1313/1819
f 3959/1306/1863 3334/1311/1864 852/1317/1844 3324/1312/1839
f 3332/1305/1860 989/1310/1862 3334/1311/1864 3959/1306/1863
f 989/1310/1862 3336/1315/1865 3960/1316/1866 3334/1311/1864
f 3334/4045/1864 3960/4032/1866 3331/4018/1855 852/4033/1844
f 3960/4032/1866 3335/4016/1867 75/4002/1858 3331/4018/1855
f 3336/4044/1865 853/4030/1868 3335/4016/1867 3960/4032/1866
f 841/1319/1780 3293/1321/1783 3961/1320/1869 3333/1314/1861
f 3333/1314/1861 3961/1320/1869 3336/1315/1865 989/1310/1862
f 3961/1320/1869 3337/1322/1870 853/1323/1868 3336/1315/1865
f 3293/1321/1783 41/1324/1785 3337/1322/1870 3961/1320/1869
f 40/3669/1806 3340/3675/1871 3962/3672/1872 3304/3666/1805
f 3304/3666/1805 3962/3672/1872 3338/3667/1873 844/3661/1802
f 3962/3672/1872 3339/3676/1874 990/3673/1875 3338/3667/1873
f 3340/6245/1871 856/6246/1876 3339/6247/1874 3962/6248/1872
f 844/3661/1802 3338/3667/1873 3963/3668/1877 3302/3662/1801
f 3302/1332/1801 3963/1333/1877 3341/1329/1878 220/1328/1790
f 3963/1333/1877 3342/1334/1879 854/1335/1880 3341/1329/1878
f 3338/3667/1873 990/3673/1875 3342/3674/1879 3963/3668/1877
f 990/3673/1875 3345/3677/1881 3964/3678/1882 3342/3674/1879
f 3342/3674/1879 3964/3678/1882 3343/3679/1883 854/3680/1880
f 3964/3678/1882 3344/3681/1884 250/3682/1885 3343/3679/1883
f 3345/1352/1881 855/1347/1886 3344/1353/1884 3964/1354/1882
f 856/6246/1876 3347/6251/1887 3965/6252/1888 3339/6247/1874
f 3339/6247/1874 3965/6252/1888 3345/6255/1881 990/6256/1875
f 3965/1351/1888 3346/1341/1889 855/1347/1886 3345/1352/1881
f 3347/6251/1887 78/6253/1890 3346/6254/1889 3965/6252/1888
f 220/1328/1790 3341/1329/1878 3966/1330/1891 3296/1331/1789
f 3296/4338/1789 3966/4339/1891 3348/4340/1892 842/4341/1786
f 3966/6261/1891 3349/6262/1893 991/6263/1894 3348/6264/1892
f 3341/6265/1878 854/6266/1880 3349/6262/1893 3966/6261/1891
f 842/6275/1786 3348/6264/1892 3967/6270/1895 3294/6276/1784
f 3294/6276/1784 3967/6270/1895 3350/6274/1896 41/6280/1785
f 3967/6270/1895 3351/6269/1897 857/6273/1898 3350/6274/1896
f 3348/6264/1892 991/6263/1894 3351/6269/1897 3967/6270/1895
f 991/6263/1894 3354/6268/1899 3968/6272/1900 3351/6269/1897
f 3351/6269/1897 3968/6272/1900 3352/6277/1901 857/6273/1898
f 3968/3693/1900 3353/3692/1902 76/3698/1903 3352/3699/1901
f 3354/3688/1899 858/3687/1904 3353/3692/1902 3968/3693/1900
f 854/6266/1880 3343/6271/1883 3969/6267/1905 3349/6262/1893
f 3349/6262/1893 3969/6267/1905 3354/6268/1899 991/6263/1894
f 3969/3684/1905 3355/3683/1906 858/3687/1904 3354/3688/1899
f 3343/3679/1883 250/3682/1885 3355/3683/1906 3969/3684/1905
f 250/3682/1885 3358/3685/1907 3970/3686/1908 3355/3683/1906
f 3355/3683/1906 3970/3686/1908 3356/3691/1909 858/3687/1904
f 3970/3686/1908 3357/3690/1910 992/3696/1911 3356/3691/1909
f 3358/3685/1907 861/3689/1912 3357/3690/1910 3970/3686/1908
f 858/3687/1904 3356/3691/1909 3971/3697/1913 3353/3692/1902
f 3353/3692/1902 3971/3697/1913 3359/3702/1914 76/3698/1903
f 3971/3697/1913 3360/3701/1915 859/3708/1916 3359/3702/1914
f 3356/3691/1909 992/3696/1911 3360/3701/1915 3971/3697/1913
f 992/3696/1911 3363/3700/1917 3972/3707/1918 3360/3701/1915
f 3360/3701/1915 3972/3707/1918 3361/3713/1919 859/3708/1916
f 3972/3707/1918 3362/3712/1920 44/3720/1921 3361/3713/1919
f 3363/3700/1917 860/3706/1922 3362/3712/1920 3972/3707/1918
f 861/3689/1912 3365/3694/1923 3973/3695/1924 3357/3690/1910
f 3357/3690/1910 3973/3695/1924 3363/3700/1917 992/3696/1911
f 3973/3695/1924 3364/3705/1925 860/3706/1922 3363/3700/1917
f 3365/6281/1923 77/6282/1926 3364/6283/1925 3973/6284/1924
f 78/1338/1890 3368/1339/1927 3974/1340/1928 3346/1341/1889
f 3346/1341/1889 3974/1340/1928 3366/1346/1929 855/1347/1886
f 3974/1340/1928 3367/1345/1930 993/1350/1931 3366/1346/1929
f 3368/1339/1927 863/1344/1932 3367/1345/1930 3974/1340/1928
f 855/6302/1886 3366/6303/1929 3975/6304/1933 3344/6305/1884
f 3344/6305/1884 3975/6304/1933 3358/6308/1907 250/6309/1885
f 3975/6304/1933 3369/6307/1934 861/6310/1912 3358/6308/1907
f 3366/6303/1929 993/6306/1931 3369/6307/1934 3975/6304/1933
f 993/6293/1931 3371/6287/1935 3976/6285/1936 3369/6289/1934
f 3369/6289/1934 3976/6285/1936 3365/6281/1923 861/6290/1912
f 3976/6285/1936 3370/6286/1937 77/6282/1926 3365/6281/1923
f 3371/6287/1935 862/6288/1938 3370/6286/1937 3976/6285/1936
f 863/6299/1932 3373/6294/1939 3977/6291/1940 3367/6298/1930
f 3367/6298/1930 3977/6291/1940 3371/6287/1935 993/6293/1931
f 3977/6291/1940 3372/6292/1941 862/6288/1938 3371/6287/1935
f 3373/6294/1939 43/6295/1942 3372/6292/1941 3977/6291/1940
f 41/1324/1785 3350/1327/1896 3978/1325/1943 3337/1322/1870
f 3337/1322/1870 3978/1325/1943 3374/1326/1944 853/1323/1868
f 3978/6311/1943 3375/6312/1945 994/6313/1946 3374/6314/1944
f 3350/6274/1896 857/6273/1898 3375/6278/1945 3978/6279/1943
f 853/4030/1868 3374/4031/1944 3979/4017/1947 3335/4016/1867
f 3335/4016/1867 3979/4017/1947 3376/4003/1948 75/4002/1858
f 3979/8077/1947 3377/8078/1949 864/8079/1950 3376/8080/1948
f 3374/6314/1944 994/6313/1946 3377/6315/1949 3979/6316/1947
f 994/6313/1946 3380/6317/1951 3980/6318/1952 3377/6315/1949
f 3377/6319/1949 3980/6320/1952 3378/6321/1953 864/6322/1950
f 3980/1361/1952 3379/1355/1954 251/1358/1955 3378/1362/1953
f 3380/6337/1951 865/6338/1956 3379/6339/1954 3980/6340/1952
f 857/6345/1898 3352/6346/1901 3981/6347/1957 3375/6348/1945
f 3375/6348/1945 3981/6347/1957 3380/6349/1951 994/6350/1946
f 3981/6341/1957 3381/6342/1958 865/6338/1956 3380/6337/1951
f 3352/3699/1901 76/3698/1903 3381/3703/1958 3981/3704/1957
f 75/4002/1858 3376/4003/1948 3982/3991/1959 3330/3990/1857
f 3330/3990/1857 3982/3991/1959 3382/3973/1960 851/3972/1854
f 3982/6330/1959 3383/6324/1961 995/6328/1962 3382/6334/1960
f 3376/6329/1948 864/6322/1950 3383/6324/1961 3982/6330/1959
f 851/3972/1854 3382/3973/1960 3983/3933/1963 3328/3955/1852
f 3328/3955/1852 3983/3933/1963 3384/3934/1964 42/3956/1853
f 3983/3933/1963 3385/3915/1965 866/3916/1966 3384/3934/1964
f 3382/6334/1960 995/6328/1962 3385/6333/1965 3983/6336/1963
f 995/6328/1962 3388/6327/1967 3984/6332/1968 3385/6333/1965
f 3385/3915/1965 3984/3900/1968 3386/3901/1969 866/3916/1966
f 3984/3900/1968 3387/3871/1970 79/3884/1971 3386/3901/1969
f 3388/6327/1967 867/6331/1972 3387/6335/1970 3984/6332/1968
f 864/6322/1950 3378/6321/1953 3985/6323/1973 3383/6324/1961
f 3383/6324/1961 3985/6323/1973 3388/6327/1967 995/6328/1962
f 3985/6323/1973 3389/6326/1974 867/6331/1972 3388/6327/1967
f 3378/6321/1953 251/6325/1955 3389/6326/1974 3985/6323/1973
f 251/3870/1955 3392/3856/1975 3986/3837/1976 3389/3857/1974
f 3389/3857/1974 3986/3837/1976 3390/3838/1977 867/3858/1972
f 3986/3837/1976 3391/3822/1978 996/3823/1979 3390/3838/1977
f 3392/3856/1975 870/3835/1980 3391/3822/1978 3986/3837/1976
f 867/3858/1972 3390/3838/1977 3987/3868/1981 3387/3871/1970
f 3387/3871/1970 3987/3868/1981 3393/3869/1982 79/3884/1971
f 3987/3868/1981 3394/3854/1983 868/3855/1984 3393/3869/1982
f 3390/6351/1977 996/6352/1979 3394/6353/1983 3987/6354/1981
f 996/6352/1979 3397/6355/1985 3988/6356/1986 3394/6353/1983
f 3394/3854/1983 3988/3821/1986 3395/3834/1987 868/3855/1984
f 3988/3821/1986 3396/3805/1988 45/3820/1989 3395/3834/1987
f 3397/3807/1985 869/3792/1990 3396/3805/1988 3988/3821/1986
f 870/3835/1980 3399/3836/1991 3989/3806/1992 3391/3822/1978
f 3391/3822/1978 3989/3806/1992 3397/3807/1985 996/3823/1979
f 3989/3806/1992 3398/3780/1993 869/3792/1990 3397/3807/1985
f 3399/6357/1991 80/6358/1994 3398/6359/1993 3989/6360/1992
f 76/3698/1903 3359/3702/1914 3990/3709/1995 3381/3703/1958
f 3381/6342/1958 3990/6343/1995 3400/6344/1996 865/6338/1956
f 3990/3709/1995 3401/3714/1997 997/3722/1998 3400/3723/1996
f 3359/3702/1914 859/3708/1916 3401/3714/1997 3990/3709/1995
f 865/3738/1956 3400/3723/1996 3991/3731/1999 3379/3739/1954
f 3379/1355/1954 3991/1356/1999 3392/1357/1975 251/1358/1955
f 3991/1356/1999 3402/1359/2000 870/1360/1980 3392/1357/1975
f 3400/3723/1996 997/3722/1998 3402/3730/2000 3991/3731/1999
f 997/6365/1998 3404/6366/2001 3992/6367/2002 3402/6368/2000
f 3402/1359/2000 3992/1363/2002 3399/1364/1991 870/1360/1980
f 3992/6361/2002 3403/6362/2003 80/6358/1994 3399/6357/1991
f 3404/6363/2001 871/6364/2004 3403/6362/2003 3992/6361/2002
f 859/3708/1916 3361/3713/1919 3993/3721/2005 3401/3714/1997
f 3401/3714/1997 3993/3721/2005 3404/3729/2001 997/3722/1998
f 3993/3721/2005 3405/3728/2006 871/3737/2004 3404/3729/2001
f 3361/3713/1919 44/3720/1921 3405/3728/2006 3993/3721/2005
f 43/4671/1942 3408/4675/2007 3994/4679/2008 3372/4680/1941
f 3372/6292/1941 3994/6296/2008 3406/6297/2009 862/6288/1938
f 3994/6369/2008 3407/6370/2010 998/6371/2011 3406/6372/2009
f 3408/6373/2007 874/6374/2012 3407/6370/2010 3994/6369/2008
f 862/6380/1938 3406/6381/2009 3995/6382/2013 3370/6383/1937
f 3370/8081/1937 3995/8082/2013 3409/8083/2014 77/8084/1926
f 3995/6382/2013 3410/6385/2015 872/6386/2016 3409/6387/2014
f 3406/6381/2009 998/6384/2011 3410/6385/2015 3995/6382/2013
f 998/4342/2011 3413/4343/2017 3996/4344/2018 3410/4345/2015
f 3410/8137/2015 3996/8138/2018 3411/8139/2019 872/8140/2016
f 3996/3748/2018 3412/3749/2020 252/3741/2021 3411/3740/2019
f 3413/1376/2017 873/1368/2022 3412/1374/2020 3996/1377/2018
f 874/6374/2012 3415/6379/2023 3997/6375/2024 3407/6370/2010
f 3407/6370/2010 3997/6375/2024 3413/6376/2017 998/6371/2011
f 3997/6388/2024 3414/6389/2025 873/6390/2022 3413/6391/2017
f 3415/6392/2023 83/6393/2026 3414/6389/2025 3997/6388/2024
f 77/3715/1926 3409/3716/2014 3998/3710/2027 3364/3705/1925
f 3364/3705/1925 3998/3710/2027 3416/3711/2028 860/3706/1922
f 3998/3710/2027 3417/3717/2029 999/3718/2030 3416/3711/2028
f 3409/6400/2014 872/6401/2016 3417/6402/2029 3998/6403/2027
f 860/3706/1922 3416/3711/2028 3999/3719/2031 3362/3712/1920
f 3362/3712/1920 3999/3719/2031 3418/3727/2032 44/3720/1921
f 3999/3719/2031 3419/3726/2033 875/3735/2034 3418/3727/2032
f 3416/3711/2028 999/3718/2030 3419/3726/2033 3999/3719/2031
f 999/3718/2030 3422/3725/2035 4000/3734/2036 3419/3726/2033
f 3419/3726/2033 4000/3734/2036 3420/3745/2037 875/3735/2034
f 4000/3734/2036 3421/3744/2038 81/3754/2039 3420/3745/2037
f 3422/3725/2035 876/3733/2040 3421/3744/2038 4000/3734/2036
f 872/6404/2016 3411/6405/2019 4001/6406/2041 3417/6407/2029
f 3417/3717/2029 4001/3724/2041 3422/3725/2035 999/3718/2030
f 4001/3724/2041 3423/3732/2042 876/3733/2040 3422/3725/2035
f 3411/3740/2019 252/3741/2021 3423/3732/2042 4001/3724/2041
f 252/3741/2021 3426/3750/2043 4002/3742/2044 3423/3732/2042
f 3423/3732/2042 4002/3742/2044 3424/3743/2045 876/3733/2040
f 4002/3742/2044 3425/3751/2046 1000/3752/2047 3424/3743/2045
f 3426/3750/2043 879/3760/2048 3425/3751/2046 4002/3742/2044
f 876/3733/2040 3424/3743/2045 4003/3753/2049 3421/3744/2038
f 3421/3744/2038 4003/3753/2049 3427/3764/2050 81/3754/2039
f 4003/3753/2049 3428/3763/2051 877/3774/2052 3427/3764/2050
f 3424/3743/2045 1000/3752/2047 3428/3763/2051 4003/3753/2049
f 1000/3752/2047 3431/3762/2053 4004/3773/2054 3428/3763/2051
f 3428/3763/2051 4004/3773/2054 3429/3785/2055 877/3774/2052
f 4004/3773/2054 3430/3784/2056 47/3798/2057 3429/3785/2055
f 3431/3762/2053 878/3772/2058 3430/3784/2056 4004/3773/2054
f 879/3760/2048 3433/3770/2059 4005/3761/2060 3425/3751/2046
f 3425/3751/2046 4005/3761/2060 3431/3762/2053 1000/3752/2047
f 4005/3761/2060 3432/3771/2061 878/3772/2058 3431/3762/2053
f 3433/3770/2059 82/3781/2062 3432/3771/2061 4005/3761/2060
f 83/1369/2026 3436/1370/2063 4006/1366/2064 3414/1365/2025
f 3414/1365/2025 4006/1366/2064 3434/1367/2065 873/1368/2022
f 4006/1366/2064 3435/1371/2066 1001/1372/2067 3434/1367/2065
f 3436/4352/2063 881/4346/2068 3435/4349/2066 4006/4353/2064
f 873/1368/2022 3434/1367/2065 4007/1373/2069 3412/1374/2020
f 3412/3749/2020 4007/3759/2069 3426/3750/2043 252/3741/2021
f 4007/6408/2069 3437/6409/2070 879/6410/2048 3426/6411/2043
f 3434/1367/2065 1001/1372/2067 3437/1375/2070 4007/1373/2069
f 1001/6414/2067 3439/6415/2071 4008/6412/2072 3437/6409/2070
f 3437/6409/2070 4008/6412/2072 3433/6413/2059 879/6410/2048
f 4008/3793/2072 3438/3794/2073 82/3781/2062 3433/3770/2059
f 3439/6418/2071 880/6419/2074 3438/6420/2073 4008/6421/2072
f 881/4346/2068 3441/4347/2075 4009/4348/2076 3435/4349/2066
f 3435/6416/2066 4009/6417/2076 3439/6415/2071 1001/6414/2067
f 4009/6422/2076 3440/6423/2077 880/6419/2074 3439/6418/2071
f 3441/6424/2075 46/6425/2078 3440/6423/2077 4009/6422/2076
f 44/3720/1921 3418/3727/2032 4010/3736/2079 3405/3728/2006
f 3405/3728/2006 4010/3736/2079 3442/3747/2080 871/3737/2004
f 4010/3736/2079 3443/3746/2081 1002/3756/2082 3442/3747/2080
f 3418/3727/2032 875/3735/2034 3443/3746/2081 4010/3736/2079
f 871/3737/2004 3442/3747/2080 4011/3757/2083 3403/3758/2003
f 3403/3758/2003 4011/3757/2083 3444/3768/2084 80/3769/1994
f 4011/3757/2083 3445/3767/2085 298/3778/2086 3444/3768/2084
f 3442/3747/2080 1002/3756/2082 3445/3767/2085 4011/3757/2083
f 1002/3756/2082 3448/3766/2087 4012/3777/2088 3445/3767/2085
f 3445/3767/2085 4012/3777/2088 3446/3789/2089 298/3778/2086
f 4012/3777/2088 3447/3788/2090 253/3801/2091 3446/3789/2089
f 3448/3766/2087 299/3776/2092 3447/3788/2090 4012/3777/2088
f 875/3735/2034 3420/3745/2037 4013/3755/2093 3443/3746/2081
f 3443/3746/2081 4013/3755/2093 3448/3766/2087 1002/3756/2082
f 4013/3755/2093 3449/3765/2094 299/3776/2092 3448/3766/2087
f 3420/3745/2037 81/3754/2039 3449/3765/2094 4013/3755/2093
f 80/3769/1994 3444/3768/2084 4014/3779/2095 3398/3780/1993
f 3398/3780/1993 4014/3779/2095 3450/3791/2096 869/3792/1990
f 4014/3779/2095 3451/3790/2097 1003/3803/2098 3450/3791/2096
f 3444/3768/2084 298/3778/2086 3451/3790/2097 4014/3779/2095
f 869/3792/1990 3450/3791/2096 4015/3804/2099 3396/3805/1988
f 3396/3805/1988 4015/3804/2099 3452/3819/2100 45/3820/1989
f 4015/6429/2099 3453/6430/2101 300/6431/2102 3452/6432/2100
f 3450/3791/2096 1003/3803/2098 3453/3818/2101 4015/3804/2099
f 1003/6435/2098 3456/6436/2103 4016/6433/2104 3453/6430/2101
f 3453/6430/2101 4016/6433/2104 3454/6434/2105 300/6431/2102
f 4016/6433/2104 3455/6437/2106 84/6438/2107 3454/6434/2105
f 3456/6436/2103 301/6441/2108 3455/6437/2106 4016/6433/2104
f 298/3778/2086 3446/3789/2089 4017/3802/2109 3451/3790/2097
f 3451/3790/2097 4017/3802/2109 3456/3817/2103 1003/3803/2098
f 4017/6445/2109 3457/6446/2110 301/6441/2108 3456/6436/2103
f 3446/3789/2089 253/3801/2091 3457/3816/2110 4017/3802/2109
f 253/6454/2091 3460/6455/2111 4018/6448/2112 3457/6446/2110
f 3457/6446/2110 4018/6448/2112 3458/6449/2113 301/6441/2108
f 4018/6487/2112 3459/6488/2114 1004/6489/2115 3458/6490/2113
f 3460/6455/2111 304/6459/2116 3459/6460/2114 4018/6448/2112
f 301/3970/2108 3458/3953/2113 4019/3954/2117 3455/3971/2106
f 3455/3971/2106 4019/3954/2117 3461/3988/2118 84/3989/2107
f 4019/6491/2117 3462/6492/2119 302/6493/2120 3461/6494/2118
f 3458/3953/2113 1004/3931/2115 3462/3932/2119 4019/3954/2117
f 1004/3931/2115 3465/3899/2121 4020/3914/2122 3462/3932/2119
f 3462/3932/2119 4020/3914/2122 3463/3930/2123 302/3952/2120
f 4020/3914/2122 3464/3913/2124 48/3929/2125 3463/3930/2123
f 3465/3899/2121 303/3898/2126 3464/3913/2124 4020/3914/2122
f 304/8085/2116 3467/8086/2127 4021/8087/2128 3459/8088/2114
f 3459/4360/2114 4021/4361/2128 3465/4362/2121 1004/4363/2115
f 4021/3883/2128 3466/3882/2129 303/3898/2126 3465/3899/2121
f 3467/3848/2127 85/3867/2130 3466/3882/2129 4021/3883/2128
f 81/3754/2039 3427/3764/2050 4022/3775/2131 3449/3765/2094
f 3449/3765/2094 4022/3775/2131 3468/3787/2132 299/3776/2092
f 4022/3775/2131 3469/3786/2133 1005/3799/2134 3468/3787/2132
f 3427/3764/2050 877/3774/2052 3469/3786/2133 4022/3775/2131
f 299/3776/2092 3468/3787/2132 4023/3800/2135 3447/3788/2090
f 3447/3788/2090 4023/3800/2135 3460/3815/2111 253/3801/2091
f 4023/6466/2135 3470/6467/2136 304/6459/2116 3460/6455/2111
f 3468/3787/2132 1005/3799/2134 3470/3814/2136 4023/3800/2135
f 1005/3799/2134 3472/3813/2137 4024/3831/2138 3470/3814/2136
f 3470/3814/2136 4024/3831/2138 3467/3848/2127 304/3849/2116
f 4024/3831/2138 3471/3847/2139 85/3867/2130 3467/3848/2127
f 3472/3813/2137 305/3830/2140 3471/3847/2139 4024/3831/2138
f 877/6506/2052 3429/6507/2055 4025/6508/2141 3469/6509/2133
f 3469/3786/2133 4025/3812/2141 3472/3813/2137 1005/3799/2134
f 4025/3812/2141 3473/3829/2142 305/3830/2140 3472/3813/2137
f 3429/6510/2055 47/6511/2057 3473/6512/2142 4025/6513/2141
f 46/6425/2078 3476/6428/2143 4026/6426/2144 3440/6423/2077
f 3440/6423/2077 4026/6426/2144 3474/6427/2145 880/6419/2074
f 4026/6514/2144 3475/6515/2146 1006/6516/2147 3474/6517/2145
f 3476/6518/2143 308/6519/2148 3475/6515/2146 4026/6514/2144
f 880/6533/2074 3474/6534/2145 4027/6535/2149 3438/6536/2073
f 3438/6530/2073 4027/6521/2149 3477/6525/2150 82/6531/2062
f 4027/6521/2149 3478/6520/2151 306/6524/2152 3477/6525/2150
f 3474/6517/2145 1006/6516/2147 3478/6520/2151 4027/6521/2149
f 1006/3919/2147 3481/3903/2153 4028/3904/2154 3478/3920/2151
f 3478/6537/2151 4028/6538/2154 3479/6539/2155 306/6540/2152
f 4028/6538/2154 3480/6541/2156 254/6542/2157 3479/6539/2155
f 3481/3903/2153 307/3885/2158 3480/3872/2156 4028/3904/2154
f 308/3958/2148 3483/3959/2159 4029/3940/2160 3475/3939/2146
f 3475/3939/2146 4029/3940/2160 3481/3903/2153 1006/3919/2147
f 4029/6545/2160 3482/6546/2161 307/6547/2158 3481/6548/2153
f 3483/6549/2159 88/6550/2162 3482/6546/2161 4029/6545/2160
f 82/6531/2062 3477/6525/2150 4030/6529/2163 3432/6532/2061
f 3432/3771/2061 4030/3782/2163 3484/3783/2164 878/3772/2058
f 4030/3782/2163 3485/3795/2165 1007/3796/2166 3484/3783/2164
f 3477/6525/2150 306/6524/2152 3485/6528/2165 4030/6529/2163
f 878/3772/2058 3484/3783/2164 4031/3797/2167 3430/3784/2056
f 3430/3784/2056 4031/3797/2167 3486/3811/2168 47/3798/2057
f 4031/3797/2167 3487/3810/2169 309/3827/2170 3486/3811/2168
f 3484/3783/2164 1007/3796/2166 3487/3810/2169 4031/3797/2167
f 1007/3796/2166 3490/3809/2171 4032/3826/2172 3487/3810/2169
f 3487/3810/2169 4032/3826/2172 3488/3844/2173 309/3827/2170
f 4032/3826/2172 3489/3843/2174 86/3863/2175 3488/3844/2173
f 3490/3809/2171 310/3825/2176 3489/3843/2174 4032/3826/2172
f 306/6540/2152 3479/6539/2155 4033/6543/2177 3485/6544/2165
f 3485/3795/2165 4033/3808/2177 3490/3809/2171 1007/3796/2166
f 4033/3808/2177 3491/3824/2178 310/3825/2176 3490/3809/2171
f 3479/3839/2155 254/3840/2157 3491/3824/2178 4033/3808/2177
f 254/3840/2157 3494/3859/2179 4034/3841/2180 3491/3824/2178
f 3491/3824/2178 4034/3841/2180 3492/3842/2181 310/3825/2176
f 4034/3841/2180 3493/3860/2182 1008/3861/2183 3492/3842/2181
f 3494/3859/2179 313/3874/2184 3493/3860/2182 4034/3841/2180
f 310/3825/2176 3492/3842/2181 4035/3862/2185 3489/3843/2174
f 3489/3843/2174 4035/3862/2185 3495/3878/2186 86/3863/2175
f 4035/3862/2185 3496/3877/2187 311/3892/2188 3495/3878/2186
f 3492/3842/2181 1008/3861/2183 3496/3877/2187 4035/3862/2185
f 1008/3861/2183 3499/3876/2189 4036/3891/2190 3496/3877/2187
f 3496/3877/2187 4036/3891/2190 3497/3910/2191 311/3892/2188
f 4036/3891/2190 3498/3909/2192 50/3925/2193 3497/3910/2191
f 3499/3876/2189 312/3890/2194 3498/3909/2192 4036/3891/2190
f 313/3874/2184 3501/3888/2195 4037/3875/2196 3493/3860/2182
f 3493/3860/2182 4037/3875/2196 3499/3876/2189 1008/3861/2183
f 4037/3875/2196 3500/3889/2197 312/3890/2194 3499/3876/2189
f 3501/3888/2195 87/3906/2198 3500/3889/2197 4037/3875/2196
f 88/6550/2162 3504/6553/2199 4038/6551/2200 3482/6546/2161
f 3482/6546/2161 4038/6551/2200 3502/6552/2201 307/6547/2158
f 4038/3917/2200 3503/3918/2202 1009/3902/2203 3502/3886/2201
f 3504/3935/2199 315/3936/2204 3503/3918/2202 4038/3917/2200
f 307/3885/2158 3502/3886/2201 4039/3873/2205 3480/3872/2156
f 3480/3872/2156 4039/3873/2205 3494/3859/2179 254/3840/2157
f 4039/3873/2205 3505/3887/2206 313/3874/2184 3494/3859/2179
f 3502/3886/2201 1009/3902/2203 3505/3887/2206 4039/3873/2205
f 1009/6554/2203 3507/6555/2207 4040/6556/2208 3505/6557/2206
f 3505/3887/2206 4040/3905/2208 3501/3888/2195 313/3874/2184
f 4040/6556/2208 3506/6559/2209 87/6560/2198 3501/6561/2195
f 3507/6555/2207 314/6558/2210 3506/6559/2209 4040/6556/2208
f 315/3936/2204 3509/3957/2211 4041/3937/2212 3503/3918/2202
f 3503/3918/2202 4041/3937/2212 3507/3938/2207 1009/3902/2203
f 4041/6562/2212 3508/6563/2213 314/6564/2210 3507/6565/2207
f 3509/6566/2211 49/6567/2214 3508/6563/2213 4041/6562/2212
f 47/3798/2057 3486/3811/2168 4042/3828/2215 3473/3829/2142
f 3473/3829/2142 4042/3828/2215 3510/3846/2216 305/3830/2140
f 4042/3828/2215 3511/3845/2217 1010/3865/2218 3510/3846/2216
f 3486/3811/2168 309/3827/2170 3511/3845/2217 4042/3828/2215
f 305/3830/2140 3510/3846/2216 4043/3866/2219 3471/3847/2139
f 3471/3847/2139 4043/3866/2219 3512/3881/2220 85/3867/2130
f 4043/6575/2219 3513/6576/2221 316/6577/2222 3512/6578/2220
f 3510/3846/2216 1010/3865/2218 3513/3880/2221 4043/3866/2219
f 1010/3865/2218 3516/3895/2223 4044/3896/2224 3513/3880/2221
f 3513/6576/2221 4044/6579/2224 3514/6580/2225 316/6577/2222
f 4044/6589/2224 3515/6590/2226 255/6591/2227 3514/6592/2225
f 3516/6593/2223 317/6594/2228 3515/6590/2226 4044/6589/2224
f 309/3827/2170 3488/3844/2173 4045/3864/2229 3511/3845/2217
f 3511/6595/2217 4045/6596/2229 3516/6597/2223 1010/6598/2218
f 4045/3864/2229 3517/3879/2230 317/3894/2228 3516/3895/2223
f 3488/3844/2173 86/3863/2175 3517/3879/2230 4045/3864/2229
f 85/3867/2130 3512/3881/2220 4046/3897/2231 3466/3882/2129
f 3466/3882/2129 4046/3897/2231 3518/3912/2232 303/3898/2126
f 4046/6582/2231 3519/6581/2233 1011/6584/2234 3518/6585/2232
f 3512/6578/2220 316/6577/2222 3519/6581/2233 4046/6582/2231
f 303/6599/2126 3518/6600/2232 4047/6601/2235 3464/6602/2124
f 3464/6602/2124 4047/6601/2235 3520/6603/2236 48/6604/2125
f 4047/4364/2235 3521/4365/2237 318/4366/2238 3520/4367/2236
f 3518/4368/2232 1011/4369/2234 3521/4365/2237 4047/4364/2235
f 1011/6584/2234 1172/6586/2239 4048/6587/2240 3521/6588/2237
f 3521/1736/2237 4048/1737/2240 1170/1732/2241 318/1733/2238
f 4048/4370/2240 1171/4371/2242 89/4372/2243 1170/4373/2241
f 1172/4374/2239 319/4375/2244 1171/4371/2242 4048/4370/2240
f 316/6577/2222 3514/6580/2225 4049/6583/2245 3519/6581/2233
f 3519/6581/2233 4049/6583/2245 1172/6586/2239 1011/6584/2234
f 4049/4380/2245 1173/4381/2246 319/4375/2244 1172/4374/2239
f 3514/1389/2225 255/1381/2227 1173/1385/2246 4049/1390/2245
f 255/1381/2227 1176/1380/2247 4050/1384/2248 1173/1385/2246
f 1173/1385/2246 4050/1384/2248 1174/1387/2249 319/1388/2244
f 4050/4087/2248 1175/4070/2250 1012/4071/2251 1174/4088/2249
f 1176/1380/2247 322/1383/2252 1175/1386/2250 4050/1384/2248
f 319/4375/2244 1174/4382/2249 4051/4376/2253 1171/4371/2242
f 1171/4371/2242 4051/4376/2253 1177/4377/2254 89/4372/2243
f 4051/6605/2253 1178/6606/2255 320/6607/2256 1177/6608/2254
f 1174/6609/2249 1012/6610/2251 1178/6606/2255 4051/6605/2253
f 1012/6610/2251 1181/6613/2257 4052/6611/2258 1178/6606/2255
f 1178/6606/2255 4052/6611/2258 1179/6612/2259 320/6607/2256
f 4052/4069/2258 1180/4068/2260 51/4085/2261 1179/4086/2259
f 1181/4057/2257 321/4042/2262 1180/4068/2260 4052/4069/2258
f 322/1383/2252 1183/1391/2263 4053/1392/2264 1175/1386/2250
f 1175/4070/2250 4053/4043/2264 1181/4057/2257 1012/4071/2251
f 4053/4043/2264 1182/4029/2265 321/4042/2262 1181/4057/2257
f 1183/3986/2263 90/4015/2266 1182/4029/2265 4053/4043/2264
f 86/3863/2175 3495/3878/2186 4054/3893/2267 3517/3879/2230
f 3517/6616/2230 4054/6617/2267 1184/6618/2268 317/6619/2228
f 4054/3893/2267 1185/3911/2269 1013/3927/2270 1184/3928/2268
f 3495/3878/2186 311/3892/2188 1185/3911/2269 4054/3893/2267
f 317/6619/2228 1184/6618/2268 4055/6620/2271 3515/6621/2226
f 3515/1378/2226 4055/1379/2271 1176/1380/2247 255/1381/2227
f 4055/1379/2271 1186/1382/2272 322/1383/2252 1176/1380/2247
f 1184/3928/2268 1013/3927/2270 1186/3948/2272 4055/3949/2271
f 1013/3927/2270 1188/3947/2273 4056/3967/2274 1186/3948/2272
f 1186/3948/2272 4056/3967/2274 1183/3986/2263 322/3987/2252
f 4056/6622/2274 1187/6623/2275 90/6624/2266 1183/6625/2263
f 1188/3947/2273 323/3966/2276 1187/3985/2275 4056/3967/2274
f 311/3892/2188 3497/3910/2191 4057/3926/2277 1185/3911/2269
f 1185/3911/2269 4057/3926/2277 1188/3947/2273 1013/3927/2270
f 4057/3926/2277 1189/3946/2278 323/3966/2276 1188/3947/2273
f 3497/3910/2191 50/3925/2193 1189/3946/2278 4057/3926/2277
f 49/6567/2214 1192/6570/2279 4058/6568/2280 3508/6563/2213
f 3508/6563/2213 4058/6568/2280 1190/6569/2281 314/6564/2210
f 4058/4386/2280 1191/4387/2282 1014/4388/2283 1190/4389/2281
f 1192/4390/2279 326/4391/2284 1191/4387/2282 4058/4386/2280
f 314/1404/2210 1190/1397/2281 4059/1393/2285 3506/1401/2209
f 3506/1401/2209 4059/1393/2285 1193/1396/2286 87/1402/2198
f 4059/1393/2285 1194/1394/2287 324/1395/2288 1193/1396/2286
f 1190/1397/2281 1014/1398/2283 1194/1394/2287 4059/1393/2285
f 1014/1398/2283 1197/1403/2289 4060/1399/2290 1194/1394/2287
f 1194/1394/2287 4060/1399/2290 1195/1400/2291 324/1395/2288
f 4060/1399/2290 1196/1405/2292 256/1406/2293 1195/1400/2291
f 1197/6626/2289 325/6627/2294 1196/6628/2292 4060/6629/2290
f 326/2259/2284 1199/2255/2295 4061/2268/2296 1191/2269/2282
f 1191/4387/2282 4061/4392/2296 1197/4393/2289 1014/4388/2283
f 4061/4392/2296 1198/4394/2297 325/4395/2294 1197/4393/2289
f 1199/6630/2295 93/6631/2298 1198/6632/2297 4061/6633/2296
f 87/3906/2198 1193/3921/2286 4062/3907/2299 3500/3889/2197
f 3500/3889/2197 4062/3907/2299 1200/3908/2300 312/3890/2194
f 4062/3907/2299 1201/3922/2301 1015/3923/2302 1200/3908/2300
f 1193/3921/2286 324/3941/2288 1201/3922/2301 4062/3907/2299
f 312/3890/2194 1200/3908/2300 4063/3924/2303 3498/3909/2192
f 3498/3909/2192 4063/3924/2303 1202/3945/2304 50/3925/2193
f 4063/3924/2303 1203/3944/2305 327/3964/2306 1202/3945/2304
f 1200/3908/2300 1015/3923/2302 1203/3944/2305 4063/3924/2303
f 1015/3923/2302 1206/3943/2307 4064/3963/2308 1203/3944/2305
f 1203/3944/2305 4064/3963/2308 1204/3982/2309 327/3964/2306
f 4064/3963/2308 1205/3981/2310 91/3997/2311 1204/3982/2309
f 1206/3943/2307 328/3962/2312 1205/3981/2310 4064/3963/2308
f 324/3941/2288 1195/3960/2291 4065/3942/2313 1201/3922/2301
f 1201/3922/2301 4065/3942/2313 1206/3943/2307 1015/3923/2302
f 4065/3942/2313 1207/3961/2314 328/3962/2312 1206/3943/2307
f 1195/3960/2291 256/3978/2293 1207/3961/2314 4065/3942/2313
f 256/3978/2293 1210/3995/2315 4066/3979/2316 1207/3961/2314
f 1207/3961/2314 4066/3979/2316 1208/3980/2317 328/3962/2312
f 4066/6634/2316 1209/6635/2318 1016/6636/2319 1208/6637/2317
f 1210/1414/2315 331/1410/2320 1209/1412/2318 4066/1417/2316
f 328/3962/2312 1208/3980/2317 4067/3996/2321 1205/3981/2310
f 1205/3981/2310 4067/3996/2321 1211/4009/2322 91/3997/2311
f 4067/3996/2321 1212/4008/2323 329/4024/2324 1211/4009/2322
f 1208/3980/2317 1016/4007/2319 1212/4008/2323 4067/3996/2321
f 1016/4007/2319 1215/4022/2325 4068/4023/2326 1212/4008/2323
f 1212/4008/2323 4068/4023/2326 1213/4035/2327 329/4024/2324
f 4068/4023/2326 1214/4049/2328 53/4050/2329 1213/4035/2327
f 1215/6640/2325 330/6641/2330 1214/6642/2328 4068/6643/2326
f 331/1410/2320 1217/1409/2331 4069/1411/2332 1209/1412/2318
f 1209/6635/2318 4069/6638/2332 1215/6639/2325 1016/6636/2319
f 4069/4111/2332 1216/4096/2333 330/4076/2330 1215/4022/2325
f 1217/1409/2331 92/1415/2334 1216/1416/2333 4069/1411/2332
f 93/2258/2298 1220/2264/2335 4070/2275/2336 1198/2276/2297
f 1198/4394/2297 4070/4396/2336 1218/4397/2337 325/4395/2294
f 4070/6644/2336 1219/6645/2338 1017/6646/2339 1218/6647/2337
f 1220/2264/2335 333/2274/2340 1219/2280/2338 4070/2275/2336
f 325/6650/2294 1218/6651/2337 4071/6652/2341 1196/6653/2292
f 1196/6653/2292 4071/6652/2341 1210/6654/2315 256/6655/2293
f 4071/1413/2341 1221/1407/2342 331/1410/2320 1210/1414/2315
f 1218/6647/2337 1017/6646/2339 1221/6648/2342 4071/6649/2341
f 1017/4398/2339 1223/4399/2343 4072/4400/2344 1221/4401/2342
f 1221/1407/2342 4072/1408/2344 1217/1409/2331 331/1410/2320
f 4072/6656/2344 1222/6657/2345 92/6658/2334 1217/6659/2331
f 1223/6660/2343 332/6661/2346 1222/6657/2345 4072/6656/2344
f 333/2274/2340 1225/2279/2347 4073/2285/2348 1219/2280/2338
f 1219/4402/2338 4073/4403/2348 1223/4399/2343 1017/4398/2339
f 4073/6664/2348 1224/6665/2349 332/6661/2346 1223/6660/2343
f 1225/6670/2347 52/6671/2350 1224/6672/2349 4073/6673/2348
f 50/3925/2193 1202/3945/2304 4074/3965/2351 1189/3946/2278
f 1189/3946/2278 4074/3965/2351 1226/3984/2352 323/3966/2276
f 4074/3965/2351 1227/3983/2353 1018/3998/2354 1226/3984/2352
f 1202/3945/2304 327/3964/2306 1227/3983/2353 4074/3965/2351
f 323/3966/2276 1226/3984/2352 4075/3999/2355 1187/3985/2275
f 1187/3985/2275 4075/3999/2355 1228/4014/2356 90/4015/2266
f 4075/3999/2355 1229/4013/2357 334/4027/2358 1228/4014/2356
f 1226/3984/2352 1018/3998/2354 1229/4013/2357 4075/3999/2355
f 1018/3998/2354 1232/4012/2359 4076/4026/2360 1229/4013/2357
f 1229/4013/2357 4076/4026/2360 1230/4039/2361 334/4027/2358
f 4076/4026/2360 1231/4038/2362 257/4055/2363 1230/4039/2361
f 1232/4012/2359 335/4025/2364 1231/4038/2362 4076/4026/2360
f 327/6674/2306 1204/6675/2309 4077/6676/2365 1227/6677/2353
f 1227/3983/2353 4077/4011/2365 1232/4012/2359 1018/3998/2354
f 4077/4011/2365 1233/4010/2366 335/4025/2364 1232/4012/2359
f 1204/3982/2309 91/3997/2311 1233/4010/2366 4077/4011/2365
f 90/4015/2266 1228/4014/2356 4078/4028/2367 1182/4029/2265
f 1182/4029/2265 4078/4028/2367 1234/4041/2368 321/4042/2262
f 4078/6690/2367 1235/6691/2369 1019/6687/2370 1234/6686/2368
f 1228/4014/2356 334/4027/2358 1235/4040/2369 4078/4028/2367
f 321/6692/2262 1234/6686/2368 4079/6689/2371 1180/6693/2260
f 1180/6678/2260 4079/6679/2371 1236/6680/2372 51/6681/2261
f 4079/1428/2371 1237/1418/2373 336/1421/2374 1236/1429/2372
f 1234/6686/2368 1019/6687/2370 1237/6688/2373 4079/6689/2371
f 1019/1422/2370 1240/1423/2375 4080/1419/2376 1237/1418/2373
f 1237/1418/2373 4080/1419/2376 1238/1420/2377 336/1421/2374
f 4080/1419/2376 1239/1424/2378 94/1425/2379 1238/1420/2377
f 1240/6701/2375 337/6700/2380 1239/6705/2378 4080/6706/2376
f 334/4027/2358 1230/4039/2361 4081/4056/2381 1235/4040/2369
f 1235/4040/2369 4081/4056/2381 1240/4066/2375 1019/4067/2370
f 4081/6697/2381 1241/6696/2382 337/6700/2380 1240/6701/2375
f 1230/6694/2361 257/6695/2363 1241/6696/2382 4081/6697/2381
f 257/6695/2363 1244/6698/2383 4082/6699/2384 1241/6696/2382
f 1241/6696/2382 4082/6699/2384 1242/6704/2385 337/6700/2380
f 4082/1446/2384 1243/1438/2386 1020/1439/2387 1242/1447/2385
f 1244/4084/2383 340/4083/2388 1243/4102/2386 4082/4103/2384
f 337/6700/2380 1242/6704/2385 4083/6707/2389 1239/6705/2378
f 1239/6705/2378 4083/6707/2389 1245/6708/2390 94/6709/2379
f 4083/6721/2389 1246/6722/2391 338/6723/2392 1245/6724/2390
f 1242/6725/2385 1020/6726/2387 1246/6722/2391 4083/6721/2389
f 1020/1439/2387 1249/1433/2393 4084/1437/2394 1246/1445/2391
f 1246/6722/2391 4084/6727/2394 1247/6728/2395 338/6723/2392
f 4084/1437/2394 1248/1436/2396 54/1443/2397 1247/1444/2395
f 1249/1433/2393 339/1432/2398 1248/1436/2396 4084/1437/2394
f 340/4083/2388 1251/4101/2399 4085/4116/2400 1243/4102/2386
f 1243/1438/2386 4085/1430/2400 1249/1433/2393 1020/1439/2387
f 4085/1430/2400 1250/1431/2401 339/1432/2398 1249/1433/2393
f 1251/4101/2399 95/4115/2402 1250/4128/2401 4085/4116/2400
f 91/6743/2311 1211/6744/2322 4086/6745/2403 1233/6746/2366
f 1233/6746/2366 4086/6745/2403 1252/6747/2404 335/6748/2364
f 4086/4037/2403 1253/4036/2405 1021/4052/2406 1252/4053/2404
f 1211/4009/2322 329/4024/2324 1253/4036/2405 4086/4037/2403
f 335/4025/2364 1252/4053/2404 4087/4054/2407 1231/4038/2362
f 1231/6702/2362 4087/6703/2407 1244/6698/2383 257/6695/2363
f 4087/4054/2407 1254/4065/2408 340/4083/2388 1244/4084/2383
f 1252/4053/2404 1021/4052/2406 1254/4065/2408 4087/4054/2407
f 1021/4052/2406 1256/4064/2409 4088/4082/2410 1254/4065/2408
f 1254/4065/2408 4088/4082/2410 1251/4101/2399 340/4083/2388
f 4088/4082/2410 1255/4100/2411 95/4115/2402 1251/4101/2399
f 1256/4064/2409 341/4081/2412 1255/4100/2411 4088/4082/2410
f 329/4024/2324 1213/4035/2327 4089/4051/2413 1253/4036/2405
f 1253/4036/2405 4089/4051/2413 1256/4064/2409 1021/4052/2406
f 4089/4051/2413 1257/4063/2414 341/4081/2412 1256/4064/2409
f 1213/4035/2327 53/4050/2329 1257/4063/2414 4089/4051/2413
f 52/6749/2350 1260/6750/2415 4090/6751/2416 1224/6752/2349
f 1224/6665/2349 4090/6669/2416 1258/6666/2417 332/6661/2346
f 4090/4165/2416 1259/4166/2418 1022/4149/2419 1258/4148/2417
f 1260/509/2415 344/505/2420 1259/510/2418 4090/513/2416
f 332/6661/2346 1258/6666/2417 4091/6662/2421 1222/6657/2345
f 1222/6657/2345 4091/6662/2421 1261/6663/2422 92/6658/2334
f 4091/4132/2421 1262/4133/2423 342/4123/2424 1261/4122/2422
f 1258/4148/2417 1022/4149/2419 1262/4133/2423 4091/4132/2421
f 1022/4149/2419 1265/4167/2425 4092/4150/2426 1262/4133/2423
f 1262/4133/2423 4092/4150/2426 1263/4134/2427 342/4123/2424
f 4092/4150/2426 1264/4168/2428 258/4151/2429 1263/4134/2427
f 1265/4167/2425 343/4183/2430 1264/4168/2428 4092/4150/2426
f 344/505/2420 1267/498/2431 4093/506/2432 1259/510/2418
f 1259/510/2418 4093/506/2432 1265/514/2425 1022/515/2419
f 4093/4194/2432 1266/4195/2433 343/4183/2430 1265/4167/2425
f 1267/498/2431 98/493/2434 1266/499/2433 4093/506/2432
f 92/6658/2334 1261/6663/2422 4094/6667/2435 1216/6668/2333
f 1216/4096/2333 4094/4097/2435 1268/4077/2436 330/4076/2330
f 4094/4097/2435 1269/4110/2437 1023/4098/2438 1268/4077/2436
f 1261/4122/2422 342/4123/2424 1269/4110/2437 4094/4097/2435
f 330/4076/2330 1268/4077/2436 4095/4061/2439 1214/4049/2328
f 1214/4049/2328 4095/4061/2439 1270/4062/2440 53/4050/2329
f 4095/4061/2439 1271/4078/2441 345/4079/2442 1270/4062/2440
f 1268/4077/2436 1023/4098/2438 1271/4078/2441 4095/4061/2439
f 1023/4098/2438 1274/4112/2443 4096/4113/2444 1271/4078/2441
f 1271/6755/2441 4096/6756/2444 1272/6757/2445 345/6758/2442
f 4096/4113/2444 1273/4126/2446 96/4138/2447 1272/4139/2445
f 1274/4112/2443 346/4125/2448 1273/4126/2446 4096/4113/2444
f 342/4123/2424 1263/4134/2427 4097/4124/2449 1269/4110/2437
f 1269/4110/2437 4097/4124/2449 1274/4112/2443 1023/4098/2438
f 4097/4124/2449 1275/4135/2450 346/4125/2448 1274/4112/2443
f 1263/4134/2427 258/4151/2429 1275/4135/2450 4097/4124/2449
f 258/4151/2429 1278/4169/2451 4098/4152/2452 1275/4135/2450
f 1275/4135/2450 4098/4152/2452 1276/4136/2453 346/4125/2448
f 4098/4152/2452 1277/4170/2454 1024/4153/2455 1276/4136/2453
f 1278/4169/2451 349/4185/2456 1277/4170/2454 4098/4152/2452
f 346/4125/2448 1276/4136/2453 4099/4137/2457 1273/4126/2446
f 1273/4126/2446 4099/4137/2457 1279/4155/2458 96/4138/2447
f 4099/4137/2457 1280/4154/2459 347/4173/2460 1279/4155/2458
f 1276/4136/2453 1024/4153/2455 1280/4154/2459 4099/4137/2457
f 1024/4153/2455 1283/4171/2461 4100/4172/2462 1280/4154/2459
f 1280/4154/2459 4100/4172/2462 1281/4187/2463 347/4173/2460
f 4100/4172/2462 1282/4201/2464 56/4202/2465 1281/4187/2463
f 1283/6759/2461 348/6760/2466 1282/6761/2464 4100/6762/2462
f 349/4185/2456 1285/4198/2467 4101/4186/2468 1277/4170/2454
f 1277/4170/2454 4101/4186/2468 1283/4171/2461 1024/4153/2455
f 4101/4186/2468 1284/4199/2469 348/4200/2466 1283/4171/2461
f 1285/4198/2467 97/4212/2470 1284/4199/2469 4101/4186/2468
f 98/493/2434 1288/488/2471 4102/494/2472 1266/499/2433
f 1266/4195/2433 4102/4209/2472 1286/4196/2473 343/4183/2430
f 4102/4209/2472 1287/4221/2474 1025/4210/2475 1286/4196/2473
f 1288/488/2471 351/484/2476 1287/489/2474 4102/494/2472
f 343/4183/2430 1286/4196/2473 4103/4184/2477 1264/4168/2428
f 1264/4168/2428 4103/4184/2477 1278/4169/2451 258/4151/2429
f 4103/4184/2477 1289/4197/2478 349/4185/2456 1278/4169/2451
f 1286/4196/2473 1025/4210/2475 1289/4197/2478 4103/4184/2477
f 1025/4210/2475 1291/4222/2479 4104/4211/2480 1289/4197/2478
f 1289/4197/2478 4104/4211/2480 1285/4198/2467 349/4185/2456
f 4104/4211/2480 1290/4223/2481 97/4212/2470 1285/4198/2467
f 1291/4222/2479 350/4236/2482 1290/4223/2481 4104/4211/2480
f 351/484/2476 1293/476/2483 4105/485/2484 1287/489/2474
f 1287/4221/2474 4105/4235/2484 1291/4222/2479 1025/4210/2475
f 4105/4235/2484 1292/4250/2485 350/4236/2482 1291/4222/2479
f 1293/476/2483 55/469/2486 1292/477/2485 4105/485/2484
f 53/4050/2329 1270/4062/2440 4106/4080/2487 1257/4063/2414
f 1257/4063/2414 4106/4080/2487 1294/4099/2488 341/4081/2412
f 4106/6763/2487 1295/6764/2489 1026/6765/2490 1294/6766/2488
f 1270/6767/2440 345/6768/2442 1295/6764/2489 4106/6763/2487
f 341/4081/2412 1294/4099/2488 4107/4114/2491 1255/4100/2411
f 1255/4100/2411 4107/4114/2491 1296/4127/2492 95/4115/2402
f 4107/4114/2491 1297/4140/2493 352/4141/2494 1296/4127/2492
f 1294/6766/2488 1026/6765/2490 1297/6769/2493 4107/6770/2491
f 1026/4178/2490 1300/4176/2495 4108/4158/2496 1297/4140/2493
f 1297/4140/2493 4108/4158/2496 1298/4159/2497 352/4141/2494
f 4108/4158/2496 1299/4179/2498 259/4180/2499 1298/4159/2497
f 1300/4176/2495 353/4175/2500 1299/4179/2498 4108/4158/2496
f 345/4079/2442 1272/4139/2445 4109/4157/2501 1295/4177/2489
f 1295/4177/2489 4109/4157/2501 1300/4176/2495 1026/4178/2490
f 4109/4157/2501 1301/4156/2502 353/4175/2500 1300/4176/2495
f 1272/4139/2445 96/4138/2447 1301/4156/2502 4109/4157/2501
f 95/4115/2402 1296/4127/2492 4110/4142/2503 1250/4128/2401
f 1250/1431/2401 4110/1434/2503 1302/1435/2504 339/1432/2398
f 4110/1434/2503 1303/1440/2505 1027/1441/2506 1302/1435/2504
f 1296/4127/2492 352/4141/2494 1303/4160/2505 4110/4142/2503
f 339/1432/2398 1302/1435/2504 4111/1442/2507 1248/1436/2396
f 1248/1436/2396 4111/1442/2507 1304/1451/2508 54/1443/2397
f 4111/6771/2507 1305/6772/2509 354/6773/2510 1304/6774/2508
f 1302/1435/2504 1027/1441/2506 1305/1450/2509 4111/1442/2507
f 1027/1441/2506 1308/1449/2511 4112/1456/2512 1305/1450/2509
f 1305/4404/2509 4112/4405/2512 1306/4406/2513 354/4407/2510
f 4112/4405/2512 1307/4408/2514 99/4409/2515 1306/4406/2513
f 1308/1449/2511 355/1455/2516 1307/1462/2514 4112/1456/2512
f 352/1452/2494 1298/1453/2497 4113/1448/2517 1303/1440/2505
f 1303/1440/2505 4113/1448/2517 1308/1449/2511 1027/1441/2506
f 4113/1448/2517 1309/1454/2518 355/1455/2516 1308/1449/2511
f 1298/1453/2497 259/1459/2499 1309/1454/2518 4113/1448/2517
f 259/1459/2499 1312/1467/2519 4114/1460/2520 1309/1454/2518
f 1309/1454/2518 4114/1460/2520 1310/1461/2521 355/1455/2516
f 4114/4261/2520 1311/4234/2522 1028/4249/2523 1310/4262/2521
f 1312/1467/2519 358/1472/2524 1311/1473/2522 4114/1460/2520
f 355/1455/2516 1310/1461/2521 4115/1468/2525 1307/1462/2514
f 1307/1462/2514 4115/1468/2525 1313/1476/2526 99/1477/2515
f 4115/1468/2525 1314/1475/2527 356/1483/2528 1313/1476/2526
f 1310/1461/2521 1028/1474/2523 1314/1475/2527 4115/1468/2525
f 1028/1474/2523 1317/1481/2529 4116/1482/2530 1314/1475/2527
f 1314/1475/2527 4116/1482/2530 1315/1486/2531 356/1483/2528
f 4116/6775/2530 1316/6776/2532 57/6777/2533 1315/6778/2531
f 1317/1481/2529 357/1484/2534 1316/1485/2532 4116/1482/2530
f 358/4206/2524 1319/4220/2535 4117/4233/2536 1311/4234/2522
f 1311/4234/2522 4117/4233/2536 1317/4248/2529 1028/4249/2523
f 4117/1487/2536 1318/1488/2537 357/1484/2534 1317/1481/2529
f 1319/4220/2535 100/4232/2538 1318/4247/2537 4117/4233/2536
f 96/4138/2447 1279/4155/2458 4118/4174/2539 1301/4156/2502
f 1301/4156/2502 4118/4174/2539 1320/4189/2540 353/4175/2500
f 4118/4174/2539 1321/4188/2541 1029/4204/2542 1320/4189/2540
f 1279/4155/2458 347/4173/2460 1321/4188/2541 4118/4174/2539
f 353/4175/2500 1320/4189/2540 4119/4190/2543 1299/4179/2498
f 1299/4179/2498 4119/4190/2543 1312/4191/2519 259/4180/2499
f 4119/4190/2543 1322/4205/2544 358/4206/2524 1312/4191/2519
f 1320/4189/2540 1029/4204/2542 1322/4205/2544 4119/4190/2543
f 1029/4204/2542 1324/4218/2545 4120/4219/2546 1322/4205/2544
f 1322/4205/2544 4120/4219/2546 1319/4220/2535 358/4206/2524
f 4120/4219/2546 1323/4231/2547 100/4232/2538 1319/4220/2535
f 1324/4218/2545 359/4230/2548 1323/4231/2547 4120/4219/2546
f 347/4173/2460 1281/4187/2463 4121/4203/2549 1321/4188/2541
f 1321/4188/2541 4121/4203/2549 1324/4218/2545 1029/4204/2542
f 4121/4203/2549 1325/4217/2550 359/4230/2548 1324/4218/2545
f 1281/4187/2463 56/4202/2465 1325/4217/2550 4121/4203/2549
f 55/469/2486 1328/461/2551 4122/471/2552 1292/477/2485
f 1292/4250/2485 4122/4263/2552 1326/4251/2553 350/4236/2482
f 4122/471/2552 1327/470/2554 1030/478/2555 1326/479/2553
f 1328/461/2551 362/453/2556 1327/470/2554 4122/471/2552
f 350/4236/2482 1326/4251/2553 4123/4237/2557 1290/4223/2481
f 1290/4223/2481 4123/4237/2557 1329/4224/2558 97/4212/2470
f 4123/4237/2557 1330/4252/2559 360/4238/2560 1329/4224/2558
f 1326/4251/2553 1030/4264/2555 1330/4252/2559 4123/4237/2557
f 1030/4264/2555 1333/4273/2561 4124/4265/2562 1330/4252/2559
f 1330/4252/2559 4124/4265/2562 1331/4253/2563 360/4238/2560
f 4124/4265/2562 1332/4274/2564 260/4266/2565 1331/4253/2563
f 1333/4273/2561 361/4283/2566 1332/4274/2564 4124/4265/2562
f 362/6801/2556 1335/6802/2567 4125/6803/2568 1327/6804/2554
f 1327/4281/2554 4125/4282/2568 1333/4273/2561 1030/4264/2555
f 4125/4282/2568 1334/4293/2569 361/4283/2566 1333/4273/2561
f 1335/446/2567 102/447/2570 1334/454/2569 4125/455/2568
f 97/4212/2470 1329/4224/2558 4126/4213/2571 1284/4199/2469
f 1284/4199/2469 4126/4213/2571 1336/4214/2572 348/4200/2466
f 4126/4213/2571 1337/4225/2573 1031/4226/2574 1336/4214/2572
f 1329/4224/2558 360/4238/2560 1337/4225/2573 4126/4213/2571
f 348/4200/2466 1336/4214/2572 4127/4215/2575 1282/4201/2464
f 1282/4201/2464 4127/4215/2575 1338/4216/2576 56/4202/2465
f 4127/4215/2575 1339/4227/2577 363/4228/2578 1338/4216/2576
f 1336/4214/2572 1031/4226/2574 1339/4227/2577 4127/4215/2575
f 1031/4226/2574 1342/4240/2579 4128/4241/2580 1339/4227/2577
f 1339/4227/2577 4128/4241/2580 1340/4242/2581 363/4228/2578
f 4128/6805/2580 1341/6806/2582 101/6807/2583 1340/6808/2581
f 1342/6809/2579 364/6810/2584 1341/6806/2582 4128/6805/2580
f 360/4238/2560 1331/4253/2563 4129/4239/2585 1337/4225/2573
f 1337/4225/2573 4129/4239/2585 1342/4240/2579 1031/4226/2574
f 4129/4239/2585 1343/4254/2586 364/4255/2584 1342/4240/2579
f 1331/4253/2563 260/4266/2565 1343/4254/2586 4129/4239/2585
f 260/4266/2565 1345/4275/2587 4130/4267/2588 1343/4254/2586
f 1343/4254/2586 4130/4267/2588 1344/4268/2589 364/4255/2584
f 364/4255/2584 1344/4268/2589 4131/4276/2590 1341/4277/2582
f 1341/4277/2582 4131/4276/2590 1346/4285/2591 101/4286/2583
f 102/447/2570 1348/462/2592 4132/463/2593 1334/454/2569
f 1334/4293/2569 4132/4299/2593 1347/4294/2594 361/4283/2566
f 361/4283/2566 1347/4294/2594 4133/4284/2595 1332/4274/2564
f 1332/4274/2564 4133/4284/2595 1345/4275/2587 260/4266/2565
f 56/4202/2465 1338/4216/2576 4134/4229/2596 1325/4217/2550
f 1325/4217/2550 4134/4229/2596 1349/4244/2597 359/4230/2548
f 4134/4229/2596 1350/4243/2598 1032/4257/2599 1349/4244/2597
f 1338/4216/2576 363/4228/2578 1350/4243/2598 4134/4229/2596
f 359/4230/2548 1349/4244/2597 4135/4245/2600 1323/4231/2547
f 1323/4231/2547 4135/4245/2600 1351/4246/2601 100/4232/2538
f 4135/4245/2600 1352/4258/2602 365/4259/2603 1351/4246/2601
f 1349/4244/2597 1032/4257/2599 1352/4258/2602 4135/4245/2600
f 1032/4257/2599 1355/4269/2604 4136/4270/2605 1352/4258/2602
f 1352/4258/2602 4136/4270/2605 1353/4271/2606 365/4259/2603
f 4136/6813/2605 1354/6814/2607 261/6815/2608 1353/6816/2606
f 1355/6817/2604 366/6818/2609 1354/6814/2607 4136/6813/2605
f 363/4228/2578 1340/4242/2581 4137/4256/2610 1350/4243/2598
f 1350/4243/2598 4137/4256/2610 1355/4269/2604 1032/4257/2599
f 4137/4256/2610 1356/4278/2611 366/4279/2609 1355/4269/2604
f 1340/6808/2581 101/6807/2583 1356/6811/2611 4137/6812/2610
f 100/4232/2538 1351/4246/2601 4138/4260/2612 1318/4247/2537
f 1318/1488/2537 4138/1489/2612 1357/1490/2613 357/1484/2534
f 4138/6819/2612 1358/6820/2614 1033/6821/2615 1357/6822/2613
f 1351/4246/2601 365/4259/2603 1358/4272/2614 4138/4260/2612
f 357/6783/2534 1357/6784/2613 4139/6779/2616 1316/6776/2532
f 1316/6776/2532 4139/6779/2616 1359/6780/2617 57/6777/2533
f 4139/6823/2616 1360/6824/2618 367/6825/2619 1359/6826/2617
f 1357/1491/2613 1033/1492/2615 1360/1493/2618 4139/1494/2616
f 1033/1492/2615 1363/1495/2620 4140/1496/2621 1360/1493/2618
f 1360/6824/2618 4140/6827/2621 1361/6828/2622 367/6825/2619
f 4140/6827/2621 1362/6829/2623 103/6830/2624 1361/6828/2622
f 1363/1495/2620 368/1497/2625 1362/1498/2623 4140/1496/2621
f 365/4259/2603 1353/4271/2606 4141/4280/2626 1358/4272/2614
f 1358/4272/2614 4141/4280/2626 1363/4291/2620 1033/4292/2615
f 4141/6858/2626 1364/6859/2627 368/6860/2625 1363/6861/2620
f 1353/4271/2606 261/4289/2608 1364/4290/2627 4141/4280/2626
f 261/4289/2608 1366/4297/2628 4142/4298/2629 1364/4290/2627
f 1364/1501/2627 4142/1502/2629 1365/1499/2630 368/1497/2625
f 368/1497/2625 1365/1499/2630 4143/1500/2631 1362/1498/2623
f 1362/6829/2623 4143/6833/2631 1367/6834/2632 103/6830/2624
f 101/4286/2583 1346/4285/2591 4144/4287/2633 1356/4278/2611
f 1356/4278/2611 4144/4287/2633 1368/4288/2634 366/4279/2609
f 366/4279/2609 1368/4288/2634 4145/4295/2635 1354/4296/2607
f 1354/4296/2607 4145/4295/2635 1366/4297/2628 261/4289/2608
f 36/821/1581 1371/806/2636 4146/798/2637 3191/808/1579
f 3191/808/1579 4146/798/2637 1369/789/2638 814/799/1576
f 4146/798/2637 1370/785/2639 1034/780/2640 1369/789/2638
f 1371/806/2636 371/807/2641 1370/785/2639 4146/798/2637
f 814/799/1576 1369/789/2638 4147/790/2642 3189/800/1574
f 3189/5994/1574 4147/5999/2642 1372/5995/2643 212/5991/1563
f 4147/5999/2642 1373/6004/2644 369/6005/2645 1372/5995/2643
f 1369/789/2638 1034/780/2640 1373/775/2644 4147/790/2642
f 1034/780/2640 1376/781/2646 4148/776/2647 1373/775/2644
f 1373/775/2644 4148/776/2647 1374/771/2648 369/766/2645
f 4148/4416/2647 1375/4417/2649 262/4418/2650 1374/4419/2648
f 1376/781/2646 370/787/2651 1375/788/2649 4148/776/2647
f 371/4443/2641 1378/4442/2652 4149/4446/2653 1370/4447/2639
f 1370/785/2639 4149/786/2653 1376/781/2646 1034/780/2640
f 4149/786/2653 1377/797/2654 370/787/2651 1376/781/2646
f 1378/804/2652 105/805/2655 1377/797/2654 4149/786/2653
f 212/5991/1563 1372/5995/2643 4150/5996/2656 3182/5992/1561
f 3182/757/1561 4150/759/2656 1379/760/2657 812/758/1558
f 4150/759/2656 1380/763/2658 1035/764/2659 1379/760/2657
f 1372/765/2643 369/766/2645 1380/763/2658 4150/759/2656
f 812/5829/1558 1379/5830/2657 4151/5821/2660 3180/5826/1556
f 3180/5826/1556 4151/5821/2660 3123/5811/1443 33/5820/1445
f 4151/5821/2660 1381/5812/2661 796/5797/1440 3123/5811/1443
f 1379/760/2657 1035/764/2659 1381/769/2661 4151/770/2660
f 1035/764/2659 1383/768/2662 4152/774/2663 1381/769/2661
f 1381/5812/2661 4152/5813/2663 3121/5798/1438 796/5797/1440
f 4152/5813/2663 1382/5822/2664 207/5823/1427 3121/5798/1438
f 1383/5827/2662 372/5828/2665 1382/5822/2664 4152/5813/2663
f 369/766/2645 1374/771/2648 4153/767/2666 1380/763/2658
f 1380/763/2658 4153/767/2666 1383/768/2662 1035/764/2659
f 4153/767/2666 1384/772/2667 372/773/2665 1383/768/2662
f 1374/771/2648 262/777/2650 1384/772/2667 4153/767/2666
f 262/777/2650 1387/782/2668 4154/778/2669 1384/772/2667
f 1384/772/2667 4154/778/2669 1385/779/2670 372/773/2665
f 4154/778/2669 1386/783/2671 1036/784/2672 1385/779/2670
f 1387/782/2668 374/792/2673 1386/783/2671 4154/778/2669
f 372/5828/2665 1385/5831/2670 4155/5758/2674 1382/5822/2664
f 1382/4312/2664 4155/4313/2674 3114/4311/1425 207/4309/1427
f 4155/5758/2674 1388/5746/2675 794/5744/1422 3114/5756/1425
f 1385/779/2670 1036/784/2672 1388/795/2675 4155/796/2674
f 1036/5757/2672 1390/5745/2676 4156/5734/2677 1388/5746/2675
f 1388/5746/2675 4156/5734/2677 3112/5732/1420 794/5744/1422
f 4156/5734/2677 1389/5720/2678 30/5718/1309 3112/5732/1420
f 1390/5745/2676 373/5733/2679 1389/5720/2678 4156/5734/2677
f 374/6862/2673 1392/6863/2680 4157/6864/2681 1386/6865/2671
f 1386/783/2671 4157/793/2681 1390/794/2676 1036/784/2672
f 4157/793/2681 1391/802/2682 373/803/2679 1390/794/2676
f 1392/6863/2680 104/6866/2683 1391/6867/2682 4157/6864/2681
f 105/805/2655 1395/819/2684 4158/820/2685 1377/797/2654
f 1377/4420/2654 4158/4421/2685 1393/4422/2686 370/4423/2651
f 4158/820/2685 1394/823/2687 1037/812/2688 1393/811/2686
f 1395/819/2684 376/830/2689 1394/823/2687 4158/820/2685
f 370/4423/2651 1393/4422/2686 4159/4424/2690 1375/4425/2649
f 1375/788/2649 4159/791/2690 1387/782/2668 262/777/2650
f 4159/791/2690 1396/801/2691 374/792/2673 1387/782/2668
f 1393/811/2686 1037/812/2688 1396/801/2691 4159/791/2690
f 1037/812/2688 1398/824/2692 4160/813/2693 1396/801/2691
f 1396/801/2691 4160/813/2693 1392/814/2680 374/792/2673
f 4160/6868/2693 1397/6869/2694 104/6866/2683 1392/6863/2680
f 1398/824/2692 375/837/2695 1397/838/2694 4160/813/2693
f 376/830/2689 1400/845/2696 4161/836/2697 1394/823/2687
f 1394/823/2687 4161/836/2697 1398/824/2692 1037/812/2688
f 4161/836/2697 1399/850/2698 375/837/2695 1398/824/2692
f 1400/845/2696 58/860/2699 1399/850/2698 4161/836/2697
f 39/8089/1717 1403/8090/2700 4162/8091/2701 3259/8092/1715
f 3259/8092/1715 4162/8091/2701 1401/8093/2702 832/8094/1712
f 4162/6874/2701 1402/6875/2703 1038/6876/2704 1401/6877/2702
f 1403/4426/2700 379/4427/2705 1402/4428/2703 4162/4429/2701
f 832/6878/1712 1401/6879/2702 4163/6880/2706 3257/6881/1710
f 3257/891/1710 4163/892/2706 1404/878/2707 217/877/1699
f 4163/892/2706 1405/907/2708 377/893/2709 1404/878/2707
f 1401/6879/2702 1038/6882/2704 1405/6883/2708 4163/6880/2706
f 1038/4433/2704 1408/4432/2710 4164/4434/2711 1405/4435/2708
f 1405/6888/2708 4164/6884/2711 1406/6887/2712 377/6889/2709
f 4164/6884/2711 1407/6885/2713 263/6886/2714 1406/6887/2712
f 1408/955/2710 378/943/2715 1407/944/2713 4164/956/2711
f 379/6890/2705 1410/6891/2716 4165/6892/2717 1402/6893/2703
f 1402/4430/2703 4165/4431/2717 1408/4432/2710 1038/4433/2704
f 4165/966/2717 1409/952/2718 378/943/2715 1408/955/2710
f 1410/6891/2716 107/6894/2719 1409/6895/2718 4165/6892/2717
f 217/877/1699 1404/878/2707 4166/862/2720 3250/861/1697
f 3250/861/1697 4166/862/2720 1411/847/2721 830/846/1694
f 4166/862/2720 1412/879/2722 1039/863/2723 1411/847/2721
f 1404/878/2707 377/893/2709 1412/879/2722 4166/862/2720
f 830/846/1694 1411/847/2721 4167/832/2724 3248/831/1692
f 3248/831/1692 4167/832/2724 1371/806/2636 36/821/1581
f 4167/6905/2724 1413/6906/2725 371/6907/2641 1371/6908/2636
f 1411/847/2721 1039/863/2723 1413/864/2725 4167/832/2724
f 1039/4436/2723 1415/4437/2726 4168/4438/2727 1413/4439/2725
f 1413/4439/2725 4168/4438/2727 1378/4442/2652 371/4443/2641
f 4168/817/2727 1414/818/2728 105/805/2655 1378/804/2652
f 1415/6909/2726 380/6910/2729 1414/6911/2728 4168/6912/2727
f 377/6913/2709 1406/6914/2712 4169/6915/2730 1412/6916/2722
f 1412/4440/2722 4169/4441/2730 1415/4437/2726 1039/4436/2723
f 4169/4441/2730 1416/4444/2731 380/4445/2729 1415/4437/2726
f 1406/6914/2712 263/6917/2714 1416/6918/2731 4169/6915/2730
f 263/6917/2714 1419/6919/2732 4170/6920/2733 1416/6918/2731
f 1416/856/2731 4170/857/2733 1417/843/2734 380/842/2729
f 4170/6921/2733 1418/6922/2735 1040/6923/2736 1417/6924/2734
f 1419/916/2732 382/900/2737 1418/886/2735 4170/857/2733
f 380/842/2729 1417/843/2734 4171/829/2738 1414/818/2728
f 1414/818/2728 4171/829/2738 1395/819/2684 105/805/2655
f 4171/829/2738 1420/844/2739 376/830/2689 1395/819/2684
f 1417/843/2734 1040/858/2736 1420/844/2739 4171/829/2738
f 1040/858/2736 1422/874/2740 4172/859/2741 1420/844/2739
f 1420/844/2739 4172/859/2741 1400/845/2696 376/830/2689
f 4172/859/2741 1421/875/2742 58/860/2699 1400/845/2696
f 1422/874/2740 381/888/2743 1421/875/2742 4172/859/2741
f 382/900/2737 1424/901/2744 4173/887/2745 1418/886/2735
f 1418/886/2735 4173/887/2745 1422/874/2740 1040/858/2736
f 4173/887/2745 1423/902/2746 381/888/2743 1422/874/2740
f 1424/901/2744 106/915/2747 1423/902/2746 4173/887/2745
f 107/6894/2719 1427/6898/2748 4174/6899/2749 1409/6895/2718
f 1409/952/2718 4174/941/2749 1425/931/2750 378/943/2715
f 4174/941/2749 1426/928/2751 1041/922/2752 1425/931/2750
f 1427/951/2748 384/938/2753 1426/928/2751 4174/941/2749
f 378/943/2715 1425/931/2750 4175/932/2754 1407/944/2713
f 1407/944/2713 4175/932/2754 1419/916/2732 263/954/2714
f 4175/6925/2754 1428/6926/2755 382/6927/2737 1419/6928/2732
f 1425/931/2750 1041/922/2752 1428/913/2755 4175/932/2754
f 1041/922/2752 1430/923/2756 4176/914/2757 1428/913/2755
f 1428/913/2755 4176/914/2757 1424/901/2744 382/900/2737
f 4176/914/2757 1429/924/2758 106/915/2747 1424/901/2744
f 1430/923/2756 383/930/2759 1429/924/2758 4176/914/2757
f 384/938/2753 1432/939/2760 4177/929/2761 1426/928/2751
f 1426/928/2751 4177/929/2761 1430/923/2756 1041/922/2752
f 4177/929/2761 1431/940/2762 383/930/2759 1430/923/2756
f 1432/939/2760 59/950/2763 1431/940/2762 4177/929/2761
f 42/1154/1853 1435/1142/2764 4178/1153/2765 3327/1165/1851
f 3327/1165/1851 4178/1153/2765 1433/1164/2766 850/1181/1848
f 4178/1153/2765 1434/1141/2767 1042/1163/2768 1433/1164/2766
f 1435/1142/2764 387/1128/2769 1434/1141/2767 4178/1153/2765
f 850/1181/1848 1433/1164/2766 4179/1180/2770 3325/1198/1846
f 3325/1198/1846 4179/1180/2770 1436/1197/2771 74/1217/1835
f 4179/1180/2770 1437/1179/2772 385/1196/2773 1436/1197/2771
f 1433/1164/2766 1042/1163/2768 1437/1179/2772 4179/1180/2770
f 1042/1163/2768 1440/1194/2774 4180/1195/2775 1437/1179/2772
f 1437/1179/2772 4180/1195/2775 1438/1216/2776 385/1196/2773
f 4180/1195/2775 1439/1233/2777 264/1234/2778 1438/1216/2776
f 1440/6929/2774 386/6930/2779 1439/6931/2777 4180/6932/2775
f 387/1128/2769 1442/1127/2780 4181/1140/2781 1434/1141/2767
f 1434/6940/2767 4181/6933/2781 1440/6929/2774 1042/6941/2768
f 4181/6933/2781 1441/6934/2782 386/6930/2779 1440/6929/2774
f 1442/6937/2780 109/6938/2783 1441/6934/2782 4181/6933/2781
f 74/1217/1835 1436/1197/2771 4182/1043/2784 3318/1235/1833
f 3318/6237/1833 4182/6239/2784 1443/6240/2785 848/6238/1830
f 4182/1043/2784 1444/1032/2786 1043/1020/2787 1443/1044/2785
f 1436/6950/2771 385/6951/2773 1444/6952/2786 4182/6953/2784
f 848/4145/1830 1443/4163/2785 4183/4164/2788 3316/4130/1828
f 3316/6958/1828 4183/6959/2788 1403/6960/2700 39/6961/1717
f 4183/6959/2788 1445/6962/2789 379/6963/2705 1403/6960/2700
f 1443/6964/2785 1043/6965/2787 1445/6962/2789 4183/6959/2788
f 1043/1020/2787 1447/1009/2790 4184/1010/2791 1445/1021/2789
f 1445/6962/2789 4184/6966/2791 1410/6967/2716 379/6963/2705
f 4184/6896/2791 1446/6897/2792 107/6894/2719 1410/6891/2716
f 1447/1009/2790 388/997/2793 1446/998/2792 4184/1010/2791
f 385/6951/2773 1438/6954/2776 4185/6955/2794 1444/6952/2786
f 1444/1032/2786 4185/1033/2794 1447/1009/2790 1043/1020/2787
f 4185/6968/2794 1448/6969/2795 388/6970/2793 1447/6971/2790
f 1438/6954/2776 264/6956/2778 1448/6957/2795 4185/6955/2794
f 264/4451/2778 1451/4450/2796 4186/4452/2797 1448/4453/2795
f 1448/1008/2795 4186/996/2797 1449/987/2798 388/997/2793
f 4186/996/2797 1450/986/2799 1044/979/2800 1449/987/2798
f 1451/1007/2796 390/995/2801 1450/986/2799 4186/996/2797
f 388/997/2793 1449/987/2798 4187/988/2802 1446/998/2792
f 1446/6897/2792 4187/6900/2802 1427/6898/2748 107/6894/2719
f 4187/6900/2802 1452/6901/2803 384/6902/2753 1427/6898/2748
f 1449/987/2798 1044/979/2800 1452/980/2803 4187/988/2802
f 1044/979/2800 1454/971/2804 4188/962/2805 1452/980/2803
f 1452/6901/2803 4188/6903/2805 1432/6904/2760 384/6902/2753
f 4188/962/2805 1453/963/2806 59/950/2763 1432/939/2760
f 1454/971/2804 389/972/2807 1453/963/2806 4188/962/2805
f 390/995/2801 1456/983/2808 4189/976/2809 1450/986/2799
f 1450/986/2799 4189/976/2809 1454/971/2804 1044/979/2800
f 4189/976/2809 1455/977/2810 389/972/2807 1454/971/2804
f 1456/983/2808 108/984/2811 1455/977/2810 4189/976/2809
f 109/1064/2783 1459/1051/2812 4190/1037/2813 1441/1065/2782
f 1441/6934/2782 4190/6939/2813 1457/6935/2814 386/6930/2779
f 4190/1037/2813 1458/1027/2815 1045/1028/2816 1457/1038/2814
f 1459/1051/2812 392/1036/2817 1458/1027/2815 4190/1037/2813
f 386/6930/2779 1457/6935/2814 4191/6936/2818 1439/6931/2777
f 1439/4448/2777 4191/4449/2818 1451/4450/2796 264/4451/2778
f 4191/1016/2818 1460/1004/2819 390/995/2801 1451/1007/2796
f 1457/6935/2814 1045/6942/2816 1460/6943/2819 4191/6936/2818
f 1045/6942/2816 1462/6946/2820 4192/6947/2821 1460/6943/2819
f 1460/1004/2819 4192/992/2821 1456/983/2808 390/995/2801
f 4192/992/2821 1461/993/2822 108/984/2811 1456/983/2808
f 1462/1002/2820 391/1003/2823 1461/993/2822 4192/992/2821
f 392/1036/2817 1464/1024/2824 4193/1012/2825 1458/1027/2815
f 1458/1027/2815 4193/1012/2825 1462/1002/2820 1045/1028/2816
f 4193/1012/2825 1463/1013/2826 391/1003/2823 1462/1002/2820
f 1464/1024/2824 60/1025/2827 1463/1013/2826 4193/1012/2825
f 45/6976/1989 1467/6977/2828 4194/6973/2829 3395/6972/1987
f 3395/6972/1987 4194/6973/2829 1465/6974/2830 868/6975/1984
f 4194/6973/2829 1466/6978/2831 1046/6979/2832 1465/6974/2830
f 1467/4454/2828 395/4455/2833 1466/4456/2831 4194/4457/2829
f 868/1162/1984 1465/1149/2830 4195/1138/2834 3393/1151/1982
f 3393/1151/1982 4195/1138/2834 1468/1126/2835 79/1152/1971
f 4195/1138/2834 1469/1139/2836 393/1115/2837 1468/1126/2835
f 1465/1149/2830 1046/1150/2832 1469/1139/2836 4195/1138/2834
f 1046/1150/2832 1472/1160/2838 4196/1161/2839 1469/1139/2836
f 1469/6980/2836 4196/6981/2839 1470/6982/2840 393/6983/2837
f 4196/6981/2839 1471/6984/2841 265/6985/2842 1470/6982/2840
f 1472/1160/2838 394/1177/2843 1471/1178/2841 4196/1161/2839
f 395/1191/2833 1474/1192/2844 4197/1176/2845 1466/1175/2831
f 1466/1175/2831 4197/1176/2845 1472/1160/2838 1046/1150/2832
f 4197/1176/2845 1473/1193/2846 394/1177/2843 1472/1160/2838
f 1474/1192/2844 111/1214/2847 1473/1193/2846 4197/1176/2845
f 79/7009/1971 1468/7010/2835 4198/7011/2848 3386/7012/1969
f 3386/1130/1969 4198/1119/2848 1475/1120/2849 866/1131/1966
f 4198/1119/2848 1476/1110/2850 1047/1111/2851 1475/1120/2849
f 1468/1126/2835 393/1115/2837 1476/1110/2850 4198/1119/2848
f 866/1131/1966 1475/1120/2849 4199/1129/2852 3384/1143/1964
f 3384/1143/1964 4199/1129/2852 1435/1142/2764 42/1154/1853
f 4199/1129/2852 1477/1118/2853 387/1128/2769 1435/1142/2764
f 1475/1120/2849 1047/1111/2851 1477/1118/2853 4199/1129/2852
f 1047/1111/2851 1479/1101/2854 4200/1117/2855 1477/1118/2853
f 1477/1118/2853 4200/1117/2855 1442/1127/2780 387/1128/2769
f 4200/6944/2855 1478/6945/2856 109/6938/2783 1442/6937/2780
f 1479/6948/2854 396/6949/2857 1478/6945/2856 4200/6944/2855
f 393/1115/2837 1470/1116/2840 4201/1100/2858 1476/1110/2850
f 1476/1110/2850 4201/1100/2858 1479/1101/2854 1047/1111/2851
f 4201/1100/2858 1480/1092/2859 396/1085/2857 1479/1101/2854
f 1470/6982/2840 265/6985/2842 1480/6988/2859 4201/6989/2858
f 265/6985/2842 1483/6987/2860 4202/6992/2861 1480/6988/2859
f 1480/1092/2859 4202/1083/2861 1481/1074/2862 396/1085/2857
f 4202/1083/2861 1482/1084/2863 1048/1061/2864 1481/1074/2862
f 1483/6987/2860 398/6991/2865 1482/6993/2863 4202/6992/2861
f 396/1085/2857 1481/1074/2862 4203/1063/2866 1478/1075/2856
f 1478/1075/2856 4203/1063/2866 1459/1051/2812 109/1064/2783
f 4203/1063/2866 1484/1049/2867 392/1036/2817 1459/1051/2812
f 1481/1074/2862 1048/1061/2864 1484/1049/2867 4203/1063/2866
f 1048/1061/2864 1486/1062/2868 4204/1050/2869 1484/1049/2867
f 1484/1049/2867 4204/1050/2869 1464/1024/2824 392/1036/2817
f 4204/7001/2869 1485/7000/2870 60/7004/2827 1464/7005/2824
f 1486/6996/2868 397/6999/2871 1485/7000/2870 4204/7001/2869
f 398/6991/2865 1488/6994/2872 4205/6995/2873 1482/6993/2863
f 1482/6993/2863 4205/6995/2873 1486/6996/2868 1048/6997/2864
f 4205/6995/2873 1487/6998/2874 397/6999/2871 1486/6996/2868
f 1488/7013/2872 110/7014/2875 1487/7015/2874 4205/7016/2873
f 111/1214/2847 1491/1210/2876 4206/1211/2877 1473/1193/2846
f 1473/1193/2846 4206/1211/2877 1489/1215/2878 394/1177/2843
f 4206/7029/2877 1490/7030/2879 1049/7025/2880 1489/7027/2878
f 1491/1210/2876 400/1190/2881 1490/1173/2879 4206/1211/2877
f 394/7031/2843 1489/7027/2878 4207/7028/2882 1471/7032/2841
f 1471/6984/2841 4207/6986/2882 1483/6987/2860 265/6985/2842
f 4207/6986/2882 1492/6990/2883 398/6991/2865 1483/6987/2860
f 1489/7027/2878 1049/7025/2880 1492/7026/2883 4207/7028/2882
f 1049/7025/2880 1494/7023/2884 4208/7024/2885 1492/7026/2883
f 1492/7033/2883 4208/7034/2885 1488/7035/2872 398/7036/2865
f 4208/7034/2885 1493/7037/2886 110/7038/2875 1488/7035/2872
f 1494/7023/2884 399/7021/2887 1493/7019/2886 4208/7024/2885
f 400/1190/2881 1496/1172/2888 4209/1158/2889 1490/1173/2879
f 1490/1173/2879 4209/1158/2889 1494/1159/2884 1049/1174/2880
f 4209/1158/2889 1495/1146/2890 399/1147/2887 1494/1159/2884
f 1496/1172/2888 61/1157/2891 1495/1146/2890 4209/1158/2889
f 48/3929/2125 1499/3950/2892 4210/3951/2893 3463/3930/2123
f 3463/6497/2123 4210/6498/2893 1497/6495/2894 302/6493/2120
f 4210/6498/2893 1498/6501/2895 1050/6499/2896 1497/6495/2894
f 1499/6502/2892 403/6503/2897 1498/6501/2895 4210/6498/2893
f 302/6493/2120 1497/6495/2894 4211/6496/2898 3461/6494/2118
f 3461/3988/2118 4211/4000/2898 1500/4001/2899 84/3989/2107
f 4211/6450/2898 1501/6451/2900 401/6447/2901 1500/6442/2899
f 1497/6495/2894 1050/6499/2896 1501/6500/2900 4211/6496/2898
f 1050/6461/2896 1504/6462/2902 4212/6456/2903 1501/6451/2900
f 1501/6451/2900 4212/6456/2903 1502/6452/2904 401/6447/2901
f 4212/6456/2903 1503/6463/2905 266/6457/2906 1502/6452/2904
f 1504/6462/2902 402/6468/2907 1503/6463/2905 4212/6456/2903
f 403/1503/2897 1506/1504/2908 4213/1505/2909 1498/1506/2895
f 1498/6501/2895 4213/6504/2909 1504/6505/2902 1050/6499/2896
f 4213/1505/2909 1505/1510/2910 402/1516/2907 1504/1517/2902
f 1506/1504/2908 113/1509/2911 1505/1510/2910 4213/1505/2909
f 84/6438/2107 1500/6442/2899 4214/6439/2912 3454/6434/2105
f 3454/6434/2105 4214/6439/2912 1507/6440/2913 300/6431/2102
f 4214/6439/2912 1508/6443/2914 1051/6444/2915 1507/6440/2913
f 1500/6442/2899 401/6447/2901 1508/6443/2914 4214/6439/2912
f 300/3850/2102 1507/3851/2913 4215/3832/2916 3452/3819/2100
f 3452/3819/2100 4215/3832/2916 1467/3833/2828 45/3820/1989
f 4215/3832/2916 1509/3852/2917 395/3853/2833 1467/3833/2828
f 1507/1250/2913 1051/1230/2915 1509/1212/2917 4215/1251/2916
f 1051/1230/2915 1511/1231/2918 4216/1213/2919 1509/1212/2917
f 1509/1212/2917 4216/1213/2919 1474/1192/2844 395/1191/2833
f 4216/1213/2919 1510/1232/2920 111/1214/2847 1474/1192/2844
f 1511/1231/2918 404/1249/2921 1510/1232/2920 4216/1213/2919
f 401/6447/2901 1502/6452/2904 4217/6453/2922 1508/6443/2914
f 1508/1247/2914 4217/1248/2922 1511/1231/2918 1051/1230/2915
f 4217/1248/2922 1512/1264/2923 404/1249/2921 1511/1231/2918
f 1502/6452/2904 266/6457/2906 1512/6458/2923 4217/6453/2922
f 266/6457/2906 1515/6464/2924 4218/6465/2925 1512/6458/2923
f 1512/1264/2923 4218/1262/2925 1513/1263/2926 404/1249/2921
f 4218/1262/2925 1514/1246/2927 1052/1228/2928 1513/1263/2926
f 1515/1273/2924 406/1261/2929 1514/1246/2927 4218/1262/2925
f 404/1249/2921 1513/1263/2926 4219/1265/2930 1510/1232/2920
f 1510/7039/2920 4219/7040/2930 1491/7041/2876 111/7042/2847
f 4219/7040/2930 1516/7043/2931 400/7044/2881 1491/7041/2876
f 1513/7045/2926 1052/7046/2928 1516/7043/2931 4219/7040/2930
f 1052/1228/2928 1518/1209/2932 4220/1189/2933 1516/1229/2931
f 1516/7043/2931 4220/7047/2933 1496/7048/2888 400/7044/2881
f 4220/1189/2933 1517/1170/2934 61/1157/2891 1496/1172/2888
f 1518/1209/2932 405/1187/2935 1517/1170/2934 4220/1189/2933
f 406/1261/2929 1520/1245/2936 4221/1227/2937 1514/1246/2927
f 1514/1246/2927 4221/1227/2937 1518/1209/2932 1052/1228/2928
f 4221/1227/2937 1519/1207/2938 405/1187/2935 1518/1209/2932
f 1520/1245/2936 112/1225/2939 1519/1207/2938 4221/1227/2937
f 113/1509/2911 1523/1514/2940 4222/1515/2941 1505/1510/2910
f 1505/1510/2910 4222/1515/2941 1521/1520/2942 402/1516/2907
f 4222/1515/2941 1522/1519/2943 1053/1523/2944 1521/1520/2942
f 1523/1514/2940 408/1518/2945 1522/1519/2943 4222/1515/2941
f 402/6468/2907 1521/6470/2942 4223/6469/2946 1503/6463/2905
f 1503/6463/2905 4223/6469/2946 1515/6464/2924 266/6457/2906
f 4223/6469/2946 1524/6471/2947 406/6472/2929 1515/6464/2924
f 1521/1520/2942 1053/1523/2944 1524/1527/2947 4223/1528/2946
f 1053/1523/2944 1526/1526/2948 4224/1532/2949 1524/1527/2947
f 1524/6471/2947 4224/6473/2949 1520/6474/2936 406/6472/2929
f 4224/6473/2949 1525/6475/2950 112/6476/2939 1520/6474/2936
f 1526/1526/2948 407/1531/2951 1525/1537/2950 4224/1532/2949
f 408/1518/2945 1528/1521/2952 4225/1522/2953 1522/1519/2943
f 1522/1519/2943 4225/1522/2953 1526/1526/2948 1053/1523/2944
f 4225/1522/2953 1527/1525/2954 407/1531/2951 1526/1526/2948
f 1528/1521/2952 62/1524/2955 1527/1525/2954 4225/1522/2953
f 51/4085/2261 1531/4104/2956 4226/4105/2957 1179/4086/2259
f 1179/6612/2259 4226/6614/2957 1529/6615/2958 320/6607/2256
f 4226/1696/2957 1530/1678/2959 1054/1688/2960 1529/1697/2958
f 1531/7049/2956 411/7050/2961 1530/7051/2959 4226/7052/2957
f 320/4384/2256 1529/4385/2958 4227/4383/2962 1177/4377/2254
f 1177/4377/2254 4227/4383/2962 1532/4378/2963 89/4372/2243
f 4227/7053/2962 1533/7054/2964 409/7055/2965 1532/7056/2963
f 1529/7059/2958 1054/7060/2960 1533/7061/2964 4227/7062/2962
f 1054/1688/2960 1536/1687/2966 4228/1694/2967 1533/1695/2964
f 1533/1695/2964 4228/1694/2967 1534/1704/2968 409/1705/2965
f 4228/1694/2967 1535/1703/2969 267/1709/2970 1534/1704/2968
f 1536/1687/2966 410/1702/2971 1535/1703/2969 4228/1694/2967
f 411/1671/2961 1538/1657/2972 4229/1670/2973 1530/1678/2959
f 1530/1678/2959 4229/1670/2973 1536/1687/2966 1054/1688/2960
f 4229/7063/2973 1537/7064/2974 410/7065/2971 1536/7066/2966
f 1538/1657/2972 115/1656/2975 1537/1669/2974 4229/1670/2973
f 89/4372/2243 1532/4378/2963 4230/4379/2976 1170/4373/2241
f 1170/1732/2241 4230/1726/2976 1539/1727/2977 318/1733/2238
f 4230/1726/2976 1540/1711/2978 1055/1717/2979 1539/1727/2977
f 1532/7056/2963 409/7055/2965 1540/7057/2978 4230/7058/2976
f 318/7073/2238 1539/7074/2977 4231/7075/2980 3520/7076/2236
f 3520/3968/2236 4231/3969/2980 1499/3950/2892 48/3929/2125
f 4231/1512/2980 1541/1507/2981 403/1503/2897 1499/1513/2892
f 1539/7074/2977 1055/7077/2979 1541/7078/2981 4231/7075/2980
f 1055/7077/2979 1543/7079/2982 4232/7080/2983 1541/7078/2981
f 1541/1507/2981 4232/1508/2983 1506/1504/2908 403/1503/2897
f 4232/1508/2983 1542/1511/2984 113/1509/2911 1506/1504/2908
f 1543/7079/2982 412/7081/2985 1542/7082/2984 4232/7080/2983
f 409/1705/2965 1534/1704/2968 4233/1710/2986 1540/1711/2978
f 1540/1711/2978 4233/1710/2986 1543/1716/2982 1055/1717/2979
f 4233/1710/2986 1544/1715/2987 412/1725/2985 1543/1716/2982
f 1534/1704/2968 267/1709/2970 1544/1715/2987 4233/1710/2986
f 267/4466/2970 1547/4458/2988 4234/4461/2989 1544/4467/2987
f 1544/4467/2987 4234/4461/2989 1545/4465/2990 412/4471/2985
f 4234/4461/2989 1546/4460/2991 1056/4464/2992 1545/4465/2990
f 1547/4458/2988 414/4459/2993 1546/4460/2991 4234/4461/2989
f 412/4471/2985 1545/4465/2990 4235/4470/2994 1542/4472/2984
f 1542/4472/2984 4235/4470/2994 1523/4473/2940 113/4474/2911
f 4235/7083/2994 1548/7084/2995 408/7085/2945 1523/7086/2940
f 1545/4465/2990 1056/4464/2992 1548/4469/2995 4235/4470/2994
f 1056/7089/2992 1550/7090/2996 4236/7087/2997 1548/7084/2995
f 1548/7084/2995 4236/7087/2997 1528/7088/2952 408/7085/2945
f 4236/1529/2997 1549/1530/2998 62/1524/2955 1528/1521/2952
f 1550/7090/2996 413/7091/2999 1549/7092/2998 4236/7087/2997
f 414/1562/2993 1552/1552/3000 4237/1547/3001 1546/1555/2991
f 1546/1555/2991 4237/1547/3001 1550/1548/2996 1056/1556/2992
f 4237/1547/3001 1551/1541/3002 413/1538/2999 1550/1548/2996
f 1552/1552/3000 114/1543/3003 1551/1541/3002 4237/1547/3001
f 115/4475/2975 1555/4476/3004 4238/4477/3005 1537/4478/2974
f 1537/7064/2974 4238/7067/3005 1553/7068/3006 410/7065/2971
f 4238/7067/3005 1554/7069/3007 1057/7070/3008 1553/7068/3006
f 1555/4476/3004 416/4481/3009 1554/4482/3007 4238/4477/3005
f 410/7065/2971 1553/7068/3006 4239/7071/3010 1535/7072/2969
f 1535/4468/2969 4239/4462/3010 1547/4458/2988 267/4466/2970
f 4239/4462/3010 1556/4463/3011 414/4459/2993 1547/4458/2988
f 1553/1592/3006 1057/1578/3008 1556/1579/3011 4239/1593/3010
f 1057/1578/3008 1558/1568/3012 4240/1560/3013 1556/1579/3011
f 1556/7093/3011 4240/7094/3013 1552/7095/3000 414/7096/2993
f 4240/1560/3013 1557/1549/3014 114/1543/3003 1552/1552/3000
f 1558/1568/3012 415/1557/3015 1557/1549/3014 4240/1560/3013
f 416/7097/3009 1560/7098/3016 4241/7099/3017 1554/7100/3007
f 1554/1590/3007 4241/1576/3017 1558/1568/3012 1057/1578/3008
f 4241/1576/3017 1559/1565/3018 415/1557/3015 1558/1568/3012
f 1560/1588/3016 63/1573/3019 1559/1565/3018 4241/1576/3017
f 54/7101/2397 1563/7102/3020 4242/7103/3021 1247/7104/2395
f 1247/6728/2395 4242/6731/3021 1561/6729/3022 338/6723/2392
f 4242/6731/3021 1562/6734/3023 1058/6732/3024 1561/6729/3022
f 1563/7102/3020 419/7105/3025 1562/7106/3023 4242/7103/3021
f 338/6723/2392 1561/6729/3022 4243/6730/3026 1245/6724/2390
f 1245/6708/2390 4243/6710/3026 1564/6711/3027 94/6709/2379
f 4243/6710/3026 1565/6712/3028 417/6713/3029 1564/6711/3027
f 1561/6729/3022 1058/6732/3024 1565/6733/3028 4243/6730/3026
f 1058/6732/3024 1568/6735/3030 4244/6736/3031 1565/6733/3028
f 1565/1685/3028 4244/1677/3031 1566/1665/3032 417/1686/3029
f 4244/1677/3031 1567/1664/3033 268/1652/3034 1566/1665/3032
f 1568/6735/3030 418/6738/3035 1567/6739/3033 4244/6736/3031
f 419/7105/3025 1570/7107/3036 4245/7108/3037 1562/7106/3023
f 1562/6734/3023 4245/6737/3037 1568/6735/3030 1058/6732/3024
f 4245/6737/3037 1569/6740/3038 418/6738/3035 1568/6735/3030
f 1570/7107/3036 117/7109/3039 1569/7110/3038 4245/7108/3037
f 94/6709/2379 1564/6711/3027 4246/6714/3040 1238/6715/2377
f 1238/1420/2377 4246/1426/3040 1571/1427/3041 336/1421/2374
f 4246/6714/3040 1572/6716/3042 1059/6719/3043 1571/6720/3041
f 1564/6711/3027 417/6713/3029 1572/6716/3042 4246/6714/3040
f 336/6684/2374 1571/6685/3041 4247/6682/3044 1236/6680/2372
f 1236/6680/2372 4247/6682/3044 1531/6683/2956 51/6681/2261
f 4247/1673/3044 1573/1659/3045 411/1671/2961 1531/1679/2956
f 1571/1672/3041 1059/1658/3043 1573/1659/3045 4247/1673/3044
f 1059/1658/3043 1575/1647/3046 4248/1648/3047 1573/1659/3045
f 1573/1659/3045 4248/1648/3047 1538/1657/2972 411/1671/2961
f 4248/1648/3047 1574/1637/3048 115/1656/2975 1538/1657/2972
f 1575/1647/3046 420/1636/3049 1574/1637/3048 4248/1648/3047
f 417/6713/3029 1566/6717/3032 4249/6718/3050 1572/6716/3042
f 1572/1668/3042 4249/1655/3050 1575/1647/3046 1059/1658/3043
f 4249/1655/3050 1576/1646/3051 420/1636/3049 1575/1647/3046
f 1566/1665/3032 268/1652/3034 1576/1646/3051 4249/1655/3050
f 268/1652/3034 1579/1643/3052 4250/1644/3053 1576/1646/3051
f 1576/1646/3051 4250/1644/3053 1577/1629/3054 420/1636/3049
f 4250/7111/3053 1578/7112/3055 1060/7113/3056 1577/7114/3054
f 1579/1643/3052 422/1633/3057 1578/1634/3055 4250/1644/3053
f 420/1636/3049 1577/1629/3054 4251/1630/3058 1574/1637/3048
f 1574/4479/3048 4251/4480/3058 1555/4476/3004 115/4475/2975
f 4251/4480/3058 1580/4483/3059 416/4481/3009 1555/4476/3004
f 1577/1629/3054 1060/1621/3056 1580/1612/3059 4251/1630/3058
f 1060/1621/3056 1582/1610/3060 4252/1602/3061 1580/1612/3059
f 1580/1612/3059 4252/1602/3061 1560/1588/3016 416/1613/3009
f 4252/1602/3061 1581/1585/3062 63/1573/3019 1560/1588/3016
f 1582/1610/3060 421/1599/3063 1581/1585/3062 4252/1602/3061
f 422/1633/3057 1584/1627/3064 4253/1620/3065 1578/1634/3055
f 1578/7112/3055 4253/7115/3065 1582/7116/3060 1060/7113/3056
f 4253/1620/3065 1583/1608/3066 421/1599/3063 1582/1610/3060
f 1584/1627/3064 116/1616/3067 1583/1608/3066 4253/1620/3065
f 117/4484/3039 1587/4485/3068 4254/4486/3069 1569/4487/3038
f 1569/4487/3038 4254/4486/3069 1585/4490/3070 418/4491/3035
f 4254/1676/3069 1586/1660/3071 1061/1649/3072 1585/1663/3070
f 1587/1684/3068 424/1674/3073 1586/1660/3071 4254/1676/3069
f 418/6738/3035 1585/6741/3070 4255/6742/3074 1567/6739/3033
f 1567/1664/3033 4255/1651/3074 1579/1643/3052 268/1652/3034
f 4255/1651/3074 1588/1641/3075 422/1633/3057 1579/1643/3052
f 1585/1663/3070 1061/1649/3072 1588/1641/3075 4255/1651/3074
f 1061/1649/3072 1590/1650/3076 4256/1642/3077 1588/1641/3075
f 1588/1641/3075 4256/1642/3077 1584/1627/3064 422/1633/3057
f 4256/7117/3077 1589/7118/3078 116/7119/3067 1584/7120/3064
f 1590/1650/3076 423/1662/3079 1589/1624/3078 4256/1642/3077
f 424/1674/3073 1592/1675/3080 4257/1661/3081 1586/1660/3071
f 1586/1660/3071 4257/1661/3081 1590/1650/3076 1061/1649/3072
f 4257/7121/3081 1591/7122/3082 423/7123/3079 1590/7124/3076
f 1592/1675/3080 64/1682/3083 1591/1683/3082 4257/1661/3081
f 57/6777/2533 1595/6781/3084 4258/6782/3085 1315/6778/2531
f 1315/6778/2531 4258/6782/3085 1593/6788/3086 356/6789/2528
f 4258/6782/3085 1594/6787/3087 1062/6793/3088 1593/6788/3086
f 1595/6781/3084 427/6786/3089 1594/6787/3087 4258/6782/3085
f 356/7146/2528 1593/7147/3086 4259/7148/3090 1313/7149/2526
f 1313/4412/2526 4259/4413/3090 1596/4410/3091 99/4409/2515
f 4259/7148/3090 1597/7151/3092 425/7154/3093 1596/7155/3091
f 1593/7147/3086 1062/7150/3088 1597/7151/3092 4259/7148/3090
f 1062/7150/3088 1600/7152/3094 4260/7153/3095 1597/7151/3092
f 1597/7151/3092 4260/7153/3095 1598/7156/3096 425/7154/3093
f 4260/7153/3095 1599/7157/3097 269/7158/3098 1598/7156/3096
f 1600/1867/3094 426/1868/3099 1599/1869/3097 4260/1870/3095
f 427/1881/3089 1602/1875/3100 4261/1871/3101 1594/1877/3087
f 1594/1877/3087 4261/1871/3101 1600/1867/3094 1062/1878/3088
f 4261/1871/3101 1601/1872/3102 426/1868/3099 1600/1867/3094
f 1602/1875/3100 119/1876/3103 1601/1872/3102 4261/1871/3101
f 99/4409/2515 1596/4410/3091 4262/4411/3104 1306/4406/2513
f 1306/7161/2513 4262/7162/3104 1603/7163/3105 354/7164/2510
f 4262/7162/3104 1604/7165/3106 1063/7166/3107 1603/7163/3105
f 1596/4410/3091 425/4414/3093 1604/4415/3106 4262/4411/3104
f 354/1463/2510 1603/1464/3105 4263/1457/3108 1304/1451/2508
f 1304/1451/2508 4263/1457/3108 1563/1458/3020 54/1443/2397
f 4263/1457/3108 1605/1465/3109 419/1466/3025 1563/1458/3020
f 1603/1464/3105 1063/1469/3107 1605/1465/3109 4263/1457/3108
f 1063/1469/3107 1607/1478/3110 4264/1470/3111 1605/1465/3109
f 1605/1465/3109 4264/1470/3111 1570/1471/3036 419/1466/3025
f 4264/1470/3111 1606/1479/3112 117/1480/3039 1570/1471/3036
f 1607/4494/3110 428/4495/3113 1606/4496/3112 4264/4497/3111
f 425/7154/3093 1598/7156/3096 4265/7159/3114 1604/7160/3106
f 1604/7165/3106 4265/7167/3114 1607/7168/3110 1063/7166/3107
f 4265/4498/3114 1608/4499/3115 428/4495/3113 1607/4494/3110
f 1598/4500/3096 269/4501/3098 1608/4499/3115 4265/4498/3114
f 269/1880/3098 1611/1879/3116 4266/1882/3117 1608/1883/3115
f 1608/7169/3115 4266/7170/3117 1609/7171/3118 428/7172/3113
f 4266/7170/3117 1610/7173/3119 1064/7174/3120 1609/7171/3118
f 1611/7177/3116 430/7178/3121 1610/7173/3119 4266/7170/3117
f 428/7172/3113 1609/7171/3118 4267/7175/3122 1606/7176/3112
f 1606/4488/3112 4267/4489/3122 1587/4485/3068 117/4484/3039
f 4267/4489/3122 1612/4492/3123 424/4493/3073 1587/4485/3068
f 1609/7190/3118 1064/7191/3120 1612/7192/3123 4267/7193/3122
f 1064/1689/3120 1614/1690/3124 4268/1681/3125 1612/1680/3123
f 1612/1680/3123 4268/1681/3125 1592/1675/3080 424/1674/3073
f 4268/1681/3125 1613/1691/3126 64/1682/3083 1592/1675/3080
f 1614/1690/3124 429/1698/3127 1613/1691/3126 4268/1681/3125
f 430/7178/3121 1616/7181/3128 4269/7179/3129 1610/7173/3119
f 1610/7173/3119 4269/7179/3129 1614/7180/3124 1064/7174/3120
f 4269/7179/3129 1615/7182/3130 429/7183/3127 1614/7180/3124
f 1616/1749/3128 118/1742/3131 1615/1743/3130 4269/1750/3129
f 119/4502/3103 1619/4503/3132 4270/4504/3133 1601/4505/3102
f 1601/7194/3102 4270/7195/3133 1617/7196/3134 426/7197/3099
f 4270/7195/3133 1618/7198/3135 1065/7199/3136 1617/7196/3134
f 1619/1786/3132 432/1777/3137 1618/1778/3135 4270/1787/3133
f 426/1868/3099 1617/1873/3134 4271/1874/3138 1599/1869/3097
f 1599/1869/3097 4271/1874/3138 1611/1879/3116 269/1880/3098
f 4271/7203/3138 1620/7202/3139 430/7207/3121 1611/7208/3116
f 1617/7196/3134 1065/7199/3136 1620/7202/3139 4271/7203/3138
f 1065/7199/3136 1622/7201/3140 4272/7206/3141 1620/7202/3139
f 1620/7202/3139 4272/7206/3141 1616/7211/3128 430/7207/3121
f 4272/1757/3141 1621/1748/3142 118/1742/3131 1616/1749/3128
f 1622/1761/3140 431/1754/3143 1621/1748/3142 4272/1757/3141
f 432/1777/3137 1624/1769/3144 4273/1770/3145 1618/1778/3135
f 1618/7198/3135 4273/7200/3145 1622/7201/3140 1065/7199/3136
f 4273/7200/3145 1623/7204/3146 431/7205/3143 1622/7201/3140
f 1624/1769/3144 65/1764/3147 1623/1765/3146 4273/1770/3145
f 1367/6834/2632 4274/6838/3148 1625/6835/3149 103/6830/2624
f 4274/6838/3148 1626/6842/3150 433/6839/3151 1625/6835/3149
f 1626/6842/3150 4275/6846/3152 1627/6843/3153 433/6839/3151
f 4275/1884/3152 1628/1885/3154 270/1886/3155 1627/1887/3153
f 103/6830/2624 1625/6835/3149 4276/6831/3156 1361/6828/2622
f 1361/6828/2622 4276/6831/3156 1629/6832/3157 367/6825/2619
f 4276/6831/3156 1630/6836/3158 1066/6837/3159 1629/6832/3157
f 1625/6835/3149 433/6839/3151 1630/6836/3158 4276/6831/3156
f 367/6790/2619 1629/6791/3157 4277/6785/3160 1359/6780/2617
f 1359/6780/2617 4277/6785/3160 1595/6781/3084 57/6777/2533
f 4277/6785/3160 1631/6792/3161 427/6786/3089 1595/6781/3084
f 1629/6791/3157 1066/6794/3159 1631/6792/3161 4277/6785/3160
f 1066/6794/3159 1633/6797/3162 4278/6795/3163 1631/6792/3161
f 1631/6792/3161 4278/6795/3163 1602/6796/3100 427/6786/3089
f 4278/6795/3163 1632/6798/3164 119/6799/3103 1602/6796/3100
f 1633/6797/3162 434/6800/3165 1632/6798/3164 4278/6795/3163
f 433/6839/3151 1627/6843/3153 4279/6840/3166 1630/6836/3158
f 1630/6836/3158 4279/6840/3166 1633/6841/3162 1066/6837/3159
f 4279/6840/3166 1634/6844/3167 434/6845/3165 1633/6841/3162
f 1627/6843/3153 270/6847/3155 1634/6844/3167 4279/6840/3166
f 270/4510/3155 1637/4511/3168 4280/4512/3169 1634/4513/3167
f 1634/6844/3167 4280/6848/3169 1635/6849/3170 434/6845/3165
f 4280/6848/3169 1636/6850/3171 1067/6851/3172 1635/6849/3170
f 1637/1889/3168 436/1891/3173 1636/1892/3171 4280/1893/3169
f 434/4508/3165 1635/4509/3170 4281/4507/3174 1632/4506/3164
f 1632/4506/3164 4281/4507/3174 1619/4503/3132 119/4502/3103
f 4281/1796/3174 1638/1797/3175 432/1777/3137 1619/1786/3132
f 1635/6849/3170 1067/6851/3172 1638/6852/3175 4281/6853/3174
f 1067/6851/3172 1640/6854/3176 4282/6855/3177 1638/6852/3175
f 1638/6852/3175 4282/6855/3177 1624/6856/3144 432/6857/3137
f 4282/1776/3177 1639/1768/3178 65/1764/3147 1624/1769/3144
f 1640/1785/3176 435/1775/3179 1639/1768/3178 4282/1776/3177
f 436/7212/3173 1642/7213/3180 4283/7214/3181 1636/7215/3171
f 1636/1802/3171 4283/1791/3181 1640/1785/3176 1067/1803/3172
f 4283/1791/3181 1641/1782/3182 435/1775/3179 1640/1785/3176
f 1642/7213/3180 120/7218/3183 1641/7219/3182 4283/7214/3181
f 1628/1885/3154 4284/1888/3184 1637/1889/3168 270/1886/3155
f 4284/1888/3184 1643/1890/3185 436/1891/3173 1637/1889/3168
f 1643/7216/3185 4285/7217/3186 1642/7213/3180 436/7212/3173
f 4285/7217/3186 1644/7220/3187 120/7218/3183 1642/7213/3180
f 58/860/2699 1647/876/3188 4286/867/3189 1399/850/2698
f 1399/850/2698 4286/867/3189 1645/868/3190 375/837/2695
f 4286/867/3189 1646/881/3191 1068/869/3192 1645/868/3190
f 1647/876/3188 439/890/3193 1646/881/3191 4286/867/3189
f 375/6872/2695 1645/6873/3190 4287/6870/3194 1397/6869/2694
f 1397/6869/2694 4287/6870/3194 1648/6871/3195 104/6866/2683
f 4287/851/3194 1649/852/3196 437/839/3197 1648/826/3195
f 1645/868/3190 1068/869/3192 1649/852/3196 4287/851/3194
f 1068/869/3192 1652/882/3198 4288/870/3199 1649/852/3196
f 1649/852/3196 4288/870/3199 1650/853/3200 437/839/3197
f 4288/870/3199 1651/883/3201 271/871/3202 1650/853/3200
f 1652/882/3198 438/895/3203 1651/883/3201 4288/870/3199
f 439/890/3193 1654/905/3204 4289/906/3205 1646/881/3191
f 1646/5395/3191 4289/5390/3205 1652/5392/3198 1068/5396/3192
f 4289/5390/3205 1653/5389/3206 438/5391/3203 1652/5392/3198
f 1654/5388/3204 121/5386/3207 1653/5389/3206 4289/5390/3205
f 104/825/2683 1648/826/3195 4290/815/3208 1391/802/2682
f 1391/802/2682 4290/815/3208 1655/816/3209 373/803/2679
f 4290/815/3208 1656/827/3210 1069/828/3211 1655/816/3209
f 1648/826/3195 437/839/3197 1656/827/3210 4290/815/3208
f 373/5733/2679 1655/5719/3209 4291/5705/3212 1389/5720/2678
f 1389/5720/2678 4291/5705/3212 3055/5703/1307 30/5718/1309
f 4291/5705/3212 1657/5686/3213 778/5684/1304 3055/5703/1307
f 1655/5719/3209 1069/5704/3211 1657/5686/3213 4291/5705/3212
f 1069/5704/3211 1659/5685/3214 4292/5666/3215 1657/5686/3213
f 1657/5686/3213 4292/5666/3215 3053/5664/1302 778/5684/1304
f 4292/5666/3215 1658/5644/3216 202/5642/1291 3053/5664/1302
f 1659/5685/3214 440/5665/3217 1658/5644/3216 4292/5666/3215
f 437/839/3197 1650/853/3200 4293/840/3218 1656/827/3210
f 1656/827/3210 4293/840/3218 1659/841/3214 1069/828/3211
f 4293/840/3218 1660/854/3219 440/855/3217 1659/841/3214
f 1650/853/3200 271/871/3202 1660/854/3219 4293/840/3218
f 271/7225/3202 1663/7226/3220 4294/7227/3221 1660/7228/3219
f 1660/854/3219 4294/872/3221 1661/873/3222 440/855/3217
f 4294/872/3221 1662/884/3223 1070/885/3224 1661/873/3222
f 1663/7226/3220 441/7229/3225 1662/7230/3223 4294/7227/3221
f 440/5665/3217 1661/5643/3222 4295/5623/3226 1658/5644/3216
f 1658/5644/3216 4295/5623/3226 3046/5621/1289 202/5642/1291
f 4295/5623/3226 1664/5604/3227 776/5602/1286 3046/5621/1289
f 1661/5643/3222 1070/5622/3224 1664/5604/3227 4295/5623/3226
f 1070/5622/3224 1665/5603/3228 4296/5584/3229 1664/5604/3227
f 1664/5604/3227 4296/5584/3229 3044/5583/1284 776/5602/1286
f 4296/5584/3229 2987/5562/1171 27/5561/1173 3044/5583/1284
f 1665/5603/3228 760/5585/1168 2987/5562/1171 4296/5584/3229
f 441/4523/3225 1666/4522/3230 4297/4524/3231 1662/4525/3223
f 1662/884/3223 4297/898/3231 1665/899/3228 1070/885/3224
f 4297/898/3231 2985/911/1166 760/912/1168 1665/899/3228
f 1666/5845/3230 197/5838/1155 2985/5843/1166 4297/5847/3231
f 121/1900/3207 1669/1898/3232 4298/1899/3233 1653/1901/3206
f 1653/5389/3206 4298/5393/3233 1667/5394/3234 438/5391/3203
f 4298/4514/3233 1668/4515/3235 1071/4516/3236 1667/4517/3234
f 1669/1898/3232 442/1894/3237 1668/1897/3235 4298/1899/3233
f 438/895/3203 1667/908/3234 4299/896/3238 1651/883/3201
f 1651/883/3201 4299/896/3238 1663/897/3220 271/871/3202
f 4299/896/3238 1670/909/3239 441/910/3225 1663/897/3220
f 1667/4517/3234 1071/4516/3236 1670/4518/3239 4299/4519/3238
f 1071/4516/3236 1671/4520/3240 4300/4521/3241 1670/4518/3239
f 1670/4518/3239 4300/4521/3241 1666/4522/3230 441/4523/3225
f 4300/5844/3241 2978/5839/1153 197/5838/1155 1666/5845/3230
f 1671/5414/3240 758/5408/1150 2978/5413/1153 4300/5418/3241
f 442/1894/3237 1672/1895/3242 4301/1896/3243 1668/1897/3235
f 1668/5419/3235 4301/5409/3243 1671/5414/3240 1071/5420/3236
f 4301/5409/3243 2976/5404/1148 758/5408/1150 1671/5414/3240
f 1672/5406/3242 24/5399/1037 2976/5404/1148 4301/5409/3243
f 59/950/2763 1675/964/3244 4302/965/3245 1431/940/2762
f 1431/7231/2762 4302/7232/3245 1673/7233/3246 383/7234/2759
f 4302/965/3245 1674/967/3247 1072/953/3248 1673/942/3246
f 1675/964/3244 445/974/3249 1674/967/3247 4302/965/3245
f 383/930/2759 1673/942/3246 4303/933/3250 1429/924/2758
f 1429/924/2758 4303/933/3250 1676/925/3251 106/915/2747
f 4303/933/3250 1677/945/3252 443/934/3253 1676/925/3251
f 1673/942/3246 1072/953/3248 1677/945/3252 4303/933/3250
f 1072/953/3248 1680/968/3254 4304/957/3255 1677/945/3252
f 1677/945/3252 4304/957/3255 1678/946/3256 443/934/3253
f 4304/957/3255 1679/969/3257 272/958/3258 1678/946/3256
f 1680/7235/3254 444/7236/3259 1679/7237/3257 4304/7238/3255
f 445/974/3249 1682/982/3260 4305/975/3261 1674/967/3247
f 1674/967/3247 4305/975/3261 1680/968/3254 1072/953/3248
f 4305/7239/3261 1681/7240/3262 444/7236/3259 1680/7235/3254
f 1682/982/3260 122/990/3263 1681/991/3262 4305/975/3261
f 106/915/2747 1676/925/3251 4306/917/3264 1423/902/2746
f 1423/902/2746 4306/917/3264 1683/903/3265 381/888/2743
f 4306/917/3264 1684/926/3266 1073/918/3267 1683/903/3265
f 1676/925/3251 443/934/3253 1684/926/3266 4306/917/3264
f 381/888/2743 1683/903/3265 4307/889/3268 1421/875/2742
f 1421/875/2742 4307/889/3268 1647/876/3188 58/860/2699
f 4307/889/3268 1685/904/3269 439/890/3193 1647/876/3188
f 1683/903/3265 1073/918/3267 1685/904/3269 4307/889/3268
f 1073/918/3267 1687/927/3270 4308/919/3271 1685/904/3269
f 1685/904/3269 4308/919/3271 1654/905/3204 439/890/3193
f 4308/5387/3271 1686/5385/3272 121/5386/3207 1654/5388/3204
f 1687/927/3270 446/936/3273 1686/937/3272 4308/919/3271
f 443/934/3253 1678/946/3256 4309/935/3274 1684/926/3266
f 1684/926/3266 4309/935/3274 1687/927/3270 1073/918/3267
f 4309/935/3274 1688/947/3275 446/936/3273 1687/927/3270
f 1678/946/3256 272/958/3258 1688/947/3275 4309/935/3274
f 272/5383/3258 1691/5379/3276 4310/5380/3277 1688/5384/3275
f 1688/947/3275 4310/959/3277 1689/948/3278 446/936/3273
f 4310/959/3277 1690/970/3279 1074/960/3280 1689/948/3278
f 1691/5379/3276 447/5375/3281 1690/5372/3279 4310/5380/3277
f 446/936/3273 1689/948/3278 4311/949/3282 1686/937/3272
f 1686/5385/3272 4311/5381/3282 1669/5382/3232 121/5386/3207
f 4311/5381/3282 1692/5374/3283 442/5378/3237 1669/5382/3232
f 1689/948/3278 1074/960/3280 1692/961/3283 4311/949/3282
f 1074/5373/3280 1693/5370/3284 4312/5371/3285 1692/5374/3283
f 1692/5374/3283 4312/5371/3285 1672/5377/3242 442/5378/3237
f 4312/5405/3285 2919/5400/1035 24/5399/1037 1672/5406/3242
f 1693/5370/3284 742/5365/1032 2919/5368/1035 4312/5371/3285
f 447/5375/3281 1694/5376/3286 4313/5369/3287 1690/5372/3279
f 1690/5372/3279 4313/5369/3287 1693/5370/3284 1074/5373/3280
f 4313/5369/3287 2917/5366/1030 742/5365/1032 1693/5370/3284
f 1694/722/3286 192/712/1019 2917/717/1030 4313/723/3287
f 122/990/3263 1697/1000/3288 4314/1001/3289 1681/991/3262
f 1681/7240/3262 4314/7243/3289 1695/7241/3290 444/7236/3259
f 4314/4529/3289 1696/4528/3291 1075/4532/3292 1695/4533/3290
f 1697/4526/3288 448/4527/3293 1696/4528/3291 4314/4529/3289
f 444/7236/3259 1695/7241/3290 4315/7242/3294 1679/7237/3257
f 1679/7237/3257 4315/7242/3294 1691/7246/3276 272/7247/3258
f 4315/7242/3294 1698/7245/3295 447/7250/3281 1691/7246/3276
f 1695/7241/3290 1075/7244/3292 1698/7245/3295 4315/7242/3294
f 1075/7244/3292 1699/7248/3296 4316/7249/3297 1698/7245/3295
f 1698/7245/3295 4316/7249/3297 1694/7251/3286 447/7250/3281
f 4316/4539/3297 2910/4538/1017 192/4540/1019 1694/4541/3286
f 1699/4535/3296 740/4537/1014 2910/4538/1017 4316/4539/3297
f 448/1094/3293 1700/1087/3298 4317/1102/3299 1696/1103/3291
f 1696/4528/3291 4317/4534/3299 1699/4535/3296 1075/4532/3292
f 4317/4534/3299 2908/4536/1012 740/4537/1014 1699/4535/3296
f 1700/5312/3298 21/5305/901 2908/5307/1012 4317/5313/3299
f 60/1025/2827 1703/1035/3300 4318/1026/3301 1463/1013/2826
f 1463/1013/2826 4318/1026/3301 1701/1014/3302 391/1003/2823
f 4318/7252/3301 1702/7253/3303 1076/7254/3304 1701/7255/3302
f 1703/1035/3300 451/1047/3305 1702/1048/3303 4318/1026/3301
f 391/1003/2823 1701/1014/3302 4319/1015/3306 1461/993/2822
f 1461/7258/2822 4319/7259/3306 1704/7260/3307 108/7261/2811
f 4319/1015/3306 1705/1017/3308 449/1005/3309 1704/994/3307
f 1701/7255/3302 1076/7254/3304 1705/7256/3308 4319/7257/3306
f 1076/1039/3304 1708/1040/3310 4320/1029/3311 1705/1017/3308
f 1705/1017/3308 4320/1029/3311 1706/1018/3312 449/1005/3309
f 4320/1029/3311 1707/1041/3313 273/1030/3314 1706/1018/3312
f 1708/1040/3310 450/1053/3315 1707/1041/3313 4320/1029/3311
f 451/1047/3305 1710/1060/3316 4321/1052/3317 1702/1048/3303
f 1702/1048/3303 4321/1052/3317 1708/1040/3310 1076/1039/3304
f 4321/1052/3317 1709/1066/3318 450/1053/3315 1708/1040/3310
f 1710/1060/3316 123/1073/3319 1709/1066/3318 4321/1052/3317
f 108/984/2811 1704/994/3307 4322/985/3320 1455/977/2810
f 1455/977/2810 4322/985/3320 1711/978/3321 389/972/2807
f 4322/7262/3320 1712/7263/3322 1077/7264/3323 1711/7265/3321
f 1704/994/3307 449/1005/3309 1712/1006/3322 4322/985/3320
f 389/972/2807 1711/978/3321 4323/973/3324 1453/963/2806
f 1453/963/2806 4323/973/3324 1675/964/3244 59/950/2763
f 4323/973/3324 1713/981/3325 445/974/3249 1675/964/3244
f 1711/7265/3321 1077/7264/3323 1713/7268/3325 4323/7269/3324
f 1077/7264/3323 1715/7267/3326 4324/7272/3327 1713/7268/3325
f 1713/981/3325 4324/989/3327 1682/982/3260 445/974/3249
f 4324/989/3327 1714/999/3328 122/990/3263 1682/982/3260
f 1715/7267/3326 452/7271/3329 1714/7273/3328 4324/7272/3327
f 449/1005/3309 1706/1018/3312 4325/1019/3330 1712/1006/3322
f 1712/7263/3322 4325/7266/3330 1715/7267/3326 1077/7264/3323
f 4325/7266/3330 1716/7270/3331 452/7271/3329 1715/7267/3326
f 1706/1018/3312 273/1030/3314 1716/1031/3331 4325/1019/3330
f 273/1030/3314 1719/1042/3332 4326/1034/3333 1716/1031/3331
f 1716/1031/3331 4326/1034/3333 1717/1023/3334 452/1022/3329
f 4326/1034/3333 1718/1045/3335 1078/1046/3336 1717/1023/3334
f 1719/1042/3332 453/1055/3337 1718/1045/3335 4326/1034/3333
f 452/1022/3329 1717/1023/3334 4327/1011/3338 1714/999/3328
f 1714/999/3328 4327/1011/3338 1697/1000/3288 122/990/3263
f 4327/4530/3338 1720/4531/3339 448/4527/3293 1697/4526/3288
f 1717/7274/3334 1078/7275/3336 1720/7276/3339 4327/7277/3338
f 1078/7275/3336 1721/7278/3340 4328/7279/3341 1720/7276/3339
f 1720/1093/3339 4328/1079/3341 1700/1087/3298 448/1094/3293
f 4328/1079/3341 2851/1078/899 21/1086/901 1700/1087/3298
f 1721/1057/3340 724/1071/896 2851/1078/899 4328/1079/3341
f 453/1055/3337 1722/1069/3342 4329/1056/3343 1718/1045/3335
f 1718/1045/3335 4329/1056/3343 1721/1057/3340 1078/1046/3336
f 4329/1056/3343 2849/1070/894 724/1071/896 1721/1057/3340
f 1722/5298/3342 187/5296/883 2849/5295/894 4329/5299/3343
f 123/1073/3319 1725/1082/3344 4330/1076/3345 1709/1066/3318
f 1709/1066/3318 4330/1076/3345 1723/1067/3346 450/1053/3315
f 4330/4545/3345 1724/4544/3347 1079/4548/3348 1723/4549/3346
f 1725/4542/3344 454/4543/3349 1724/4544/3347 4330/4545/3345
f 450/1053/3315 1723/1067/3346 4331/1054/3350 1707/1041/3313
f 1707/1041/3313 4331/1054/3350 1719/1042/3332 273/1030/3314
f 4331/1054/3350 1726/1068/3351 453/1055/3337 1719/1042/3332
f 1723/7280/3346 1079/7281/3348 1726/7282/3351 4331/7283/3350
f 1079/7281/3348 1727/7284/3352 4332/7285/3353 1726/7282/3351
f 1726/1068/3351 4332/1077/3353 1722/1069/3342 453/1055/3337
f 4332/3112/3353 2842/3088/881 187/3099/883 1722/3113/3342
f 1727/7284/3352 722/7288/878 2842/7289/881 4332/7285/3353
f 454/1910/3349 1728/1906/3354 4333/1902/3355 1724/1911/3347
f 1724/7286/3347 4333/7287/3355 1727/7284/3352 1079/7281/3348
f 4333/1902/3355 2840/1903/876 722/1904/878 1727/1905/3352
f 1728/1906/3354 18/1907/765 2840/1903/876 4333/1902/3355
f 61/1157/2891 1731/1145/3356 4334/1135/3357 1495/1146/2890
f 1495/1146/2890 4334/1135/3357 1729/1125/3358 399/1147/2887
f 4334/1135/3357 1730/1121/3359 1080/1112/3360 1729/1125/3358
f 1731/1145/3356 457/1132/3361 1730/1121/3359 4334/1135/3357
f 399/7021/2887 1729/7022/3358 4335/7020/3362 1493/7019/2886
f 1493/7019/2886 4335/7020/3362 1732/7017/3363 110/7014/2875
f 4335/1114/3362 1733/1104/3364 455/1095/3365 1732/1107/3363
f 1729/1125/3358 1080/1112/3360 1733/1104/3364 4335/1114/3362
f 1080/1112/3360 1736/1113/3366 4336/1105/3367 1733/1104/3364
f 1733/1104/3364 4336/1105/3367 1734/1096/3368 455/1095/3365
f 4336/7290/3367 1735/7291/3369 274/7292/3370 1734/7293/3368
f 1736/1113/3366 456/1123/3371 1735/1124/3369 4336/1105/3367
f 457/1132/3361 1738/1133/3372 4337/1122/3373 1730/1121/3359
f 1730/1121/3359 4337/1122/3373 1736/1113/3366 1080/1112/3360
f 4337/1122/3373 1737/1134/3374 456/1123/3371 1736/1113/3366
f 1738/1133/3372 124/1144/3375 1737/1134/3374 4337/1122/3373
f 110/7014/2875 1732/7017/3363 4338/7018/3376 1487/7015/2874
f 1487/1108/2874 4338/1098/3376 1739/1099/3377 397/1109/2871
f 4338/1098/3376 1740/1088/3378 1081/1080/3379 1739/1099/3377
f 1732/1107/3363 455/1095/3365 1740/1088/3378 4338/1098/3376
f 397/6999/2871 1739/7002/3377 4339/7003/3380 1485/7000/2870
f 1485/7000/2870 4339/7003/3380 1703/7008/3300 60/7004/2827
f 4339/1058/3380 1741/1059/3381 451/1047/3305 1703/1035/3300
f 1739/7002/3377 1081/7006/3379 1741/7007/3381 4339/7003/3380
f 1081/1080/3379 1743/1081/3382 4340/1072/3383 1741/1059/3381
f 1741/1059/3381 4340/1072/3383 1710/1060/3316 451/1047/3305
f 4340/7294/3383 1742/7295/3384 123/7296/3319 1710/7297/3316
f 1743/1081/3382 458/1090/3385 1742/1091/3384 4340/1072/3383
f 455/1095/3365 1734/1096/3368 4341/1089/3386 1740/1088/3378
f 1740/1088/3378 4341/1089/3386 1743/1081/3382 1081/1080/3379
f 4341/1089/3386 1744/1097/3387 458/1090/3385 1743/1081/3382
f 1734/1096/3368 274/1106/3370 1744/1097/3387 4341/1089/3386
f 274/7300/3370 1747/7301/3388 4342/7302/3389 1744/7303/3387
f 1744/4556/3387 4342/4552/3389 1745/4550/3390 458/4554/3385
f 4342/4552/3389 1746/4553/3391 1082/4551/3392 1745/4550/3390
f 1747/7301/3388 459/7304/3393 1746/7305/3391 4342/7302/3389
f 458/4554/3385 1745/4550/3390 4343/4546/3394 1742/4555/3384
f 1742/7295/3384 4343/7298/3394 1725/7299/3344 123/7296/3319
f 4343/4546/3394 1748/4547/3395 454/4543/3349 1725/4542/3344
f 1745/4550/3390 1082/4551/3392 1748/4547/3395 4343/4546/3394
f 1082/7310/3392 1749/7311/3396 4344/7312/3397 1748/7313/3395
f 1748/7314/3395 4344/7315/3397 1728/7316/3354 454/7317/3349
f 4344/1908/3397 2783/1909/763 18/1907/765 1728/1906/3354
f 1749/1912/3396 706/1913/760 2783/1909/763 4344/1908/3397
f 459/7304/3393 1750/7306/3398 4345/7307/3399 1746/7305/3391
f 1746/7305/3391 4345/7307/3399 1749/7308/3396 1082/7309/3392
f 4345/1914/3399 2781/1915/758 706/1913/760 1749/1912/3396
f 1750/3002/3398 182/2986/747 2781/3001/758 4345/3017/3399
f 124/7318/3375 1753/7319/3400 4346/7320/3401 1737/7321/3374
f 1737/7321/3374 4346/7320/3401 1751/7324/3402 456/7325/3371
f 4346/7320/3401 1752/7323/3403 1083/7328/3404 1751/7324/3402
f 1753/7319/3400 460/7322/3405 1752/7323/3403 4346/7320/3401
f 456/1123/3371 1751/1136/3402 4347/1137/3406 1735/1124/3369
f 1735/1124/3369 4347/1137/3406 1747/1148/3388 274/1106/3370
f 4347/3020/3406 1754/3004/3407 459/3018/3393 1747/3035/3388
f 1751/3019/3402 1083/3003/3404 1754/3004/3407 4347/3020/3406
f 1083/3003/3404 1755/2973/3408 4348/2988/3409 1754/3004/3407
f 1754/3004/3407 4348/2988/3409 1750/3002/3398 459/3018/3393
f 4348/2988/3409 2774/2987/745 182/2986/747 1750/3002/3398
f 1755/2973/3408 704/2959/742 2774/2987/745 4348/2988/3409
f 460/1244/3405 1756/1243/3410 4349/1259/3411 1752/1260/3403
f 1752/1260/3403 4349/1259/3411 1755/1271/3408 1083/1272/3404
f 4349/2972/3411 2772/2947/740 704/2959/742 1755/2973/3408
f 1756/7329/3410 15/7330/629 2772/7331/740 4349/7332/3411
f 62/7333/2955 1759/7334/3412 4350/7335/3413 1527/7336/2954
f 1527/1525/2954 4350/1535/3413 1757/1536/3414 407/1531/2951
f 4350/6483/3413 1758/6484/3415 1084/6482/3416 1757/6481/3414
f 1759/1278/3412 463/1274/3417 1758/1267/3415 4350/1279/3413
f 407/1531/2951 1757/1536/3414 4351/1540/3418 1525/1537/2950
f 1525/6475/2950 4351/6477/3418 1760/6478/3419 112/6476/2939
f 4351/6477/3418 1761/6479/3420 461/6480/3421 1760/6478/3419
f 1757/6481/3414 1084/6482/3416 1761/6479/3420 4351/6477/3418
f 1084/6482/3416 1764/6485/3422 4352/6486/3423 1761/6479/3420
f 1761/1238/3420 4352/1219/3423 1762/1201/3424 461/1222/3421
f 4352/1219/3423 1763/1220/3425 275/1202/3426 1762/1201/3424
f 1764/1236/3422 462/1237/3427 1763/1220/3425 4352/1219/3423
f 463/1274/3417 1766/1275/3428 4353/1252/3429 1758/1267/3415
f 1758/1267/3415 4353/1252/3429 1764/1236/3422 1084/1268/3416
f 4353/1252/3429 1765/1253/3430 462/1237/3427 1764/1236/3422
f 1766/7347/3428 125/7343/3431 1765/7346/3430 4353/7348/3429
f 112/1225/2939 1760/1226/3419 4354/1208/3432 1519/1207/2938
f 1519/1207/2938 4354/1208/3432 1767/1188/3433 405/1187/2935
f 4354/1208/3432 1768/1204/3434 1085/1185/3435 1767/1188/3433
f 1760/1226/3419 461/1222/3421 1768/1204/3434 4354/1208/3432
f 405/1187/2935 1767/1188/3433 4355/1171/3436 1517/1170/2934
f 1517/1170/2934 4355/1171/3436 1731/1145/3356 61/1157/2891
f 4355/7337/3436 1769/7338/3437 457/7339/3361 1731/7340/3356
f 1767/1188/3433 1085/1185/3435 1769/1186/3437 4355/1171/3436
f 1085/1185/3435 1771/1166/3438 4356/1155/3439 1769/1186/3437
f 1769/7338/3437 4356/7341/3439 1738/7342/3372 457/7339/3361
f 4356/1155/3439 1770/1156/3440 124/1144/3375 1738/1133/3372
f 1771/1166/3438 464/1167/3441 1770/1156/3440 4356/1155/3439
f 461/1222/3421 1762/1201/3424 4357/1182/3442 1768/1204/3434
f 1768/1204/3434 4357/1182/3442 1771/1166/3438 1085/1185/3435
f 4357/1182/3442 1772/1183/3443 464/1167/3441 1771/1166/3438
f 1762/1201/3424 275/1202/3426 1772/1183/3443 4357/1182/3442
f 275/1202/3426 1775/1221/3444 4358/1203/3445 1772/1183/3443
f 1772/1183/3443 4358/1203/3445 1773/1184/3446 464/1167/3441
f 4358/4560/3445 1774/4559/3447 1086/4563/3448 1773/4564/3446
f 1775/4557/3444 465/4558/3449 1774/4559/3447 4358/4560/3445
f 464/1167/3441 1773/1184/3446 4359/1168/3450 1770/1156/3440
f 1770/1156/3440 4359/1168/3450 1753/1169/3400 124/1144/3375
f 4359/7326/3450 1776/7327/3451 460/7322/3405 1753/7319/3400
f 1773/1184/3446 1086/1205/3448 1776/1206/3451 4359/1168/3450
f 1086/1205/3448 1777/1223/3452 4360/1224/3453 1776/1206/3451
f 1776/1206/3451 4360/1224/3453 1756/1243/3410 460/1244/3405
f 4360/1224/3453 2715/1242/627 15/1258/629 1756/1243/3410
f 1777/1223/3452 688/1241/624 2715/1242/627 4360/1224/3453
f 465/1256/3449 1778/1257/3454 4361/1240/3455 1774/1239/3447
f 1774/1239/3447 4361/1240/3455 1777/1223/3452 1086/1205/3448
f 4361/2918/3455 2713/2904/622 688/2903/624 1777/2919/3452
f 1778/1257/3454 177/1269/611 2713/1270/622 4361/1240/3455
f 125/7343/3431 1781/7344/3456 4362/7345/3457 1765/7346/3430
f 1765/1253/3430 4362/1266/3457 1779/1254/3458 462/1237/3427
f 4362/5198/3457 1780/5196/3459 1087/5197/3460 1779/5199/3458
f 1781/4569/3456 466/4570/3461 1780/4571/3459 4362/4572/3457
f 462/1237/3427 1779/1254/3458 4363/1255/3462 1763/1220/3425
f 1763/7349/3425 4363/7350/3462 1775/7351/3444 275/7352/3426
f 4363/4561/3462 1782/4562/3463 465/4558/3449 1775/4557/3444
f 1779/4565/3458 1087/4566/3460 1782/4562/3463 4363/4561/3462
f 1087/7353/3460 1783/7354/3464 4364/7355/3465 1782/7356/3463
f 1782/4562/3463 4364/4567/3465 1778/4568/3454 465/4558/3449
f 4364/7355/3465 2706/7358/609 177/7359/611 1778/7360/3454
f 1783/7354/3464 686/7357/606 2706/7358/609 4364/7355/3465
f 466/4570/3461 1784/4575/3466 4365/4576/3467 1780/4571/3459
f 1780/5196/3459 4365/5194/3467 1783/5195/3464 1087/5197/3460
f 4365/5194/3467 2704/5193/604 686/5192/606 1783/5195/3464
f 1784/7361/3466 12/7362/493 2704/7363/604 4365/7364/3467
f 63/1573/3019 1787/1574/3468 4366/1566/3469 1559/1565/3018
f 1559/1565/3018 4366/1566/3469 1785/1558/3470 415/1557/3015
f 4366/1566/3469 1786/1575/3471 1088/1567/3472 1785/1558/3470
f 1787/1574/3468 469/1587/3473 1786/1575/3471 4366/1566/3469
f 415/1557/3015 1785/1558/3470 4367/1550/3474 1557/1549/3014
f 1557/1549/3014 4367/1550/3474 1788/1544/3475 114/1543/3003
f 4367/1550/3474 1789/1559/3476 467/1551/3477 1788/1544/3475
f 1785/1558/3470 1088/1567/3472 1789/1559/3476 4367/1550/3474
f 1088/1567/3472 1792/1577/3478 4368/1569/3479 1789/1559/3476
f 1789/1559/3476 4368/1569/3479 1790/1561/3480 467/1551/3477
f 4368/1569/3479 1791/1580/3481 276/1570/3482 1790/1561/3480
f 1792/1577/3478 468/1591/3483 1791/1580/3481 4368/1569/3479
f 469/1587/3473 1794/1603/3484 4369/1589/3485 1786/1575/3471
f 1786/1575/3471 4369/1589/3485 1792/1577/3478 1088/1567/3472
f 4369/1589/3485 1793/1604/3486 468/1591/3483 1792/1577/3478
f 1794/1603/3484 126/1614/3487 1793/1604/3486 4369/1589/3485
f 114/1543/3003 1788/1544/3475 4370/1542/3488 1551/1541/3002
f 1551/1541/3002 4370/1542/3488 1795/1539/3489 413/1538/2999
f 4370/1542/3488 1796/1545/3490 1089/1546/3491 1795/1539/3489
f 1788/1544/3475 467/1551/3477 1796/1545/3490 4370/1542/3488
f 413/1538/2999 1795/1539/3489 4371/1533/3492 1549/1530/2998
f 1549/1530/2998 4371/1533/3492 1759/1534/3412 62/1524/2955
f 4371/7365/3492 1797/7366/3493 463/7367/3417 1759/7368/3412
f 1795/7369/3489 1089/7370/3491 1797/7366/3493 4371/7365/3492
f 1089/7370/3491 1799/7373/3494 4372/7371/3495 1797/7366/3493
f 1797/7366/3493 4372/7371/3495 1766/7372/3428 463/7367/3417
f 4372/1572/3495 1798/1571/3496 125/1583/3431 1766/1584/3428
f 1799/1554/3494 470/1564/3497 1798/1571/3496 4372/1572/3495
f 467/1551/3477 1790/1561/3480 4373/1553/3498 1796/1545/3490
f 1796/1545/3490 4373/1553/3498 1799/1554/3494 1089/1546/3491
f 4373/1553/3498 1800/1563/3499 470/1564/3497 1799/1554/3494
f 1790/1561/3480 276/1570/3482 1800/1563/3499 4373/1553/3498
f 276/1570/3482 1803/1581/3500 4374/1582/3501 1800/1563/3499
f 1800/7374/3499 4374/7375/3501 1801/7376/3502 470/7377/3497
f 4374/1582/3501 1802/1596/3503 1090/1606/3504 1801/1607/3502
f 1803/1581/3500 471/1595/3505 1802/1596/3503 4374/1582/3501
f 470/7377/3497 1801/7376/3502 4375/7378/3506 1798/7379/3496
f 1798/1571/3496 4375/1597/3506 1781/1598/3456 125/1583/3431
f 4375/4573/3506 1804/4574/3507 466/4570/3461 1781/4569/3456
f 1801/1607/3502 1090/1606/3504 1804/1615/3507 4375/1597/3506
f 1090/7380/3504 1805/7381/3508 4376/7382/3509 1804/7383/3507
f 1804/7383/3507 4376/7382/3509 1784/7384/3466 466/7385/3461
f 4376/2816/3509 2647/2815/491 12/2830/493 1784/2831/3466
f 1805/2802/3508 670/2801/488 2647/2815/491 4376/2816/3509
f 471/2803/3505 1806/2778/3510 4377/2789/3511 1802/2804/3503
f 1802/2804/3503 4377/2789/3511 1805/2802/3508 1090/2817/3504
f 4377/2789/3511 2645/2777/486 670/2801/488 1805/2802/3508
f 1806/2778/3510 172/2766/475 2645/2777/486 4377/2789/3511
f 126/4577/3487 1809/4578/3512 4378/4579/3513 1793/4580/3486
f 1793/4580/3486 4378/4579/3513 1807/4583/3514 468/4584/3483
f 4378/1919/3513 1808/1918/3515 1091/1924/3516 1807/1925/3514
f 1809/1916/3512 472/1917/3517 1808/1918/3515 4378/1919/3513
f 468/4584/3483 1807/4583/3514 4379/4585/3518 1791/4586/3481
f 1791/1580/3481 4379/1594/3518 1803/1581/3500 276/1570/3482
f 4379/1594/3518 1810/1605/3519 471/1595/3505 1803/1581/3500
f 1807/7386/3514 1091/7387/3516 1810/7388/3519 4379/7389/3518
f 1091/7387/3516 1811/7390/3520 4380/7391/3521 1810/7388/3519
f 1810/7388/3519 4380/7391/3521 1806/7392/3510 471/7393/3505
f 4380/2768/3521 2638/2754/473 172/2766/475 1806/2778/3510
f 1811/2767/3520 668/2755/470 2638/2754/473 4380/2768/3521
f 472/1917/3517 1812/1922/3522 4381/1923/3523 1808/1918/3515
f 1808/1918/3515 4381/1923/3523 1811/1929/3520 1091/1924/3516
f 4381/1923/3523 2636/1928/468 668/1933/470 1811/1929/3520
f 1812/1922/3522 9/1927/357 2636/1928/468 4381/1923/3523
f 64/1682/3083 1815/1692/3524 4382/1693/3525 1591/1683/3082
f 1591/7122/3082 4382/7125/3525 1813/7126/3526 423/7123/3079
f 4382/7125/3525 1814/7127/3527 1092/7128/3528 1813/7126/3526
f 1815/1692/3524 475/1700/3529 1814/1701/3527 4382/1693/3525
f 423/7123/3079 1813/7126/3526 4383/7129/3530 1589/7130/3078
f 1589/1624/3078 4383/1625/3530 1816/1617/3531 116/1616/3067
f 4383/7129/3530 1817/7133/3532 473/7135/3533 1816/7136/3531
f 1813/7126/3526 1092/7128/3528 1817/7133/3532 4383/7129/3530
f 1092/7128/3528 1820/7132/3534 4384/7134/3535 1817/7133/3532
f 1817/7133/3532 4384/7134/3535 1818/7139/3536 473/7135/3533
f 4384/7134/3535 1819/7138/3537 277/7142/3538 1818/7139/3536
f 1820/7132/3534 474/7137/3539 1819/7138/3537 4384/7134/3535
f 475/1700/3529 1822/1707/3540 4385/1708/3541 1814/1701/3527
f 1814/7127/3527 4385/7131/3541 1820/7132/3534 1092/7128/3528
f 4385/1708/3541 1821/1714/3542 474/1723/3539 1820/1724/3534
f 1822/1707/3540 127/1713/3543 1821/1714/3542 4385/1708/3541
f 116/1616/3067 1816/1617/3531 4386/1609/3544 1583/1608/3066
f 1583/1608/3066 4386/1609/3544 1823/1600/3545 421/1599/3063
f 4386/1609/3544 1824/1618/3546 1093/1619/3547 1823/1600/3545
f 1816/1617/3531 473/1626/3533 1824/1618/3546 4386/1609/3544
f 421/1599/3063 1823/1600/3545 4387/1586/3548 1581/1585/3062
f 1581/1585/3062 4387/1586/3548 1787/1574/3468 63/1573/3019
f 4387/1586/3548 1825/1601/3549 469/1587/3473 1787/1574/3468
f 1823/7394/3545 1093/7395/3547 1825/7396/3549 4387/7397/3548
f 1093/1619/3547 1827/1622/3550 4388/1611/3551 1825/1601/3549
f 1825/1601/3549 4388/1611/3551 1794/1603/3484 469/1587/3473
f 4388/1611/3551 1826/1623/3552 126/1614/3487 1794/1603/3484
f 1827/1622/3550 476/1631/3553 1826/1623/3552 4388/1611/3551
f 473/1626/3533 1818/1632/3536 4389/1628/3554 1824/1618/3546
f 1824/1618/3546 4389/1628/3554 1827/1622/3550 1093/1619/3547
f 4389/1628/3554 1828/1635/3555 476/1631/3553 1827/1622/3550
f 1818/1632/3536 277/1640/3538 1828/1635/3555 4389/1628/3554
f 277/7142/3538 1831/7143/3556 4390/7144/3557 1828/7145/3555
f 1828/1635/3555 4390/1645/3557 1829/1638/3558 476/1631/3553
f 4390/1645/3557 1830/1653/3559 1094/1654/3560 1829/1638/3558
f 1831/1666/3556 477/1667/3561 1830/1653/3559 4390/1645/3557
f 476/1631/3553 1829/1638/3558 4391/1639/3562 1826/1623/3552
f 1826/4581/3552 4391/4582/3562 1809/4578/3512 126/4577/3487
f 4391/1920/3562 1832/1921/3563 472/1917/3517 1809/1916/3512
f 1829/7398/3558 1094/7399/3560 1832/7400/3563 4391/7401/3562
f 1094/1930/3560 1833/1931/3564 4392/1926/3565 1832/1921/3563
f 1832/1921/3563 4392/1926/3565 1812/1922/3522 472/1917/3517
f 4392/1926/3565 2579/1932/355 9/1927/357 1812/1922/3522
f 1833/1931/3564 652/1934/352 2579/1932/355 4392/1926/3565
f 477/4587/3561 1834/4588/3566 4393/4589/3567 1830/4590/3559
f 1830/5027/3559 4393/5024/3567 1833/5026/3564 1094/5028/3560
f 4393/5024/3567 2577/5021/350 652/5025/352 1833/5026/3564
f 1834/5023/3566 167/5018/339 2577/5021/350 4393/5024/3567
f 127/1713/3543 1837/1721/3568 4394/1722/3569 1821/1714/3542
f 1821/1714/3542 4394/1722/3569 1835/1731/3570 474/1723/3539
f 4394/4600/3569 1836/4597/3571 1095/4593/3572 1835/4599/3570
f 1837/4601/3568 478/4602/3573 1836/4597/3571 4394/4600/3569
f 474/7137/3539 1835/7140/3570 4395/7141/3574 1819/7138/3537
f 1819/7138/3537 4395/7141/3574 1831/7143/3556 277/7142/3538
f 4395/4595/3574 1838/4591/3575 477/4587/3561 1831/4596/3556
f 1835/4599/3570 1095/4593/3572 1838/4591/3575 4395/4595/3574
f 1095/4593/3572 1839/4594/3576 4396/4592/3577 1838/4591/3575
f 1838/4591/3575 4396/4592/3577 1834/4588/3566 477/4587/3561
f 4396/5022/3577 2570/5019/337 167/5018/339 1834/5023/3566
f 1839/1935/3576 650/1936/334 2570/1937/337 4396/1938/3577
f 478/1859/3573 1840/1858/3578 4397/1863/3579 1836/1864/3571
f 1836/4597/3571 4397/4598/3579 1839/4594/3576 1095/4593/3572
f 4397/5007/3579 2568/5006/332 650/5005/334 1839/5008/3576
f 1840/1858/3578 6/1862/221 2568/1866/332 4397/1863/3579
f 65/1764/3147 1843/1758/3580 4398/1751/3581 1623/1765/3146
f 1623/7204/3146 4398/7209/3581 1841/7210/3582 431/7205/3143
f 4398/1751/3581 1842/1752/3583 1096/1745/3584 1841/1744/3582
f 1843/1758/3580 481/1759/3585 1842/1752/3583 4398/1751/3581
f 431/1754/3143 1841/1744/3582 4399/1740/3586 1621/1748/3142
f 1621/1748/3142 4399/1740/3586 1844/1738/3587 118/1742/3131
f 4399/1740/3586 1845/1741/3588 479/1739/3589 1844/1738/3587
f 1841/1744/3582 1096/1745/3584 1845/1741/3588 4399/1740/3586
f 1096/1745/3584 1848/1753/3590 4400/1746/3591 1845/1741/3588
f 1845/1741/3588 4400/1746/3591 1846/1747/3592 479/1739/3589
f 4400/1746/3591 1847/1755/3593 278/1756/3594 1846/1747/3592
f 1848/7402/3590 480/7403/3595 1847/7404/3593 4400/7405/3591
f 481/4618/3585 1850/4617/3596 4401/4619/3597 1842/4620/3583
f 1842/1752/3583 4401/1760/3597 1848/1753/3590 1096/1745/3584
f 4401/7406/3597 1849/7407/3598 480/7403/3595 1848/7402/3590
f 1850/1795/3596 128/1794/3599 1849/1807/3598 4401/1760/3597
f 118/1742/3131 1844/1738/3587 4402/1734/3600 1615/1743/3130
f 1615/7182/3130 4402/7184/3600 1851/7185/3601 429/7183/3127
f 4402/1734/3600 1852/1728/3602 1097/1718/3603 1851/1735/3601
f 1844/1738/3587 479/1739/3589 1852/1728/3602 4402/1734/3600
f 429/7183/3127 1851/7185/3601 4403/7186/3604 1613/7187/3126
f 1613/1691/3126 4403/1699/3604 1815/1692/3524 64/1682/3083
f 4403/1699/3604 1853/1706/3605 475/1700/3529 1815/1692/3524
f 1851/7185/3601 1097/7188/3603 1853/7189/3605 4403/7186/3604
f 1097/1718/3603 1855/1719/3606 4404/1712/3607 1853/1706/3605
f 1853/1706/3605 4404/1712/3607 1822/1707/3540 475/1700/3529
f 4404/1712/3607 1854/1720/3608 127/1713/3543 1822/1707/3540
f 1855/1719/3606 482/1730/3609 1854/1720/3608 4404/1712/3607
f 479/7408/3589 1846/7409/3592 4405/7410/3610 1852/7411/3602
f 1852/1728/3602 4405/1729/3610 1855/1719/3606 1097/1718/3603
f 4405/4608/3610 1856/4607/3611 482/4609/3609 1855/4610/3606
f 1846/4605/3592 278/4606/3594 1856/4607/3611 4405/4608/3610
f 278/7412/3594 1859/7413/3612 4406/7414/3613 1856/7415/3611
f 1856/4607/3611 4406/4611/3613 1857/4612/3614 482/4609/3609
f 4406/1855/3613 1858/1848/3615 1098/1850/3616 1857/1856/3614
f 1859/7413/3612 483/7418/3617 1858/7419/3615 4406/7414/3613
f 482/4609/3609 1857/4612/3614 4407/4613/3618 1854/4614/3608
f 1854/7420/3608 4407/7421/3618 1837/7422/3568 127/7423/3543
f 4407/4603/3618 1860/4604/3619 478/4602/3573 1837/4601/3568
f 1857/7424/3614 1098/7425/3616 1860/7426/3619 4407/7427/3618
f 1098/1850/3616 1861/1849/3620 4408/1853/3621 1860/1854/3619
f 1860/1854/3619 4408/1853/3621 1840/1858/3578 478/1859/3573
f 4408/1853/3621 2511/1857/219 6/1862/221 1840/1858/3578
f 1861/1849/3620 634/1852/216 2511/1857/219 4408/1853/3621
f 483/1839/3617 1862/1845/3622 4409/1847/3623 1858/1848/3615
f 1858/1848/3615 4409/1847/3623 1861/1849/3620 1098/1850/3616
f 4409/1847/3623 2509/1851/214 634/1852/216 1861/1849/3620
f 1862/7428/3622 162/7429/203 2509/7430/214 4409/7431/3623
f 128/1794/3599 1865/1806/3624 4410/1812/3625 1849/1807/3598
f 1849/1807/3598 4410/1812/3625 1863/1819/3626 480/1820/3595
f 4410/1812/3625 1864/1818/3627 1099/1826/3628 1863/1819/3626
f 1865/1806/3624 484/1811/3629 1864/1818/3627 4410/1812/3625
f 480/1820/3595 1863/1819/3626 4411/1827/3630 1847/1755/3593
f 1847/7416/3593 4411/7417/3630 1859/7413/3612 278/7412/3594
f 4411/1827/3630 1866/1832/3631 483/1839/3617 1859/1840/3612
f 1863/1819/3626 1099/1826/3628 1866/1832/3631 4411/1827/3630
f 1099/1826/3628 1867/1831/3632 4412/1838/3633 1866/1832/3631
f 1866/1832/3631 4412/1838/3633 1862/1845/3622 483/1839/3617
f 4412/1838/3633 2502/1844/201 162/1846/203 1862/1845/3622
f 1867/1831/3632 632/1837/198 2502/1844/201 4412/1838/3633
f 484/1811/3629 1868/1817/3634 4413/1825/3635 1864/1818/3627
f 1864/1818/3627 4413/1825/3635 1867/1831/3632 1099/1826/3628
f 4413/1825/3635 2500/1836/196 632/1837/198 1867/1831/3632
f 1868/2563/3634 3/2549/85 2500/2535/196 4413/2564/3635
f 1644/7220/3187 4414/7221/3636 1869/7222/3637 120/7218/3183
f 4414/7221/3636 1870/7223/3638 485/7224/3639 1869/7222/3637
f 1870/1798/3638 4415/1799/3640 1871/1788/3641 485/1780/3639
f 4415/1799/3640 1872/1808/3642 279/1800/3643 1871/1788/3641
f 120/1789/3183 1869/1779/3637 4416/1771/3644 1641/1782/3182
f 1641/1782/3182 4416/1771/3644 1873/1766/3645 435/1775/3179
f 4416/1771/3644 1874/1772/3646 1100/1767/3647 1873/1766/3645
f 1869/1779/3637 485/1780/3639 1874/1772/3646 4416/1771/3644
f 435/1775/3179 1873/1766/3645 4417/1762/3648 1639/1768/3178
f 1639/1768/3178 4417/1762/3648 1843/1758/3580 65/1764/3147
f 4417/1762/3648 1875/1763/3649 481/1759/3585 1843/1758/3580
f 1873/1766/3645 1100/1767/3647 1875/1763/3649 4417/1762/3648
f 1100/1767/3647 1877/1773/3650 4418/1774/3651 1875/1763/3649
f 1875/4615/3649 4418/4616/3651 1850/4617/3596 481/4618/3585
f 4418/1774/3651 1876/1784/3652 128/1794/3599 1850/1795/3596
f 1877/1773/3650 486/1783/3653 1876/1784/3652 4418/1774/3651
f 485/1780/3639 1871/1788/3641 4419/1781/3654 1874/1772/3646
f 1874/1772/3646 4419/1781/3654 1877/1773/3650 1100/1767/3647
f 4419/1781/3654 1878/1790/3655 486/1783/3653 1877/1773/3650
f 1871/1788/3641 279/1800/3643 1878/1790/3655 4419/1781/3654
f 279/1800/3643 1881/1809/3656 4420/1801/3657 1878/1790/3655
f 1878/1790/3655 4420/1801/3657 1879/1792/3658 486/1783/3653
f 4420/1801/3657 1880/1810/3659 1101/1804/3660 1879/1792/3658
f 1881/7432/3656 487/7433/3661 1880/7434/3659 4420/7435/3657
f 486/1783/3653 1879/1792/3658 4421/1793/3662 1876/1784/3652
f 1876/1784/3652 4421/1793/3662 1865/1806/3624 128/1794/3599
f 4421/1793/3662 1882/1805/3663 484/1811/3629 1865/1806/3624
f 1879/1792/3658 1101/1804/3660 1882/1805/3663 4421/1793/3662
f 1101/7438/3660 1883/7439/3664 4422/7440/3665 1882/7441/3663
f 1882/1805/3663 4422/1816/3665 1868/1817/3634 484/1811/3629
f 4422/2579/3665 2443/2566/83 3/2549/85 1868/2563/3634
f 1883/2593/3664 616/2594/80 2443/2566/83 4422/2579/3665
f 487/7433/3661 1884/7436/3666 4423/7437/3667 1880/7434/3659
f 1880/1810/3659 4423/1814/3667 1883/1815/3664 1101/1804/3660
f 4423/1814/3667 2441/1823/78 616/1824/80 1883/1815/3664
f 1884/1829/3666 157/1830/65 2441/1823/78 4423/1814/3667
f 1872/1808/3642 4424/1813/3668 1881/1809/3656 279/1800/3643
f 4424/1813/3668 1885/1821/3669 487/1822/3661 1881/1809/3656
f 1885/1821/3669 4425/1828/3670 1884/1829/3666 487/1822/3661
f 4425/1828/3670 2434/1833/66 157/1830/65 1884/1829/3666
f 31/5806/1398 3101/5791/1395 4426/5805/3671 3136/5817/1463
f 3136/5817/1463 4426/5805/3671 1886/5816/3672 802/5825/1468
f 4426/5805/3671 1887/5804/3673 1102/5815/3674 1886/5816/3672
f 3101/5791/1395 791/5790/1388 1887/5804/3673 4426/5805/3671
f 802/5928/1468 1886/5932/3672 4427/5933/3675 3143/5929/1479
f 3143/1953/1479 4427/1954/3675 1888/1947/3676 211/1951/1482
f 4427/5933/3675 1889/5935/3677 488/5938/3678 1888/5939/3676
f 1886/5932/3672 1102/5934/3674 1889/5935/3677 4427/5933/3675
f 1102/5934/3674 1892/5936/3679 4428/5937/3680 1889/5935/3677
f 1889/5935/3677 4428/5937/3680 1890/5942/3681 488/5938/3678
f 4428/5937/3680 1891/5941/3682 280/5943/3683 1890/5942/3681
f 1892/5936/3679 489/5940/3684 1891/5941/3682 4428/5937/3680
f 791/5790/1388 3096/5800/1383 4429/5801/3685 1887/5804/3673
f 1887/5804/3673 4429/5801/3685 1892/5824/3679 1102/5815/3674
f 4429/8141/3685 1893/8142/3686 489/8143/3684 1892/8144/3679
f 3096/5800/1383 206/5786/1346 1893/5776/3686 4429/5801/3685
f 211/1951/1482 1888/1947/3676 4430/1948/3687 3164/1952/1519
f 3164/5877/1519 4430/5880/3687 1894/5881/3688 809/5878/1524
f 4430/5880/3687 1895/5884/3689 1103/5885/3690 1894/5881/3688
f 1888/1947/3676 488/1941/3678 1895/1944/3689 4430/1948/3687
f 809/5878/1524 1894/5881/3688 4431/5886/3691 3169/5882/1531
f 3169/5882/1531 4431/5886/3691 1896/5892/3692 34/5887/1534
f 4431/5886/3691 1897/5891/3693 490/5896/3694 1896/5892/3692
f 1894/5881/3688 1103/5885/3690 1897/5891/3693 4431/5886/3691
f 1103/5885/3690 1900/5890/3695 4432/5895/3696 1897/5891/3693
f 1897/5891/3693 4432/5895/3696 1898/5900/3697 490/5896/3694
f 4432/5895/3696 1899/5899/3698 129/5901/3699 1898/5900/3697
f 1900/5890/3695 491/5898/3700 1899/5899/3698 4432/5895/3696
f 488/1941/3678 1890/1942/3681 4433/1943/3701 1895/1944/3689
f 1895/5884/3689 4433/5889/3701 1900/5890/3695 1103/5885/3690
f 4433/1943/3701 1901/1946/3702 491/1949/3700 1900/1950/3695
f 1890/1942/3681 280/1945/3683 1901/1946/3702 4433/1943/3701
f 280/7442/3683 1904/7443/3703 4434/7444/3704 1901/7445/3702
f 1901/7445/3702 4434/7444/3704 1902/7448/3705 491/7449/3700
f 4434/7444/3704 1903/7447/3706 1104/7452/3707 1902/7448/3705
f 1904/7443/3703 494/7446/3708 1903/7447/3706 4434/7444/3704
f 491/8145/3700 1902/8146/3705 4435/8147/3709 1899/8148/3698
f 1899/5899/3698 4435/5902/3709 1905/5903/3710 129/5901/3699
f 4435/4621/3709 1906/4622/3711 492/4623/3712 1905/4624/3710
f 1902/4625/3705 1104/4626/3707 1906/4622/3711 4435/4621/3709
f 1104/4626/3707 1909/4629/3713 4436/4627/3714 1906/4622/3711
f 1906/4622/3711 4436/4627/3714 1907/4628/3715 492/4623/3712
f 4436/5913/3714 1908/5914/3716 66/5911/3717 1907/5909/3715
f 1909/7455/3713 493/7458/3718 1908/7461/3716 4436/7462/3714
f 494/7446/3708 1911/7450/3719 4437/7451/3720 1903/7447/3706
f 1903/7447/3706 4437/7451/3720 1909/7455/3713 1104/7452/3707
f 4437/7451/3720 1910/7454/3721 493/7458/3718 1909/7455/3713
f 1911/7450/3719 130/7453/3722 1910/7454/3721 4437/7451/3720
f 206/5786/1346 3075/5773/1343 4438/5761/3723 1893/5776/3686
f 1893/5776/3686 4438/5761/3723 1912/5762/3724 489/5777/3684
f 4438/5761/3723 1913/5747/3725 1105/5748/3726 1912/5762/3724
f 3075/5773/1343 784/5759/1332 1913/5747/3725 4438/5761/3723
f 489/5777/3684 1912/5762/3724 4439/5775/3727 1891/5789/3682
f 1891/7465/3682 4439/7466/3727 1904/7467/3703 280/7468/3683
f 4439/5775/3727 1914/5774/3728 494/5787/3708 1904/5788/3703
f 1912/5762/3724 1105/5748/3726 1914/5774/3728 4439/5775/3727
f 1105/2306/3726 1916/2305/3729 4440/2303/3730 1914/2307/3728
f 1914/5774/3728 4440/5802/3730 1911/5803/3719 494/5787/3708
f 4440/2303/3730 1915/2298/3731 130/2299/3722 1911/2304/3719
f 1916/2305/3729 495/2302/3732 1915/2298/3731 4440/2303/3730
f 784/5759/1332 3068/5760/1327 4441/5735/3733 1913/5747/3725
f 1913/5747/3725 4441/5735/3733 1916/5736/3729 1105/5748/3726
f 4441/5735/3733 1917/5708/3734 495/5722/3732 1916/5736/3729
f 3068/4630/1327 28/4631/1262 1917/4632/3734 4441/4633/3733
f 34/5887/1534 1896/5892/3692 4442/5897/3735 3204/5893/1599
f 3204/6038/1599 4442/6042/3735 1918/6043/3736 820/6039/1604
f 4442/1955/3735 1919/1956/3737 1106/1957/3738 1918/1958/3736
f 1896/1959/3692 490/1960/3694 1919/1956/3737 4442/1955/3735
f 820/6039/1604 1918/6043/3736 4443/6047/3739 3211/6044/1615
f 3211/4646/1615 4443/4640/3739 1920/4643/3740 216/4647/1618
f 4443/4640/3739 1921/4641/3741 496/4642/3742 1920/4643/3740
f 1918/4644/3736 1106/4645/3738 1921/4641/3741 4443/4640/3739
f 1106/7469/3738 1924/7470/3743 4444/7471/3744 1921/7472/3741
f 1921/1972/3741 4444/1968/3744 1922/1971/3745 496/1973/3742
f 4444/1968/3744 1923/1969/3746 281/1970/3747 1922/1971/3745
f 1924/7470/3743 497/7473/3748 1923/7474/3746 4444/7471/3744
f 490/1960/3694 1898/1963/3697 4445/1961/3749 1919/1956/3737
f 1919/1956/3737 4445/1961/3749 1924/1962/3743 1106/1957/3738
f 4445/1961/3749 1925/1964/3750 497/1965/3748 1924/1962/3743
f 1898/5900/3697 129/5901/3699 1925/5904/3750 4445/5905/3749
f 216/4647/1618 1920/4643/3740 4446/4648/3751 3232/4649/1655
f 3232/6053/1655 4446/6057/3751 1926/6058/3752 827/6055/1660
f 4446/6057/3751 1927/6059/3753 1107/6060/3754 1926/6058/3752
f 1920/6061/3740 496/6062/3742 1927/6059/3753 4446/6057/3751
f 827/6090/1660 1926/6094/3752 4447/6095/3755 3237/6091/1667
f 3237/6091/1667 4447/6095/3755 1928/6098/3756 37/6099/1670
f 4447/6095/3755 1929/6097/3757 498/6102/3758 1928/6098/3756
f 1926/6094/3752 1107/6096/3754 1929/6097/3757 4447/6095/3755
f 1107/6096/3754 1932/6100/3759 4448/6101/3760 1929/6097/3757
f 1929/6097/3757 4448/6101/3760 1930/6105/3761 498/6102/3758
f 4448/8103/3760 1931/8104/3762 131/8100/3763 1930/8099/3761
f 1932/7496/3759 499/7488/3764 1931/7491/3762 4448/7497/3760
f 496/6062/3742 1922/6065/3745 4449/6063/3765 1927/6059/3753
f 1927/6059/3753 4449/6063/3765 1932/6064/3759 1107/6060/3754
f 4449/8095/3765 1933/8096/3766 499/8097/3764 1932/8098/3759
f 1922/7477/3745 281/7478/3747 1933/7479/3766 4449/7480/3765
f 281/7478/3747 1936/7481/3767 4450/7482/3768 1933/7479/3766
f 1933/1992/3766 4450/1983/3768 1934/1984/3769 499/1993/3764
f 4450/1983/3768 1935/1978/3770 1108/1974/3771 1934/1984/3769
f 1936/7481/3767 502/7485/3772 1935/7486/3770 4450/7482/3768
f 499/7488/3764 1934/7489/3769 4451/7490/3773 1931/7491/3762
f 1931/7491/3762 4451/7490/3773 1937/7494/3774 131/7495/3763
f 4451/7498/3773 1938/7499/3775 500/7500/3776 1937/7501/3774
f 1934/7489/3769 1108/7492/3771 1938/7493/3775 4451/7490/3773
f 1108/1974/3771 1941/1975/3777 4452/1976/3778 1938/1977/3775
f 1938/7499/3775 4452/7502/3778 1939/7503/3779 500/7500/3776
f 4452/1976/3778 1940/1981/3780 67/1987/3781 1939/1988/3779
f 1941/1975/3777 501/1980/3782 1940/1981/3780 4452/1976/3778
f 502/4659/3772 1943/4658/3783 4453/4660/3784 1935/4661/3770
f 1935/1978/3770 4453/1979/3784 1941/1975/3777 1108/1974/3771
f 4453/1979/3784 1942/1982/3785 501/1980/3782 1941/1975/3777
f 1943/1989/3783 132/1990/3786 1942/1982/3785 4453/1979/3784
f 129/5901/3699 1905/5903/3710 4454/5906/3787 1925/5904/3750
f 1925/1964/3750 4454/1966/3787 1944/1967/3788 497/1965/3748
f 4454/4650/3787 1945/4651/3789 1109/4652/3790 1944/4653/3788
f 1905/5903/3710 492/5907/3712 1945/5908/3789 4454/5906/3787
f 497/7473/3748 1944/7475/3788 4455/7476/3791 1923/7474/3746
f 1923/7483/3746 4455/7484/3791 1936/7481/3767 281/7478/3747
f 4455/7484/3791 1946/7487/3792 502/7485/3772 1936/7481/3767
f 1944/7506/3788 1109/7507/3790 1946/7508/3792 4455/7509/3791
f 1109/4652/3790 1948/4655/3793 4456/4656/3794 1946/4657/3792
f 1946/4657/3792 4456/4656/3794 1943/4658/3783 502/4659/3772
f 4456/1999/3794 1947/2000/3795 132/1990/3786 1943/1989/3783
f 1948/2008/3793 503/2009/3796 1947/2000/3795 4456/1999/3794
f 492/5907/3712 1907/5909/3715 4457/5910/3797 1945/5908/3789
f 1945/4651/3789 4457/4654/3797 1948/4655/3793 1109/4652/3790
f 4457/2021/3797 1949/2022/3798 503/2009/3796 1948/2008/3793
f 1907/5909/3715 66/5911/3717 1949/5912/3798 4457/5910/3797
f 37/6099/1670 1928/6098/3756 4458/6103/3799 3272/6104/1735
f 3272/6104/1735 4458/6103/3799 1950/6107/3800 838/6108/1740
f 4458/6103/3799 1951/6106/3801 1110/6110/3802 1950/6107/3800
f 1928/6098/3756 498/6102/3758 1951/6106/3801 4458/6103/3799
f 838/2125/1740 1950/2115/3800 4459/2102/3803 3279/2116/1751
f 3279/2116/1751 4459/2102/3803 1952/2103/3804 221/2117/1754
f 4459/2102/3803 1953/2088/3805 504/2089/3806 1952/2103/3804
f 1950/2115/3800 1110/2101/3802 1953/2088/3805 4459/2102/3803
f 1110/2101/3802 1956/2086/3807 4460/2077/3808 1953/2088/3805
f 1953/2088/3805 4460/2077/3808 1954/2078/3809 504/2089/3806
f 4460/2077/3808 1955/2066/3810 282/2067/3811 1954/2078/3809
f 1956/2086/3807 505/2087/3812 1955/2066/3810 4460/2077/3808
f 498/6102/3758 1930/6105/3761 4461/6109/3813 1951/6106/3801
f 1951/2113/3801 4461/2114/3813 1956/2086/3807 1110/2101/3802
f 4461/8102/3813 1957/8101/3814 505/8105/3812 1956/8106/3807
f 1930/8099/3761 131/8100/3763 1957/8101/3814 4461/8102/3813
f 221/7510/1754 1952/7511/3804 4462/7512/3815 3300/7513/1791
f 3300/7531/1791 4462/7532/3815 1958/7533/3816 845/7534/1796
f 4462/2215/3815 1959/2216/3817 1111/2211/3818 1958/2210/3816
f 1952/7511/3804 504/7514/3806 1959/7515/3817 4462/7512/3815
f 845/2217/1796 1958/2210/3816 4463/2198/3819 3305/2212/1803
f 3305/2212/1803 4463/2198/3819 1960/2192/3820 40/2202/1806
f 4463/2198/3819 1961/2199/3821 506/2183/3822 1960/2192/3820
f 1958/2210/3816 1111/2211/3818 1961/2199/3821 4463/2198/3819
f 1111/7539/3818 1964/7540/3823 4464/7536/3824 1961/7535/3821
f 1961/7535/3821 4464/7536/3824 1962/7537/3825 506/7538/3822
f 4464/7536/3824 1963/7541/3826 133/7542/3827 1962/7537/3825
f 1964/7540/3823 507/7543/3828 1963/7541/3826 4464/7536/3824
f 504/7514/3806 1954/7516/3809 4465/7517/3829 1959/7515/3817
f 1959/7515/3817 4465/7517/3829 1964/7520/3823 1111/7521/3818
f 4465/7517/3829 1965/7519/3830 507/7524/3828 1964/7520/3823
f 1954/7516/3809 282/7518/3811 1965/7519/3830 4465/7517/3829
f 282/7518/3811 1968/7522/3831 4466/7523/3832 1965/7519/3830
f 1965/7519/3830 4466/7523/3832 1966/7527/3833 507/7524/3828
f 4466/7523/3832 1967/7526/3834 1112/7528/3835 1966/7527/3833
f 1968/7522/3831 510/7525/3836 1967/7526/3834 4466/7523/3832
f 507/7543/3828 1966/7546/3833 4467/7544/3837 1963/7541/3826
f 1963/7541/3826 4467/7544/3837 1969/7545/3838 133/7542/3827
f 4467/7544/3837 1970/7547/3839 508/7548/3840 1969/7545/3838
f 1966/4662/3833 1112/4663/3835 1970/4664/3839 4467/4665/3837
f 1112/4663/3835 1973/4666/3841 4468/4667/3842 1970/4664/3839
f 1970/7547/3839 4468/7549/3842 1971/7550/3843 508/7548/3840
f 4468/7549/3842 1972/7551/3844 68/7552/3845 1971/7550/3843
f 1973/7555/3841 509/7556/3846 1972/7551/3844 4468/7549/3842
f 510/2047/3836 1975/2033/3847 4469/2046/3848 1967/2056/3834
f 1967/7526/3834 4469/7529/3848 1973/7530/3841 1112/7528/3835
f 4469/2046/3848 1974/2045/3849 509/2054/3846 1973/2055/3841
f 1975/2033/3847 134/2032/3850 1974/2045/3849 4469/2046/3848
f 131/7570/3763 1937/7571/3774 4470/7559/3851 1957/7567/3814
f 1957/7567/3814 4470/7559/3851 1976/7562/3852 505/7568/3812
f 4470/7559/3851 1977/7560/3853 1113/7561/3854 1976/7562/3852
f 1937/8107/3774 500/8108/3776 1977/8109/3853 4470/8110/3851
f 505/7568/3812 1976/7562/3852 4471/7566/3855 1955/7569/3810
f 1955/2066/3810 4471/2057/3855 1968/2058/3831 282/2067/3811
f 4471/2057/3855 1978/2035/3856 510/2047/3836 1968/2058/3831
f 1976/7562/3852 1113/7561/3854 1978/7565/3856 4471/7566/3855
f 1113/2034/3854 1980/2007/3857 4472/2020/3858 1978/2035/3856
f 1978/2035/3856 4472/2020/3858 1975/2033/3847 510/2047/3836
f 4472/2020/3858 1979/2019/3859 134/2032/3850 1975/2033/3847
f 1980/2007/3857 511/2006/3860 1979/2019/3859 4472/2020/3858
f 500/7500/3776 1939/7503/3779 4473/7504/3861 1977/7505/3853
f 1977/7560/3853 4473/7563/3861 1980/7564/3857 1113/7561/3854
f 4473/1998/3861 1981/1997/3862 511/2006/3860 1980/2007/3857
f 1939/1988/3779 67/1987/3781 1981/1997/3862 4473/1998/3861
f 40/2202/1806 1960/2192/3820 4474/2193/3863 3340/2203/1871
f 3340/6245/1871 4474/6249/3863 1982/6250/3864 856/6246/1876
f 4474/2193/3863 1983/2184/3865 1114/2200/3866 1982/2201/3864
f 1960/2192/3820 506/2183/3822 1983/2184/3865 4474/2193/3863
f 856/7572/1876 1982/7573/3864 4475/7574/3867 3347/7575/1887
f 3347/6251/1887 4475/6257/3867 1984/6258/3868 78/6253/1890
f 4475/6257/3867 1985/6259/3869 512/6260/3870 1984/6258/3868
f 1982/2201/3864 1114/2200/3866 1985/2213/3869 4475/2214/3867
f 1114/2200/3866 1988/2218/3871 4476/2219/3872 1985/2213/3869
f 1985/2213/3869 4476/2219/3872 1986/2190/3873 512/2220/3870
f 4476/7576/3872 1987/7577/3874 283/7578/3875 1986/7579/3873
f 1988/7582/3871 513/7583/3876 1987/7584/3874 4476/7585/3872
f 506/2183/3822 1962/2176/3825 4477/2177/3877 1983/2184/3865
f 1983/7590/3865 4477/7586/3877 1988/7582/3871 1114/7591/3866
f 4477/7586/3877 1989/7587/3878 513/7583/3876 1988/7582/3871
f 1962/2176/3825 133/2168/3827 1989/2158/3878 4477/2177/3877
f 78/1338/1890 1984/1342/3868 4478/1343/3879 3368/1339/1927
f 3368/7596/1927 4478/7592/3879 1990/7595/3880 863/7597/1932
f 4478/7592/3879 1991/7593/3881 1115/7594/3882 1990/7595/3880
f 1984/1342/3868 512/1348/3870 1991/1349/3881 4478/1343/3879
f 863/6299/1932 1990/6300/3880 4479/6301/3883 3373/6294/1939
f 3373/4668/1939 4479/4669/3883 1992/4670/3884 43/4671/1942
f 4479/4669/3883 1993/4672/3885 514/4673/3886 1992/4670/3884
f 1990/4676/3880 1115/4677/3882 1993/4672/3885 4479/4669/3883
f 1115/2225/3882 1996/2226/3887 4480/2222/3888 1993/2221/3885
f 1993/2221/3885 4480/2222/3888 1994/2223/3889 514/2224/3886
f 4480/2222/3888 1995/2227/3890 135/2228/3891 1994/2223/3889
f 1996/2226/3887 515/2233/3892 1995/2227/3890 4480/2222/3888
f 512/8111/3870 1986/8112/3873 4481/8113/3893 1991/8114/3881
f 1991/2231/3881 4481/2232/3893 1996/2226/3887 1115/2225/3882
f 4481/7598/3893 1997/7599/3894 515/7600/3892 1996/7601/3887
f 1986/2190/3873 283/2181/3875 1997/2182/3894 4481/2191/3893
f 283/2181/3875 2000/2174/3895 4482/2175/3896 1997/2182/3894
f 1997/7599/3894 4482/7602/3896 1998/7603/3897 515/7600/3892
f 4482/7602/3896 1999/7604/3898 1116/7605/3899 1998/7603/3897
f 2000/2174/3895 518/2155/3900 1999/2167/3898 4482/2175/3896
f 515/7600/3892 1998/7603/3897 4483/7606/3901 1995/7607/3890
f 1995/2227/3890 4483/2234/3901 2001/2235/3902 135/2228/3891
f 4483/2234/3901 2002/2239/3903 516/2240/3904 2001/2235/3902
f 1998/7603/3897 1116/7605/3899 2002/7608/3903 4483/7606/3901
f 1116/7605/3899 2005/7609/3905 4484/7610/3906 2002/7608/3903
f 2002/2208/3903 4484/2196/3906 2003/2197/3907 516/2209/3904
f 4484/2196/3906 2004/2188/3908 69/2189/3909 2003/2197/3907
f 2005/7609/3905 517/7611/3910 2004/7612/3908 4484/7610/3906
f 518/2155/3900 2007/2147/3911 4485/2154/3912 1999/2167/3898
f 1999/2167/3898 4485/2154/3912 2005/2166/3905 1116/2173/3899
f 4485/2154/3912 2006/2146/3913 517/2165/3910 2005/2166/3905
f 2007/2147/3911 136/2138/3914 2006/2146/3913 4485/2154/3912
f 133/2168/3827 1969/2156/3838 4486/2149/3915 1989/2158/3878
f 1989/2158/3878 4486/2149/3915 2008/2150/3916 513/2159/3876
f 4486/2149/3915 2009/2141/3917 1117/2142/3918 2008/2150/3916
f 1969/2156/3838 508/2157/3840 2009/2141/3917 4486/2149/3915
f 513/7583/3876 2008/7588/3916 4487/7589/3919 1987/7584/3874
f 1987/7577/3874 4487/7580/3919 2000/7581/3895 283/7578/3875
f 4487/4683/3919 2010/4684/3920 518/4685/3900 2000/4686/3895
f 2008/4687/3916 1117/4688/3918 2010/4684/3920 4487/4683/3919
f 1117/2142/3918 2012/2136/3921 4488/2139/3922 2010/2148/3920
f 2010/2148/3920 4488/2139/3922 2007/2147/3911 518/2155/3900
f 4488/2139/3922 2011/2134/3923 136/2138/3914 2007/2147/3911
f 2012/2136/3921 519/2130/3924 2011/2134/3923 4488/2139/3922
f 508/7548/3840 1971/7550/3843 4489/7553/3925 2009/7554/3917
f 2009/2141/3917 4489/2135/3925 2012/2136/3921 1117/2142/3918
f 4489/2135/3925 2013/2129/3926 519/2130/3924 2012/2136/3921
f 1971/2140/3843 68/2112/3845 2013/2129/3926 4489/2135/3925
f 43/4671/1942 1992/4670/3884 4490/4674/3927 3408/4675/2007
f 3408/6373/2007 4490/6377/3927 2014/6378/3928 874/6374/2012
f 4490/4674/3927 2015/4678/3929 1118/4681/3930 2014/4682/3928
f 1992/4670/3884 514/4673/3886 2015/4678/3929 4490/4674/3927
f 874/8115/2012 2014/8116/3928 4491/8117/3931 3415/8118/2023
f 3415/6392/2023 4491/6394/3931 2016/6395/3932 83/6393/2026
f 4491/6394/3931 2017/6396/3933 520/6397/3934 2016/6395/3932
f 2014/6398/3928 1118/6399/3930 2017/6396/3933 4491/6394/3931
f 1118/2238/3930 2020/2237/3935 4492/2242/3936 2017/2243/3933
f 2017/2243/3933 4492/2242/3936 2018/2247/3937 520/2248/3934
f 4492/7617/3936 2019/7618/3938 284/7619/3939 2018/7620/3937
f 2020/7621/3935 521/7622/3940 2019/7623/3938 4492/7624/3936
f 514/2224/3886 1994/2223/3889 4493/2229/3941 2015/2230/3929
f 2015/2230/3929 4493/2229/3941 2020/2237/3935 1118/2238/3930
f 4493/7625/3941 2021/7626/3942 521/7627/3940 2020/7628/3935
f 1994/2223/3889 135/2228/3891 2021/2236/3942 4493/2229/3941
f 83/4689/2026 2016/4690/3932 4494/4691/3943 3436/4692/2063
f 3436/7629/2063 4494/7630/3943 2022/7631/3944 881/7632/2068
f 4494/7630/3943 2023/7633/3945 1119/7634/3946 2022/7631/3944
f 2016/4690/3932 520/4693/3934 2023/4694/3945 4494/4691/3943
f 881/4346/2068 2022/4350/3944 4495/4351/3947 3441/4347/2075
f 3441/4347/2075 4495/4351/3947 2024/4354/3948 46/4355/2078
f 4495/4351/3947 2025/4356/3949 522/4357/3950 2024/4354/3948
f 2022/7631/3944 1119/7634/3946 2025/7635/3949 4495/7636/3947
f 1119/7634/3946 2028/7637/3951 4496/7638/3952 2025/7635/3949
f 2025/4356/3949 4496/4358/3952 2026/4359/3953 522/4357/3950
f 4496/8119/3952 2027/8120/3954 137/8121/3955 2026/8122/3953
f 2028/8123/3951 523/8124/3956 2027/8120/3954 4496/8119/3952
f 520/7639/3934 2018/7640/3937 4497/7641/3957 2023/7642/3945
f 2023/4701/3945 4497/4699/3957 2028/4700/3951 1119/4702/3946
f 4497/4699/3957 2029/4695/3958 523/4698/3956 2028/4700/3951
f 2018/385/3937 284/371/3939 2029/372/3958 4497/386/3957
f 284/371/3939 2032/356/3959 4498/339/3960 2029/372/3958
f 2029/4695/3958 4498/4696/3960 2030/4697/3961 523/4698/3956
f 4498/339/3960 2031/323/3962 1120/324/3963 2030/340/3961
f 2032/356/3959 526/337/3964 2031/323/3962 4498/339/3960
f 523/7643/3956 2030/7644/3961 4499/7645/3965 2027/7646/3954
f 2027/7646/3954 4499/7645/3965 2033/7649/3966 137/7650/3955
f 4499/7645/3965 2034/7648/3967 524/7653/3968 2033/7649/3966
f 2030/7644/3961 1120/7647/3963 2034/7648/3967 4499/7645/3965
f 1120/7647/3963 2037/7651/3969 4500/7652/3970 2034/7648/3967
f 2034/4725/3967 4500/4726/3970 2035/4721/3971 524/4718/3968
f 4500/277/3970 2036/278/3972 70/260/3973 2035/259/3971
f 2037/291/3969 525/292/3974 2036/278/3972 4500/277/3970
f 526/337/3964 2039/338/3975 4501/306/3976 2031/323/3962
f 2031/323/3962 4501/306/3976 2037/291/3969 1120/324/3963
f 4501/306/3976 2038/307/3977 525/292/3974 2037/291/3969
f 2039/7654/3975 138/7655/3978 2038/7656/3977 4501/7657/3976
f 135/2228/3891 2001/2235/3902 4502/2241/3979 2021/2236/3942
f 2021/2236/3942 4502/2241/3979 2040/2245/3980 521/2246/3940
f 4502/7660/3979 2041/7661/3981 1121/7662/3982 2040/7663/3980
f 2001/2235/3902 516/2240/3904 2041/2244/3981 4502/2241/3979
f 521/4709/3940 2040/4707/3980 4503/4703/3983 2019/4710/3938
f 2019/383/3938 4503/384/3983 2032/356/3959 284/371/3939
f 4503/4703/3983 2042/4704/3984 526/4705/3964 2032/4706/3959
f 2040/4707/3980 1121/4708/3982 2042/4704/3984 4503/4703/3983
f 1121/369/3982 2044/370/3985 4504/355/3986 2042/354/3984
f 2042/354/3984 4504/355/3986 2039/338/3975 526/337/3964
f 4504/7671/3986 2043/7672/3987 138/7673/3978 2039/7674/3975
f 2044/370/3985 527/381/3988 2043/382/3987 4504/355/3986
f 516/7666/3904 2003/7667/3907 4505/7664/3989 2041/7661/3981
f 2041/7661/3981 4505/7664/3989 2044/7665/3985 1121/7662/3982
f 4505/7664/3989 2045/7668/3990 527/7669/3988 2044/7665/3985
f 2003/7667/3907 69/7670/3909 2045/7668/3990 4505/7664/3989
f 46/2253/2078 2024/2249/3948 4506/2252/3991 3476/2254/2143
f 3476/6518/2143 4506/6522/3991 2046/6523/3992 308/6519/2148
f 4506/6522/3991 2047/6526/3993 1122/6527/3994 2046/6523/3992
f 2024/2249/3948 522/2250/3950 2047/2251/3993 4506/2252/3991
f 308/3958/2148 2046/3976/3992 4507/3977/3995 3483/3959/2159
f 3483/3959/2159 4507/3977/3995 2048/3993/3996 88/3994/2162
f 4507/359/3995 2049/344/3997 528/373/3998 2048/374/3996
f 2046/358/3992 1122/343/3994 2049/344/3997 4507/359/3995
f 1122/343/3994 2052/325/3999 4508/312/4000 2049/344/3997
f 2049/4711/3997 4508/4712/4000 2050/4713/4001 528/4714/3998
f 4508/312/4000 2051/293/4002 285/281/4003 2050/297/4001
f 2052/325/3999 529/310/4004 2051/293/4002 4508/312/4000
f 522/7675/3950 2026/7676/3953 4509/7677/4005 2047/7678/3993
f 2047/357/3993 4509/341/4005 2052/325/3999 1122/343/3994
f 4509/341/4005 2053/342/4006 529/310/4004 2052/325/3999
f 2026/7676/3953 137/7679/3955 2053/7680/4006 4509/7677/4005
f 88/394/2162 2048/374/3996 4510/387/4007 3504/395/2199
f 3504/395/2199 4510/387/4007 2054/404/4008 315/405/2204
f 4510/7683/4007 2055/7684/4009 1123/7685/4010 2054/7686/4008
f 2048/374/3996 528/373/3998 2055/326/4009 4510/387/4007
f 315/405/2204 2054/404/4008 4511/414/4011 3509/415/2211
f 3509/415/2211 4511/414/4011 2056/423/4012 49/424/2214
f 4511/7689/4011 2057/7690/4013 530/7691/4014 2056/7692/4012
f 2054/7686/4008 1123/7685/4010 2057/7687/4013 4511/7688/4011
f 1123/327/4010 2060/313/4015 4512/345/4016 2057/346/4013
f 2057/7690/4013 4512/7693/4016 2058/7694/4017 530/7691/4014
f 4512/7693/4016 2059/7695/4018 139/7696/4019 2058/7694/4017
f 2060/7703/4015 531/7704/4020 2059/7705/4018 4512/7706/4016
f 528/4714/3998 2050/4713/4001 4513/4715/4021 2055/4716/4009
f 2055/326/4009 4513/298/4021 2060/313/4015 1123/327/4010
f 4513/298/4021 2061/282/4022 531/296/4020 2060/313/4015
f 2050/297/4001 285/281/4003 2061/282/4022 4513/298/4021
f 285/281/4003 2064/265/4023 4514/266/4024 2061/282/4022
f 2061/282/4022 4514/266/4024 2062/295/4025 531/296/4020
f 4514/7707/4024 2063/7708/4026 1124/7709/4027 2062/7710/4025
f 2064/265/4023 534/247/4028 2063/241/4026 4514/266/4024
f 531/8161/4020 2062/8162/4025 4515/8163/4029 2059/8164/4018
f 2059/7695/4018 4515/7697/4029 2065/7698/4030 139/7696/4019
f 4515/7697/4029 2066/7699/4031 532/7700/4032 2065/7698/4030
f 2062/7701/4025 1124/7702/4027 2066/7699/4031 4515/7697/4029
f 1124/226/4027 2069/227/4033 4516/210/4034 2066/209/4031
f 2066/209/4031 4516/210/4034 2067/186/4035 532/199/4032
f 4516/7711/4034 2068/7712/4036 71/7713/4037 2067/7714/4035
f 2069/7719/4033 533/7720/4038 2068/7721/4036 4516/7722/4034
f 534/247/4028 2071/216/4039 4517/232/4040 2063/241/4026
f 2063/241/4026 4517/232/4040 2069/227/4033 1124/226/4027
f 4517/232/4040 2070/231/4041 533/246/4038 2069/227/4033
f 2071/216/4039 140/202/4042 2070/231/4041 4517/232/4040
f 137/7679/3955 2033/7681/3966 4518/7682/4043 2053/7680/4006
f 2053/7727/4006 4518/7728/4043 2072/7729/4044 529/7730/4004
f 4518/4720/4043 2073/4719/4045 1125/4723/4046 2072/4724/4044
f 2033/4717/3966 524/4718/3968 2073/4719/4045 4518/4720/4043
f 529/310/4004 2072/311/4044 4519/294/4047 2051/293/4002
f 2051/293/4002 4519/294/4047 2064/265/4023 285/281/4003
f 4519/4728/4047 2074/4727/4048 534/4731/4028 2064/4732/4023
f 2072/4724/4044 1125/4723/4046 2074/4727/4048 4519/4728/4047
f 1125/4723/4046 2076/4729/4049 4520/4730/4050 2074/4727/4048
f 2074/4727/4048 4520/4730/4050 2071/4733/4039 534/4731/4028
f 4520/215/4050 2075/201/4051 140/202/4042 2071/216/4039
f 2076/230/4049 535/213/4052 2075/201/4051 4520/215/4050
f 524/4718/3968 2035/4721/3971 4521/4722/4053 2073/4719/4045
f 2073/261/4045 4521/244/4053 2076/230/4049 1125/262/4046
f 4521/244/4053 2077/245/4054 535/213/4052 2076/230/4049
f 2035/259/3971 70/260/3973 2077/245/4054 4521/244/4053
f 49/6567/2214 2056/6571/4012 4522/6572/4055 1192/6570/2279
f 1192/2265/2279 4522/2266/4055 2078/2260/4056 326/2259/2284
f 4522/4734/4055 2079/4735/4057 1126/4736/4058 2078/4737/4056
f 2056/6571/4012 530/6573/4014 2079/6574/4057 4522/6572/4055
f 326/2259/2284 2078/2260/4056 4523/2256/4059 1199/2255/2295
f 1199/2255/2295 4523/2256/4059 2080/2257/4060 93/2258/2298
f 4523/2256/4059 2081/2261/4061 536/2262/4062 2080/2257/4060
f 2078/2260/4056 1126/2267/4058 2081/2261/4061 4523/2256/4059
f 1126/7731/4058 2084/7732/4063 4524/7733/4064 2081/7734/4061
f 2081/2261/4061 4524/2270/4064 2082/2271/4065 536/2262/4062
f 4524/4738/4064 2083/4739/4066 286/4740/4067 2082/4741/4065
f 2084/4742/4063 537/4743/4068 2083/4739/4066 4524/4738/4064
f 530/257/4014 2058/242/4017 4525/243/4069 2079/258/4057
f 2079/258/4057 4525/243/4069 2084/256/4063 1126/276/4058
f 4525/243/4069 2085/229/4070 537/224/4068 2084/256/4063
f 2058/242/4017 139/228/4019 2085/229/4070 4525/243/4069
f 93/2258/2298 2080/2257/4060 4526/2263/4071 1220/2264/2335
f 1220/2264/2335 4526/2263/4071 2086/2273/4072 333/2274/2340
f 4526/7751/4071 2087/7752/4073 1127/7741/4074 2086/7747/4072
f 2080/2257/4060 536/2262/4062 2087/2272/4073 4526/2263/4071
f 333/2274/2340 2086/2273/4072 4527/2278/4075 1225/2279/2347
f 1225/8125/2347 4527/8126/4075 2088/8127/4076 52/8128/2350
f 4527/7735/4075 2089/7736/4077 538/7737/4078 2088/7738/4076
f 2086/7747/4072 1127/7741/4074 2089/7744/4077 4527/7748/4075
f 1127/7741/4074 2092/7742/4079 4528/7743/4080 2089/7744/4077
f 2089/7736/4077 4528/7739/4080 2090/7740/4081 538/7737/4078
f 4528/511/4080 2091/512/4082 141/507/4083 2090/501/4081
f 2092/7742/4079 539/7745/4084 2091/7746/4082 4528/7743/4080
f 536/2262/4062 2082/2271/4065 4529/2277/4085 2087/2272/4073
f 2087/2272/4073 4529/2277/4085 2092/2283/4079 1127/2284/4074
f 4529/8129/4085 2093/8130/4086 539/8131/4084 2092/8132/4079
f 2082/2271/4065 286/2281/4067 2093/2282/4086 4529/2277/4085
f 286/2281/4067 2096/2286/4087 4530/2287/4088 2093/2282/4086
f 2093/2282/4086 4530/2287/4088 2094/2288/4089 539/2289/4084
f 4530/4746/4088 2095/4747/4090 1128/4748/4091 2094/4749/4089
f 2096/4750/4087 542/4751/4092 2095/4747/4090 4530/4746/4088
f 539/7745/4084 2094/7749/4089 4531/7750/4093 2091/7746/4082
f 2091/4756/4082 4531/4753/4093 2097/4755/4094 141/4757/4083
f 4531/4753/4093 2098/4752/4095 540/4754/4096 2097/4755/4094
f 2094/4749/4089 1128/4748/4091 2098/4752/4095 4531/4753/4093
f 1128/207/4091 2101/193/4097 4532/206/4098 2098/223/4095
f 2098/223/4095 4532/206/4098 2099/222/4099 540/240/4096
f 4532/206/4098 2100/192/4100 72/205/4101 2099/222/4099
f 2101/193/4097 541/182/4102 2100/192/4100 4532/206/4098
f 542/185/4092 2103/176/4103 4533/183/4104 2095/194/4090
f 2095/194/4090 4533/183/4104 2101/193/4097 1128/207/4091
f 4533/183/4104 2102/174/4105 541/182/4102 2101/193/4097
f 2103/176/4103 142/165/4106 2102/174/4105 4533/183/4104
f 139/228/4019 2065/211/4030 4534/212/4107 2085/229/4070
f 2085/7753/4070 4534/7754/4107 2104/7755/4108 537/7756/4068
f 4534/212/4107 2105/200/4109 1129/195/4110 2104/208/4108
f 2065/211/4030 532/199/4032 2105/200/4109 4534/212/4107
f 537/224/4068 2104/208/4108 4535/197/4111 2083/225/4066
f 2083/4739/4066 4535/4744/4111 2096/4745/4087 286/4740/4067
f 4535/197/4111 2106/184/4112 542/185/4092 2096/198/4087
f 2104/208/4108 1129/195/4110 2106/184/4112 4535/197/4111
f 1129/195/4110 2108/196/4113 4536/175/4114 2106/184/4112
f 2106/184/4112 4536/175/4114 2103/176/4103 542/185/4092
f 4536/175/4114 2107/157/4115 142/165/4106 2103/176/4103
f 2108/7757/4113 543/7758/4116 2107/7759/4115 4536/7760/4114
f 532/199/4032 2067/186/4035 4537/187/4117 2105/200/4109
f 2105/200/4109 4537/187/4117 2108/196/4113 1129/195/4110
f 4537/7761/4117 2109/7762/4118 543/7763/4116 2108/7764/4113
f 2067/186/4035 71/177/4037 2109/178/4118 4537/187/4117
f 52/6749/2350 2088/6753/4076 4538/6754/4119 1260/6750/2415
f 1260/509/2415 4538/504/4119 2110/497/4120 344/505/2420
f 4538/504/4119 2111/495/4121 1130/490/4122 2110/497/4120
f 2088/508/4076 538/500/4078 2111/495/4121 4538/504/4119
f 344/505/2420 2110/497/4120 4539/492/4123 1267/498/2431
f 1267/498/2431 4539/492/4123 2112/487/4124 98/493/2434
f 4539/492/4123 2113/486/4125 544/482/4126 2112/487/4124
f 2110/497/4120 1130/490/4122 2113/486/4125 4539/492/4123
f 1130/490/4122 2116/491/4127 4540/480/4128 2113/486/4125
f 2113/486/4125 4540/480/4128 2114/472/4129 544/482/4126
f 4540/480/4128 2115/481/4130 287/473/4131 2114/472/4129
f 2116/7767/4127 545/7768/4132 2115/7769/4130 4540/7770/4128
f 538/500/4078 2090/501/4081 4541/496/4133 2111/495/4121
f 2111/495/4121 4541/496/4133 2116/491/4127 1130/490/4122
f 4541/496/4133 2117/502/4134 545/503/4132 2116/491/4127
f 2090/501/4081 141/507/4083 2117/502/4134 4541/496/4133
f 98/493/2434 2112/487/4124 4542/483/4135 1288/488/2471
f 1288/488/2471 4542/483/4135 2118/475/4136 351/484/2476
f 4542/483/4135 2119/474/4137 1131/467/4138 2118/475/4136
f 2112/487/4124 544/482/4126 2119/474/4137 4542/483/4135
f 351/484/2476 2118/475/4136 4543/468/4139 1293/476/2483
f 1293/476/2483 4543/468/4139 2120/460/4140 55/469/2486
f 4543/468/4139 2121/459/4141 546/451/4142 2120/460/4140
f 2118/475/4136 1131/467/4138 2121/459/4141 4543/468/4139
f 1131/467/4138 2124/456/4143 4544/448/4144 2121/459/4141
f 2121/459/4141 4544/448/4144 2122/442/4145 546/451/4142
f 4544/448/4144 2123/449/4146 143/443/4147 2122/442/4145
f 2124/456/4143 547/457/4148 2123/449/4146 4544/448/4144
f 544/482/4126 2114/472/4129 4545/464/4149 2119/474/4137
f 2119/474/4137 4545/464/4149 2124/456/4143 1131/467/4138
f 4545/464/4149 2125/465/4150 547/457/4148 2124/456/4143
f 2114/472/4129 287/473/4131 2125/465/4150 4545/464/4149
f 287/4767/4131 2128/4766/4151 4546/4768/4152 2125/4769/4150
f 2125/4769/4150 4546/4768/4152 2126/4770/4153 547/4771/4148
f 4546/4768/4152 2127/4772/4154 1132/4773/4155 2126/4770/4153
f 2128/321/4151 550/305/4156 2127/319/4154 4546/336/4152
f 547/457/4148 2126/466/4153 4547/458/4157 2123/449/4146
f 2123/449/4146 4547/458/4157 2129/450/4158 143/443/4147
f 4547/4775/4157 2130/4774/4159 548/4776/4160 2129/4777/4158
f 2126/4770/4153 1132/4773/4155 2130/4774/4159 4547/4775/4157
f 1132/335/4155 2133/333/4161 4548/334/4162 2130/353/4159
f 2130/353/4159 4548/334/4162 2131/352/4163 548/368/4160
f 4548/334/4162 2132/318/4164 73/332/4165 2131/352/4163
f 2133/333/4161 549/303/4166 2132/318/4164 4548/334/4162
f 550/305/4156 2135/288/4167 4549/304/4168 2127/319/4154
f 2127/319/4154 4549/304/4168 2133/333/4161 1132/335/4155
f 4549/7771/4168 2134/7772/4169 549/7773/4166 2133/7774/4161
f 2135/288/4167 144/271/4170 2134/287/4169 4549/304/4168
f 141/4757/4083 2097/4755/4094 4550/4758/4171 2117/4759/4134
f 2117/4759/4134 4550/4758/4171 2136/4760/4172 545/4761/4132
f 4550/275/4171 2137/255/4173 1133/273/4174 2136/290/4172
f 2097/274/4094 540/240/4096 2137/255/4173 4550/275/4171
f 545/4761/4132 2136/4760/4172 4551/4762/4175 2115/4763/4130
f 2115/4763/4130 4551/4762/4175 2128/4766/4151 287/4767/4131
f 4551/320/4175 2138/289/4176 550/305/4156 2128/321/4151
f 2136/4760/4172 1133/4764/4174 2138/4765/4176 4551/4762/4175
f 1133/273/4174 2140/254/4177 4552/272/4178 2138/289/4176
f 2138/289/4176 4552/272/4178 2135/288/4167 550/305/4156
f 4552/272/4178 2139/253/4179 144/271/4170 2135/288/4167
f 2140/254/4177 551/238/4180 2139/253/4179 4552/272/4178
f 540/240/4096 2099/222/4099 4553/239/4181 2137/255/4173
f 2137/255/4173 4553/239/4181 2140/254/4177 1133/273/4174
f 4553/239/4181 2141/221/4182 551/238/4180 2140/254/4177
f 2099/222/4099 72/205/4101 2141/221/4182 4553/239/4181
f 55/469/2486 2120/460/4140 4554/452/4183 1328/461/2551
f 1328/461/2551 4554/452/4183 2142/445/4184 362/453/2556
f 4554/452/4183 2143/444/4185 1134/439/4186 2142/445/4184
f 2120/460/4140 546/451/4142 2143/444/4185 4554/452/4183
f 362/453/2556 2142/445/4184 4555/440/4187 1335/446/2567
f 1335/446/2567 4555/440/4187 2144/441/4188 102/447/2570
f 4555/440/4187 2145/435/4189 552/436/4190 2144/441/4188
f 2142/445/4184 1134/439/4186 2145/435/4189 4555/440/4187
f 1134/439/4186 2148/433/4191 4556/431/4192 2145/435/4189
f 2145/435/4189 4556/431/4192 2146/432/4193 552/436/4190
f 4556/431/4192 2147/428/4194 288/429/4195 2146/432/4193
f 2148/433/4191 553/434/4196 2147/428/4194 4556/431/4192
f 546/451/4142 2122/442/4145 4557/437/4197 2143/444/4185
f 2143/444/4185 4557/437/4197 2148/433/4191 1134/439/4186
f 4557/437/4197 2149/438/4198 553/434/4196 2148/433/4191
f 2122/442/4145 143/443/4147 2149/438/4198 4557/437/4197
f 102/7781/2570 2144/7775/4188 4558/7778/4199 1348/7782/2592
f 2144/7775/4188 552/7776/4190 2150/7777/4200 4558/7778/4199
f 552/7776/4190 2146/7779/4193 4559/7780/4201 2150/7777/4200
f 2146/7779/4193 288/7783/4195 2151/7784/4202 4559/7780/4201
f 288/7783/4195 2153/7785/4203 4560/7786/4204 2151/7784/4202
f 2153/7787/4203 554/7788/4205 2152/7789/4206 4560/7790/4204
f 554/7797/4205 2155/7791/4207 4561/7794/4208 2152/7798/4206
f 2155/7791/4207 145/7792/4209 2154/7793/4210 4561/7794/4208
f 143/443/4147 2129/450/4158 4562/422/4211 2149/438/4198
f 2149/7803/4198 4562/7804/4211 2156/7805/4212 553/7806/4196
f 4562/422/4211 2157/411/4213 1135/402/4214 2156/412/4212
f 2129/4777/4158 548/4776/4160 2157/4778/4213 4562/4779/4211
f 553/7806/4196 2156/7805/4212 4563/7807/4215 2147/7808/4194
f 2147/428/4194 4563/413/4215 2153/421/4203 288/429/4195
f 4563/413/4215 2158/403/4216 554/410/4205 2153/421/4203
f 2156/412/4212 1135/402/4214 2158/403/4216 4563/413/4215
f 1135/402/4214 2160/392/4217 4564/393/4218 2158/403/4216
f 2158/403/4216 4564/393/4218 2155/401/4207 554/410/4205
f 4564/393/4218 2159/380/4219 145/400/4209 2155/401/4207
f 2160/392/4217 555/366/4220 2159/380/4219 4564/393/4218
f 548/7809/4160 2131/7810/4163 4565/7811/4221 2157/7812/4213
f 2157/411/4213 4565/367/4221 2160/392/4217 1135/402/4214
f 4565/7813/4221 2161/7814/4222 555/7815/4220 2160/7816/4217
f 2131/352/4163 73/332/4165 2161/351/4222 4565/367/4221
f 28/5689/1262 3033/5669/1259 4566/5688/4223 1917/5708/3734
f 1917/5708/3734 4566/5688/4223 2162/5721/4224 495/5722/3732
f 4566/2300/4223 2163/2301/4225 1136/2295/4226 2162/2294/4224
f 3033/5669/1259 773/5648/1252 2163/5668/4225 4566/5688/4223
f 495/2302/3732 2162/2294/4224 4567/2290/4227 1915/2298/3731
f 1915/2298/3731 4567/2290/4227 2164/2293/4228 130/2299/3722
f 4567/2290/4227 2165/2291/4229 556/2292/4230 2164/2293/4228
f 2162/2294/4224 1136/2295/4226 2165/2291/4229 4567/2290/4227
f 1136/5687/4226 2168/5667/4231 4568/5706/4232 2165/5707/4229
f 2165/2291/4229 4568/2296/4232 2166/2297/4233 556/2292/4230
f 4568/7817/4232 2167/7818/4234 289/7819/4235 2166/7820/4233
f 2168/2324/4231 557/2318/4236 2167/2319/4234 4568/2325/4232
f 773/5648/1252 3028/5626/1247 4569/5647/4237 2163/5668/4225
f 2163/5668/4225 4569/5647/4237 2168/5667/4231 1136/5687/4226
f 4569/5647/4237 2169/5625/4238 557/5646/4236 2168/5667/4231
f 3028/5626/1247 201/5605/1210 2169/5625/4238 4569/5647/4237
f 130/7453/3722 2164/7456/4228 4570/7457/4239 1910/7454/3721
f 1910/2104/3721 4570/2090/4239 2170/2079/4240 493/2093/3718
f 4570/2090/4239 2171/2091/4241 1137/2080/4242 2170/2079/4240
f 2164/7456/4228 556/7459/4230 2171/7460/4241 4570/7457/4239
f 493/2093/3718 2170/2079/4240 4571/2068/4243 1908/2094/3716
f 1908/5914/3716 4571/5917/4243 2172/5915/4244 66/5911/3717
f 4571/2068/4243 2173/2069/4245 558/2060/4246 2172/2059/4244
f 2170/2079/4240 1137/2080/4242 2173/2069/4245 4571/2068/4243
f 1137/2080/4242 2176/2092/4247 4572/2081/4248 2173/2069/4245
f 2173/2069/4245 4572/2081/4248 2174/2070/4249 558/2060/4246
f 4572/2081/4248 2175/2095/4250 146/2082/4251 2174/2070/4249
f 2176/7827/4247 559/7828/4252 2175/7829/4250 4572/7830/4248
f 556/7459/4230 2166/7463/4233 4573/7464/4253 2171/7460/4241
f 2171/7833/4241 4573/7831/4253 2176/7827/4247 1137/7834/4242
f 4573/7831/4253 2177/7832/4254 559/7828/4252 2176/7827/4247
f 2166/8149/4233 289/8150/4235 2177/8151/4254 4573/8152/4253
f 289/7819/4235 2180/7822/4255 4574/7823/4256 2177/7824/4254
f 2177/2126/4254 4574/2127/4256 2178/2119/4257 559/2118/4252
f 4574/2127/4256 2179/2131/4258 1138/2132/4259 2178/2119/4257
f 2180/7822/4255 561/7825/4260 2179/7826/4258 4574/7823/4256
f 559/2118/4252 2178/2119/4257 4575/2105/4261 2175/2095/4250
f 2175/2095/4250 4575/2105/4261 2181/2096/4262 146/2082/4251
f 4575/4803/4261 2182/4804/4263 560/4800/4264 2181/4799/4262
f 2178/5443/4257 1138/5440/4259 2182/5441/4263 4575/5444/4261
f 1138/5440/4259 2184/5427/4265 4576/5432/4266 2182/5441/4263
f 2182/5441/4263 4576/5432/4266 2183/5439/4267 560/5442/4264
f 4576/5432/4266 2932/5431/1055 22/5438/990 2183/5439/4267
f 2184/5427/4265 748/5422/1060 2932/5431/1055 4576/5432/4266
f 561/2316/4260 2185/2323/4268 4577/2326/4269 2179/2327/4258
f 2179/4780/4258 4577/4781/4269 2184/4782/4265 1138/4783/4259
f 4577/5426/4269 2939/5423/1071 748/5422/1060 2184/5427/4265
f 2185/5430/4268 196/5428/1074 2939/5423/1071 4577/5426/4269
f 201/5605/1210 3007/5586/1207 4578/5624/4270 2169/5625/4238
f 2169/5625/4238 4578/5624/4270 2186/5645/4271 557/5646/4236
f 4578/2312/4270 2187/2313/4272 1139/2309/4273 2186/2308/4271
f 3007/2334/1207 766/2328/1196 2187/2331/4272 4578/2335/4270
f 557/2318/4236 2186/2308/4271 4579/2311/4274 2167/2319/4234
f 2167/7818/4234 4579/7821/4274 2180/7822/4255 289/7819/4235
f 4579/2311/4274 2188/2310/4275 561/2316/4260 2180/2317/4255
f 2186/2308/4271 1139/2309/4273 2188/2310/4275 4579/2311/4274
f 1139/2309/4273 2189/2314/4276 4580/2315/4277 2188/2310/4275
f 2188/2310/4275 4580/2315/4277 2185/2323/4268 561/2316/4260
f 4580/5437/4277 2960/5433/1111 196/5428/1074 2185/5430/4268
f 2189/2314/4276 755/2321/1116 2960/2322/1111 4580/2315/4277
f 766/2328/1196 3000/2329/1191 4581/2330/4278 2187/2331/4272
f 2187/2313/4272 4581/2320/4278 2189/2314/4276 1139/2309/4273
f 4581/5565/4278 2965/5521/1123 755/5543/1116 2189/5566/4276
f 3000/2329/1191 25/2332/1126 2965/2333/1123 4581/2330/4278
f 66/5911/3717 2172/5915/4244 4582/5916/4279 1949/5912/3798
f 1949/2022/3798 4582/2036/4279 2190/2023/4280 503/2009/3796
f 4582/2036/4279 2191/2048/4281 1140/2037/4282 2190/2023/4280
f 2172/2059/4244 558/2060/4246 2191/2048/4281 4582/2036/4279
f 503/2009/3796 2190/2023/4280 4583/2010/4283 1947/2000/3795
f 1947/2000/3795 4583/2010/4283 2192/2001/4284 132/1990/3786
f 4583/2010/4283 2193/2024/4285 562/2011/4286 2192/2001/4284
f 2190/2023/4280 1140/2037/4282 2193/2024/4285 4583/2010/4283
f 1140/2037/4282 2196/2049/4287 4584/2038/4288 2193/2024/4285
f 2193/2024/4285 4584/2038/4288 2194/2025/4289 562/2011/4286
f 4584/2038/4288 2195/2050/4290 290/2039/4291 2194/2025/4289
f 2196/2049/4287 563/2062/4292 2195/2050/4290 4584/2038/4288
f 558/2060/4246 2174/2070/4249 4585/2061/4293 2191/2048/4281
f 2191/2048/4281 4585/2061/4293 2196/2049/4287 1140/2037/4282
f 4585/2061/4293 2197/2071/4294 563/2062/4292 2196/2049/4287
f 2174/2070/4249 146/2082/4251 2197/2071/4294 4585/2061/4293
f 132/1990/3786 2192/2001/4284 4586/1991/4295 1942/1982/3785
f 1942/1982/3785 4586/1991/4295 2198/1985/4296 501/1980/3782
f 4586/1991/4295 2199/2002/4297 1141/1994/4298 2198/1985/4296
f 2192/2001/4284 562/2011/4286 2199/2002/4297 4586/1991/4295
f 501/1980/3782 2198/1985/4296 4587/1986/4299 1940/1981/3780
f 1940/1981/3780 4587/1986/4299 2200/1996/4300 67/1987/3781
f 4587/1986/4299 2201/1995/4301 564/2005/4302 2200/1996/4300
f 2198/1985/4296 1141/1994/4298 2201/1995/4301 4587/1986/4299
f 1141/1994/4298 2204/2003/4303 4588/2004/4304 2201/1995/4301
f 2201/1995/4301 4588/2004/4304 2202/2015/4305 564/2005/4302
f 4588/2004/4304 2203/2014/4306 147/2029/4307 2202/2015/4305
f 2204/2003/4303 565/2013/4308 2203/2014/4306 4588/2004/4304
f 562/2011/4286 2194/2025/4289 4589/2012/4309 2199/2002/4297
f 2199/2002/4297 4589/2012/4309 2204/2003/4303 1141/1994/4298
f 4589/2012/4309 2205/2026/4310 565/2013/4308 2204/2003/4303
f 2194/2025/4289 290/2039/4291 2205/2026/4310 4589/2012/4309
f 290/2039/4291 2208/2051/4311 4590/2040/4312 2205/2026/4310
f 2205/2026/4310 4590/2040/4312 2206/2027/4313 565/2013/4308
f 4590/4784/4312 2207/4785/4314 1142/4786/4315 2206/4787/4313
f 2208/5331/4311 567/5329/4316 2207/5330/4314 4590/5332/4312
f 565/2013/4308 2206/2027/4313 4591/2028/4317 2203/2014/4306
f 2203/4797/4306 4591/4791/4317 2209/4796/4318 147/4798/4307
f 4591/4791/4317 2210/4790/4319 566/4795/4320 2209/4796/4318
f 2206/4787/4313 1142/4786/4315 2210/4790/4319 4591/4791/4317
f 1142/4786/4315 2212/4789/4321 4592/4794/4322 2210/4790/4319
f 2210/5268/4319 4592/5269/4322 2211/5265/4323 566/5264/4320
f 4592/5280/4322 2864/5278/919 19/5275/854 2211/5276/4323
f 2212/5283/4321 730/5281/924 2864/5278/919 4592/5280/4322
f 567/5329/4316 2213/5327/4324 4593/5328/4325 2207/5330/4314
f 2207/4785/4314 4593/4788/4325 2212/4789/4321 1142/4786/4315
f 4593/4788/4325 2871/4792/935 730/4793/924 2212/4789/4321
f 2213/5327/4324 191/5324/938 2871/5323/935 4593/5328/4325
f 146/2082/4251 2181/2096/4262 4594/2097/4326 2197/2071/4294
f 2197/5361/4294 4594/5362/4326 2214/5357/4327 563/5359/4292
f 4594/2336/4326 2215/2337/4328 1143/2338/4329 2214/2339/4327
f 2181/4799/4262 560/4800/4264 2215/4801/4328 4594/4802/4326
f 563/5359/4292 2214/5357/4327 4595/5358/4330 2195/5360/4290
f 2195/2050/4290 4595/2063/4330 2208/2051/4311 290/2039/4291
f 4595/2063/4330 2216/2072/4331 567/2073/4316 2208/2051/4311
f 2214/5357/4327 1143/5352/4329 2216/5354/4331 4595/5358/4330
f 1143/5352/4329 2217/5351/4332 4596/5353/4333 2216/5354/4331
f 2216/5354/4331 4596/5353/4333 2213/5355/4324 567/5356/4316
f 4596/7835/4333 2892/7836/975 191/7837/938 2213/7838/4324
f 2217/4805/4332 737/4806/980 2892/4807/975 4596/4808/4333
f 560/5349/4264 2183/5347/4267 4597/5348/4334 2215/5350/4328
f 2215/5350/4328 4597/5348/4334 2217/5351/4332 1143/5352/4329
f 4597/4809/4334 2897/4810/987 737/4806/980 2217/4805/4332
f 2183/5347/4267 22/5346/990 2897/5345/987 4597/5348/4334
f 67/7839/3781 2200/7840/4300 4598/7841/4335 1981/7842/3862
f 1981/1997/3862 4598/2017/4335 2218/2018/4336 511/2006/3860
f 4598/7843/4335 2219/7844/4337 1144/7845/4338 2218/7846/4336
f 2200/1996/4300 564/2005/4302 2219/2016/4337 4598/2017/4335
f 511/2006/3860 2218/2018/4336 4599/2031/4339 1979/2019/3859
f 1979/2019/3859 4599/2031/4339 2220/2044/4340 134/2032/3850
f 4599/2031/4339 2221/2043/4341 568/2052/4342 2220/2044/4340
f 2218/2018/4336 1144/2042/4338 2221/2043/4341 4599/2031/4339
f 1144/7851/4338 2224/7852/4343 4600/7853/4344 2221/7854/4341
f 2221/7854/4341 4600/7853/4344 2222/7855/4345 568/7856/4342
f 4600/7853/4344 2223/7857/4346 291/7858/4347 2222/7855/4345
f 2224/4825/4343 569/4817/4348 2223/4820/4346 4600/4826/4344
f 564/2005/4302 2202/2015/4305 4601/2030/4349 2219/2016/4337
f 2219/7844/4337 4601/7847/4349 2224/7848/4343 1144/7845/4338
f 4601/7847/4349 2225/7849/4350 569/7850/4348 2224/7848/4343
f 2202/2015/4305 147/2029/4307 2225/2041/4350 4601/2030/4349
f 134/2032/3850 2220/2044/4340 4602/2053/4351 1974/2045/3849
f 1974/2045/3849 4602/2053/4351 2226/2065/4352 509/2054/3846
f 4602/2053/4351 2227/2064/4353 1145/2076/4354 2226/2065/4352
f 2220/2044/4340 568/2052/4342 2227/2064/4353 4602/2053/4351
f 509/7556/3846 2226/7557/4352 4603/7558/4355 1972/7551/3844
f 1972/2111/3844 4603/2085/4355 2228/2100/4356 68/2112/3845
f 4603/2085/4355 2229/2084/4357 570/2099/4358 2228/2100/4356
f 2226/2065/4352 1145/2076/4354 2229/2084/4357 4603/2085/4355
f 1145/2076/4354 2232/2083/4359 4604/2098/4360 2229/2084/4357
f 2229/2084/4357 4604/2098/4360 2230/2108/4361 570/2099/4358
f 4604/7859/4360 2231/7860/4362 148/7861/4363 2230/7862/4361
f 2232/2083/4359 571/2106/4364 2231/2107/4362 4604/2098/4360
f 568/2052/4342 2222/2074/4345 4605/2075/4365 2227/2064/4353
f 2227/2064/4353 4605/2075/4365 2232/2083/4359 1145/2076/4354
f 4605/4814/4365 2233/4813/4366 571/4815/4364 2232/4816/4359
f 2222/4811/4345 291/4812/4347 2233/4813/4366 4605/4814/4365
f 291/8153/4347 2236/8154/4367 4606/8155/4368 2233/8156/4366
f 2233/7877/4366 4606/7878/4368 2234/7879/4369 571/7880/4364
f 4606/7878/4368 2235/7881/4370 1146/7882/4371 2234/7879/4369
f 2236/7883/4367 573/7884/4372 2235/7881/4370 4606/7878/4368
f 571/2106/4364 2234/2120/4369 4607/2121/4373 2231/2107/4362
f 2231/7860/4362 4607/7863/4373 2237/7864/4374 148/7861/4363
f 4607/7863/4373 2238/7865/4375 572/7866/4376 2237/7864/4374
f 2234/7867/4369 1146/7868/4371 2238/7865/4375 4607/7863/4373
f 1146/7868/4371 2240/7871/4377 4608/7869/4378 2238/7865/4375
f 2238/7865/4375 4608/7869/4378 2239/7870/4379 572/7866/4376
f 4608/7869/4378 2796/7872/783 16/7873/718 2239/7870/4379
f 2240/7871/4377 712/7874/788 2796/7872/783 4608/7869/4378
f 573/8157/4372 2241/8158/4380 4609/8159/4381 2235/8160/4370
f 2235/7881/4370 4609/7885/4381 2240/7886/4377 1146/7882/4371
f 4609/7885/4381 2803/7889/799 712/7890/788 2240/7886/4377
f 2241/3392/4380 186/3389/802 2803/3386/799 4609/3393/4381
f 147/7897/4307 2209/7898/4318 4610/7899/4382 2225/7900/4350
f 2225/4821/4350 4610/4822/4382 2242/4818/4383 569/4817/4348
f 4610/5266/4382 2243/5262/4384 1147/5263/4385 2242/5267/4383
f 2209/7898/4318 566/7901/4320 2243/7902/4384 4610/7899/4382
f 569/4817/4348 2242/4818/4383 4611/4819/4386 2223/4820/4346
f 2223/4820/4346 4611/4819/4386 2236/4823/4367 291/4824/4347
f 4611/7887/4386 2244/7888/4387 573/7884/4372 2236/7883/4367
f 2242/7891/4383 1147/7892/4385 2244/7888/4387 4611/7887/4386
f 1147/7892/4385 2245/7893/4388 4612/7894/4389 2244/7888/4387
f 2244/7903/4387 4612/7904/4389 2241/7905/4380 573/7906/4372
f 4612/7904/4389 2824/7907/839 186/7908/802 2241/7905/4380
f 2245/7893/4388 719/7895/844 2824/7896/839 4612/7894/4389
f 566/5264/4320 2211/5265/4323 4613/5260/4390 2243/5262/4384
f 2243/5262/4384 4613/5260/4390 2245/5261/4388 1147/5263/4385
f 4613/5260/4390 2829/5259/851 719/5258/844 2245/5261/4388
f 2211/5276/4323 19/5275/854 2829/5274/851 4613/5277/4390
f 68/7909/3845 2228/7910/4356 4614/7911/4391 2013/7912/3926
f 2013/2129/3926 4614/2110/4391 2246/2124/4392 519/2130/3924
f 4614/2110/4391 2247/2109/4393 1148/2123/4394 2246/2124/4392
f 2228/2100/4356 570/2099/4358 2247/2109/4393 4614/2110/4391
f 519/2130/3924 2246/2124/4392 4615/2133/4395 2011/2134/3923
f 2011/2134/3923 4615/2133/4395 2248/2137/4396 136/2138/3914
f 4615/2133/4395 2249/2143/4397 574/2144/4398 2248/2137/4396
f 2246/7913/4392 1148/7914/4394 2249/7915/4397 4615/7916/4395
f 1148/7914/4394 2252/7917/4399 4616/7918/4400 2249/7915/4397
f 2249/2143/4397 4616/2151/4400 2250/2152/4401 574/2144/4398
f 4616/2151/4400 2251/2160/4402 292/2161/4403 2250/2152/4401
f 2252/7917/4399 575/7919/4404 2251/7920/4402 4616/7918/4400
f 570/2099/4358 2230/2108/4361 4617/2122/4405 2247/2109/4393
f 2247/2109/4393 4617/2122/4405 2252/2128/4399 1148/2123/4394
f 4617/7921/4405 2253/7922/4406 575/7919/4404 2252/7917/4399
f 2230/7925/4361 148/7926/4363 2253/7922/4406 4617/7921/4405
f 136/2138/3914 2248/2137/4396 4618/2145/4407 2006/2146/3913
f 2006/7615/3913 4618/7616/4407 2254/7613/4408 517/7611/3910
f 4618/2145/4407 2255/2153/4409 1149/2163/4410 2254/2164/4408
f 2248/2137/4396 574/2144/4398 2255/2153/4409 4618/2145/4407
f 517/7611/3910 2254/7613/4408 4619/7614/4411 2004/7612/3908
f 2004/2188/3908 4619/2172/4411 2256/2180/4412 69/2189/3909
f 4619/2172/4411 2257/2171/4413 576/2179/4414 2256/2180/4412
f 2254/2164/4408 1149/2163/4410 2257/2171/4413 4619/2172/4411
f 1149/2163/4410 2260/2170/4415 4620/2178/4416 2257/2171/4413
f 2257/2171/4413 4620/2178/4416 2258/2185/4417 576/2179/4414
f 4620/4830/4416 2259/4829/4418 149/4833/4419 2258/4834/4417
f 2260/4827/4415 577/4828/4420 2259/4829/4418 4620/4830/4416
f 574/2144/4398 2250/2152/4401 4621/2162/4421 2255/2153/4409
f 2255/2153/4409 4621/2162/4421 2260/2170/4415 1149/2163/4410
f 4621/7935/4421 2261/7936/4422 577/7937/4420 2260/7938/4415
f 2250/2152/4401 292/2161/4403 2261/2169/4422 4621/2162/4421
f 292/7941/4403 2264/7942/4423 4622/7939/4424 2261/7936/4422
f 2261/7936/4422 4622/7939/4424 2262/7940/4425 577/7937/4420
f 4622/606/4424 2263/600/4426 1150/593/4427 2262/601/4425
f 2264/7942/4423 579/7943/4428 2263/7944/4426 4622/7939/4424
f 577/4828/4420 2262/4831/4425 4623/4832/4429 2259/4829/4418
f 2259/5182/4418 4623/5183/4429 2265/5181/4430 149/5180/4419
f 4623/595/4429 2266/588/4431 578/589/4432 2265/596/4430
f 2262/601/4425 1150/593/4427 2266/588/4431 4623/595/4429
f 1150/593/4427 2268/586/4433 4624/580/4434 2266/588/4431
f 2266/588/4431 4624/580/4434 2267/581/4435 578/589/4432
f 4624/580/4434 2728/577/647 13/576/582 2267/581/4435
f 2268/586/4433 694/582/652 2728/577/647 4624/580/4434
f 579/7943/4428 2269/7945/4436 4625/7946/4437 2263/7944/4426
f 2263/600/4426 4625/592/4437 2268/586/4433 1150/593/4427
f 4625/592/4437 2735/590/663 694/582/652 2268/586/4433
f 2269/599/4436 181/597/666 2735/590/663 4625/592/4437
f 148/7926/4363 2237/7930/4374 4626/7927/4438 2253/7922/4406
f 2253/7922/4406 4626/7927/4438 2270/7923/4439 575/7919/4404
f 4626/624/4438 2271/619/4440 1151/615/4441 2270/620/4439
f 2237/625/4374 572/622/4376 2271/619/4440 4626/624/4438
f 575/7919/4404 2270/7923/4439 4627/7924/4442 2251/7920/4402
f 2251/7920/4402 4627/7924/4442 2264/7928/4423 292/7929/4403
f 4627/7924/4442 2272/7931/4443 579/7932/4428 2264/7928/4423
f 2270/620/4439 1151/615/4441 2272/616/4443 4627/621/4442
f 1151/615/4441 2273/611/4444 4628/605/4445 2272/616/4443
f 2272/7931/4443 4628/7933/4445 2269/7934/4436 579/7932/4428
f 4628/605/4445 2756/603/703 181/597/666 2269/599/4436
f 2273/611/4444 701/607/708 2756/603/703 4628/605/4445
f 572/622/4376 2239/623/4379 4629/614/4446 2271/619/4440
f 2271/619/4440 4629/614/4446 2273/611/4444 1151/615/4441
f 4629/614/4446 2761/612/715 701/607/708 2273/611/4444
f 2239/7870/4379 16/7873/718 2761/7875/715 4629/7876/4446
f 69/2189/3909 2256/2180/4412 4630/2187/4447 2045/2195/3990
f 2045/2195/3990 4630/2187/4447 2274/2206/4448 527/2207/3988
f 4630/7947/4447 2275/7948/4449 1152/7949/4450 2274/7950/4448
f 2256/2180/4412 576/2179/4414 2275/2186/4449 4630/2187/4447
f 527/7957/3988 2274/7958/4448 4631/7959/4451 2043/7960/3987
f 2043/2358/3987 4631/2348/4451 2276/2349/4452 138/2359/3978
f 4631/2348/4451 2277/2340/4453 580/2343/4454 2276/2349/4452
f 2274/2356/4448 1152/2357/4450 2277/2340/4453 4631/2348/4451
f 1152/7949/4450 2280/7952/4455 4632/7955/4456 2277/7956/4453
f 2277/2340/4453 4632/2341/4456 2278/2342/4457 580/2343/4454
f 4632/2341/4456 2279/2344/4458 293/2345/4459 2278/2342/4457
f 2280/2350/4455 581/2351/4460 2279/2344/4458 4632/2341/4456
f 576/2179/4414 2258/2185/4417 4633/2194/4461 2275/2186/4449
f 2275/7948/4449 4633/7951/4461 2280/7952/4455 1152/7949/4450
f 4633/7951/4461 2281/7953/4462 581/7954/4460 2280/7952/4455
f 2258/2185/4417 149/2204/4419 2281/2205/4462 4633/2194/4461
f 138/7655/3978 2276/7658/4452 4634/7659/4463 2038/7656/3977
f 2038/307/3977 4634/322/4463 2282/308/4464 525/292/3974
f 4634/7961/4463 2283/7962/4465 1153/7963/4466 2282/7964/4464
f 2276/2349/4452 580/2343/4454 2283/2347/4465 4634/2355/4463
f 525/292/3974 2282/308/4464 4635/309/4467 2036/278/3972
f 2036/7973/3972 4635/7968/4467 2284/7971/4468 70/7974/3973
f 4635/7968/4467 2285/7967/4469 582/7970/4470 2284/7971/4468
f 2282/7964/4464 1153/7963/4466 2285/7967/4469 4635/7968/4467
f 1153/7963/4466 2288/7966/4471 4636/7969/4472 2285/7967/4469
f 2285/7967/4469 4636/7969/4472 2286/7972/4473 582/7970/4470
f 4636/4835/4472 2287/4836/4474 150/4837/4475 2286/4838/4473
f 2288/4839/4471 583/4840/4476 2287/4836/4474 4636/4835/4472
f 580/2343/4454 2278/2342/4457 4637/2346/4477 2283/2347/4465
f 2283/7962/4465 4637/7965/4477 2288/7966/4471 1153/7963/4466
f 4637/2346/4477 2289/2354/4478 583/2361/4476 2288/2362/4471
f 2278/2342/4457 293/2345/4459 2289/2354/4478 4637/2346/4477
f 293/7975/4459 2292/7976/4479 4638/7977/4480 2289/7978/4478
f 2289/2354/4478 4638/2363/4480 2290/2364/4481 583/2361/4476
f 4638/4845/4480 2291/4846/4482 1154/4847/4483 2290/4848/4481
f 2292/4849/4479 585/4850/4484 2291/4846/4482 4638/4845/4480
f 583/2361/4476 2290/2364/4481 4639/2365/4485 2287/2366/4474
f 2287/4836/4474 4639/4841/4485 2293/4842/4486 150/4837/4475
f 4639/2365/4485 2294/2368/4487 584/2371/4488 2293/2372/4486
f 2290/2364/4481 1154/2367/4483 2294/2368/4487 4639/2365/4485
f 1154/2367/4483 2296/2369/4489 4640/2370/4490 2294/2368/4487
f 2294/2368/4487 4640/2370/4490 2295/2373/4491 584/2371/4488
f 4640/2370/4490 2660/2374/511 10/2375/446 2295/2373/4491
f 2296/5134/4489 676/5133/516 2660/5132/511 4640/5135/4490
f 585/7979/4484 2297/7980/4492 4641/7981/4493 2291/7982/4482
f 2291/5138/4482 4641/5136/4493 2296/5134/4489 1154/5139/4483
f 4641/5136/4493 2667/5137/527 676/5133/516 2296/5134/4489
f 2297/7980/4492 176/7983/530 2667/7984/527 4641/7981/4493
f 149/5180/4419 2265/5181/4430 4642/5174/4494 2281/5178/4462
f 2281/5178/4462 4642/5174/4494 2298/5175/4495 581/5179/4460
f 4642/5174/4494 2299/5172/4496 1155/5173/4497 2298/5175/4495
f 2265/596/4430 578/589/4432 2299/594/4496 4642/602/4494
f 581/2351/4460 2298/2360/4495 4643/2352/4498 2279/2344/4458
f 2279/2344/4458 4643/2352/4498 2292/2353/4479 293/2345/4459
f 4643/4857/4498 2300/4851/4499 585/4854/4484 2292/4858/4479
f 2298/5175/4495 1155/5173/4497 2300/5176/4499 4643/5177/4498
f 1155/4855/4497 2301/4856/4500 4644/4852/4501 2300/4851/4499
f 2300/4851/4499 4644/4852/4501 2297/4853/4492 585/4854/4484
f 4644/7985/4501 2688/7986/567 176/7983/530 2297/7980/4492
f 2301/5154/4500 683/5151/572 2688/5150/567 4644/5155/4501
f 578/589/4432 2267/581/4435 4645/587/4502 2299/594/4496
f 2299/5172/4496 4645/5168/4502 2301/5169/4500 1155/5173/4497
f 4645/5168/4502 2693/5165/579 683/5164/572 2301/5169/4500
f 2267/581/4435 13/576/582 2693/584/579 4645/587/4502
f 70/7987/3973 2284/7988/4468 4646/7989/4503 2077/7990/4054
f 2077/7990/4054 4646/7989/4503 2302/7993/4504 535/7994/4052
f 4646/7989/4503 2303/7992/4505 1156/7997/4506 2302/7993/4504
f 2284/7988/4468 582/7991/4470 2303/7992/4505 4646/7989/4503
f 535/213/4052 2302/214/4504 4647/188/4507 2075/201/4051
f 2075/201/4051 4647/188/4507 2304/189/4508 140/202/4042
f 4647/188/4507 2305/179/4509 586/180/4510 2304/189/4508
f 2302/7993/4504 1156/7997/4506 2305/7999/4509 4647/8000/4507
f 1156/7997/4506 2308/7998/4511 4648/8003/4512 2305/7999/4509
f 2305/179/4509 4648/168/4512 2306/158/4513 586/180/4510
f 4648/168/4512 2307/169/4514 294/159/4515 2306/158/4513
f 2308/7998/4511 587/8002/4516 2307/8006/4514 4648/8003/4512
f 582/7991/4470 2286/7995/4473 4649/7996/4517 2303/7992/4505
f 2303/7992/4505 4649/7996/4517 2308/7998/4511 1156/7997/4506
f 4649/7996/4517 2309/8001/4518 587/8002/4516 2308/7998/4511
f 2286/4838/4473 150/4837/4475 2309/4843/4518 4649/4844/4517
f 140/8009/4042 2304/8010/4508 4650/8011/4519 2070/8012/4041
f 2070/231/4041 4650/263/4519 2310/264/4520 533/246/4038
f 4650/263/4519 2311/279/4521 1157/280/4522 2310/264/4520
f 2304/8010/4508 586/8013/4510 2311/8014/4521 4650/8011/4519
f 533/7720/4038 2310/7723/4520 4651/7724/4523 2068/7721/4036
f 2068/7712/4036 4651/7715/4523 2312/7716/4524 71/7713/4037
f 4651/7715/4523 2313/7717/4525 588/7718/4526 2312/7716/4524
f 2310/7723/4520 1157/7725/4522 2313/7726/4525 4651/7724/4523
f 1157/4859/4522 2316/4860/4527 4652/4861/4528 2313/4862/4525
f 2313/4862/4525 4652/4861/4528 2314/4865/4529 588/4866/4526
f 4652/143/4528 2315/136/4530 151/149/4531 2314/150/4529
f 2316/142/4527 589/135/4532 2315/136/4530 4652/143/4528
f 586/4867/4510 2306/4868/4513 4653/4864/4533 2311/4863/4521
f 2311/4863/4521 4653/4864/4533 2316/4860/4527 1157/4859/4522
f 4653/148/4533 2317/141/4534 589/135/4532 2316/142/4527
f 2306/158/4513 294/159/4515 2317/141/4534 4653/148/4533
f 294/8015/4515 2320/8016/4535 4654/8017/4536 2317/8018/4534
f 2317/141/4534 4654/133/4536 2318/131/4537 589/135/4532
f 4654/133/4536 2319/134/4538 1158/124/4539 2318/131/4537
f 2320/139/4535 591/140/4540 2319/134/4538 4654/133/4536
f 589/135/4532 2318/131/4537 4655/125/4541 2315/136/4530
f 2315/8023/4530 4655/8024/4541 2321/8025/4542 151/8026/4531
f 4655/125/4541 2322/118/4543 590/119/4544 2321/126/4542
f 2318/131/4537 1158/124/4539 2322/118/4543 4655/125/4541
f 1158/124/4539 2324/117/4545 4656/112/4546 2322/118/4543
f 2322/118/4543 4656/112/4546 2323/107/4547 590/119/4544
f 4656/112/4546 2592/110/375 7/103/310 2323/107/4547
f 2324/117/4545 658/115/380 2592/110/375 4656/112/4546
f 591/5049/4540 2325/5047/4548 4657/5048/4549 2319/5050/4538
f 2319/5059/4538 4657/5055/4549 2324/5056/4545 1158/5060/4539
f 4657/5055/4549 2599/5052/391 658/5051/380 2324/5056/4545
f 2325/5047/4548 171/5046/394 2599/5045/391 4657/5048/4549
f 150/5095/4475 2293/5091/4486 4658/5092/4550 2309/5096/4518
f 2309/8001/4518 4658/8004/4550 2326/8005/4551 587/8002/4516
f 4658/8004/4550 2327/8007/4552 1159/8008/4553 2326/8005/4551
f 2293/5091/4486 584/5087/4488 2327/5088/4552 4658/5092/4550
f 587/546/4516 2326/544/4551 4659/545/4554 2307/547/4514
f 2307/8019/4514 4659/8020/4554 2320/8016/4535 294/8015/4515
f 4659/8020/4554 2328/8021/4555 591/8022/4540 2320/8016/4535
f 2326/544/4551 1159/541/4553 2328/537/4555 4659/545/4554
f 1159/541/4553 2329/536/4556 4660/532/4557 2328/537/4555
f 2328/537/4555 4660/532/4557 2325/533/4548 591/538/4540
f 4660/532/4557 2620/529/431 171/528/394 2325/533/4548
f 2329/536/4556 665/534/436 2620/529/431 4660/532/4557
f 584/5087/4488 2295/5083/4491 4661/5084/4558 2327/5088/4552
f 2327/542/4552 4661/543/4558 2329/536/4556 1159/541/4553
f 4661/5073/4558 2625/5072/443 665/5071/436 2329/5074/4556
f 2295/5083/4491 10/5080/446 2625/5079/443 4661/5084/4558
f 71/177/4037 2312/166/4524 4662/154/4559 2109/178/4118
f 2109/7762/4118 4662/7765/4559 2330/7766/4560 543/7763/4116
f 4662/154/4559 2331/155/4561 1160/137/4562 2330/146/4560
f 2312/166/4524 588/167/4526 2331/155/4561 4662/154/4559
f 543/156/4116 2330/146/4560 4663/147/4563 2107/157/4115
f 2107/157/4115 4663/147/4563 2332/153/4564 142/165/4106
f 4663/147/4563 2333/138/4565 592/145/4566 2332/153/4564
f 2330/146/4560 1160/137/4562 2333/138/4565 4663/147/4563
f 1160/137/4562 2336/130/4567 4664/132/4568 2333/138/4565
f 2333/138/4565 4664/132/4568 2334/144/4569 592/145/4566
f 4664/8035/4568 2335/8036/4570 295/8037/4571 2334/8038/4569
f 2336/130/4567 593/121/4572 2335/128/4570 4664/132/4568
f 588/4866/4526 2314/4865/4529 4665/4869/4573 2331/4870/4561
f 2331/4870/4561 4665/4869/4573 2336/4871/4567 1160/4872/4562
f 4665/129/4573 2337/120/4574 593/121/4572 2336/130/4567
f 2314/8031/4529 151/8026/4531 2337/8028/4574 4665/8032/4573
f 142/165/4106 2332/153/4564 4666/164/4575 2102/174/4105
f 2102/174/4105 4666/164/4575 2338/173/4576 541/182/4102
f 4666/164/4575 2339/152/4577 1161/163/4578 2338/173/4576
f 2332/153/4564 592/145/4566 2339/152/4577 4666/164/4575
f 541/182/4102 2338/173/4576 4667/181/4579 2100/192/4100
f 2100/192/4100 4667/181/4579 2340/191/4580 72/205/4101
f 4667/181/4579 2341/172/4581 594/190/4582 2340/191/4580
f 2338/173/4576 1161/163/4578 2341/172/4581 4667/181/4579
f 1161/163/4578 2344/162/4583 4668/171/4584 2341/172/4581
f 2341/8133/4581 4668/8134/4584 2342/8135/4585 594/8136/4582
f 4668/171/4584 2343/248/4586 152/233/4587 2342/217/4585
f 2344/8039/4583 595/8040/4588 2343/8041/4586 4668/8042/4584
f 592/145/4566 2334/144/4569 4669/151/4589 2339/152/4577
f 2339/152/4577 4669/151/4589 2344/162/4583 1161/163/4578
f 4669/151/4589 2345/161/4590 595/170/4588 2344/162/4583
f 2334/144/4569 295/160/4571 2345/161/4590 4669/151/4589
f 295/4873/4571 2348/4874/4591 4670/4875/4592 2345/4876/4590
f 2345/4876/4590 4670/4875/4592 2346/4881/4593 595/4882/4588
f 4670/4875/4592 2347/4880/4594 1162/4884/4595 2346/4881/4593
f 2348/4874/4591 597/4879/4596 2347/4880/4594 4670/4875/4592
f 595/4882/4588 2346/4881/4593 4671/4885/4597 2343/4886/4586
f 2343/4886/4586 4671/4885/4597 2349/4888/4598 152/4889/4587
f 4671/8043/4597 2350/8044/4599 596/8045/4600 2349/8046/4598
f 2346/4881/4593 1162/4884/4595 2350/4887/4599 4671/4885/4597
f 1162/86/4595 2352/80/4601 4672/76/4602 2350/81/4599
f 2350/81/4599 4672/76/4602 2351/77/4603 596/82/4600
f 4672/76/4602 2524/74/239 4/72/174 2351/77/4603
f 2352/80/4601 640/78/244 2524/74/239 4672/76/4602
f 597/95/4596 2353/90/4604 4673/85/4605 2347/91/4594
f 2347/91/4594 4673/85/4605 2352/80/4601 1162/86/4595
f 4673/85/4605 2531/83/255 640/78/244 2352/80/4601
f 2353/90/4604 166/88/258 2531/83/255 4673/85/4605
f 151/8026/4531 2321/8025/4542 4674/8027/4606 2337/8028/4574
f 2337/120/4574 4674/113/4606 2354/114/4607 593/121/4572
f 4674/113/4606 2355/108/4608 1163/109/4609 2354/114/4607
f 2321/8025/4542 590/8029/4544 2355/8030/4608 4674/8027/4606
f 593/121/4572 2354/114/4607 4675/127/4610 2335/128/4570
f 2335/4877/4570 4675/4878/4610 2348/4874/4591 295/4873/4571
f 4675/4878/4610 2356/4883/4611 597/4879/4596 2348/4874/4591
f 2354/8047/4607 1163/8048/4609 2356/8049/4611 4675/8050/4610
f 1163/8048/4609 2357/8051/4612 4676/8052/4613 2356/8049/4611
f 2356/98/4611 4676/94/4613 2353/90/4604 597/95/4596
f 4676/94/4613 2552/92/295 166/88/258 2353/90/4604
f 2357/8051/4612 647/8053/300 2552/8054/295 4676/8052/4613
f 590/8029/4544 2323/8033/4547 4677/8034/4614 2355/8030/4608
f 2355/108/4608 4677/101/4614 2357/102/4612 1163/109/4609
f 4677/101/4614 2557/99/307 647/96/300 2357/102/4612
f 2323/107/4547 7/103/310 2557/99/307 4677/101/4614
f 72/205/4101 2340/191/4580 4678/204/4615 2141/221/4182
f 2141/221/4182 4678/204/4615 2358/220/4616 551/238/4180
f 4678/204/4615 2359/203/4617 1164/219/4618 2358/220/4616
f 2340/191/4580 594/190/4582 2359/203/4617 4678/204/4615
f 551/238/4180 2358/220/4616 4679/237/4619 2139/253/4179
f 2139/253/4179 4679/237/4619 2360/252/4620 144/271/4170
f 4679/237/4619 2361/236/4621 598/251/4622 2360/252/4620
f 2358/220/4616 1164/219/4618 2361/236/4621 4679/237/4619
f 1164/219/4618 2364/235/4623 4680/250/4624 2361/236/4621
f 2361/236/4621 4680/250/4624 2362/268/4625 598/251/4622
f 4680/250/4624 2363/267/4626 296/283/4627 2362/268/4625
f 2364/235/4623 599/249/4628 2363/267/4626 4680/250/4624
f 594/190/4582 2342/217/4585 4681/218/4629 2359/203/4617
f 2359/203/4617 4681/218/4629 2364/235/4623 1164/219/4618
f 4681/218/4629 2365/234/4630 599/249/4628 2364/235/4623
f 2342/217/4585 152/233/4587 2365/234/4630 4681/218/4629
f 144/271/4170 2360/252/4620 4682/270/4631 2134/287/4169
f 2134/287/4169 4682/270/4631 2366/286/4632 549/303/4166
f 4682/270/4631 2367/269/4633 1165/285/4634 2366/286/4632
f 2360/252/4620 598/251/4622 2367/269/4633 4682/270/4631
f 549/303/4166 2366/286/4632 4683/302/4635 2132/318/4164
f 2132/318/4164 4683/302/4635 2368/317/4636 73/332/4165
f 4683/302/4635 2369/301/4637 600/316/4638 2368/317/4636
f 2366/286/4632 1165/285/4634 2369/301/4637 4683/302/4635
f 1165/285/4634 2372/300/4639 4684/315/4640 2369/301/4637
f 2369/301/4637 4684/315/4640 2370/329/4641 600/316/4638
f 4684/315/4640 2371/328/4642 153/347/4643 2370/329/4641
f 2372/300/4639 601/314/4644 2371/328/4642 4684/315/4640
f 598/251/4622 2362/268/4625 4685/284/4645 2367/269/4633
f 2367/269/4633 4685/284/4645 2372/300/4639 1165/285/4634
f 4685/284/4645 2373/299/4646 601/314/4644 2372/300/4639
f 2362/268/4625 296/283/4627 2373/299/4646 4685/284/4645
f 296/4903/4627 2376/4902/4647 4686/4906/4648 2373/4907/4646
f 2373/4907/4646 4686/4906/4648 2374/4909/4649 601/4910/4644
f 4686/4976/4648 2375/4970/4650 1166/4968/4651 2374/4974/4649
f 2376/4902/4647 603/4905/4652 2375/4908/4650 4686/4906/4648
f 601/4978/4644 2374/4974/4649 4687/4975/4653 2371/4979/4642
f 2371/328/4642 4687/360/4653 2377/361/4654 153/347/4643
f 4687/4975/4653 2378/4969/4655 602/4973/4656 2377/4977/4654
f 2374/4974/4649 1166/4968/4651 2378/4969/4655 4687/4975/4653
f 1166/4968/4651 2380/4962/4657 4688/4963/4658 2378/4969/4655
f 2378/4969/4655 4688/4963/4658 2379/4967/4659 602/4973/4656
f 4688/4963/4658 2456/4958/103 1/4966/54 2379/4967/4659
f 2380/4962/4657 622/4959/108 2456/4958/103 4688/4963/4658
f 603/64/4652 2381/57/4660 4689/58/4661 2375/65/4650
f 2375/4970/4650 4689/4964/4661 2380/4962/4657 1166/4968/4651
f 4689/4964/4661 2463/4965/119 622/4959/108 2380/4962/4657
f 2381/57/4660 161/54/122 2463/53/119 4689/58/4661
f 152/4889/4587 2349/4888/4598 4690/4890/4662 2365/4891/4630
f 2365/4891/4630 4690/4890/4662 2382/4894/4663 599/4895/4628
f 4690/4890/4662 2383/4893/4664 1167/4896/4665 2382/4894/4663
f 2349/4888/4598 596/4892/4600 2383/4893/4664 4690/4890/4662
f 599/4895/4628 2382/4894/4663 4691/4897/4666 2363/4898/4626
f 2363/4898/4626 4691/4897/4666 2376/4902/4647 296/4903/4627
f 4691/4897/4666 2384/4901/4667 603/4905/4652 2376/4902/4647
f 2382/4894/4663 1167/4896/4665 2384/4901/4667 4691/4897/4666
f 1167/4896/4665 2385/4900/4668 4692/4904/4669 2384/4901/4667
f 2384/8055/4667 4692/8056/4669 2381/8057/4660 603/8058/4652
f 4692/63/4669 2484/59/159 161/54/122 2381/57/4660
f 2385/68/4668 629/66/164 2484/59/159 4692/63/4669
f 596/82/4600 2351/77/4603 4693/71/4670 2383/87/4664
f 2383/4893/4664 4693/4899/4670 2385/4900/4668 1167/4896/4665
f 4693/71/4670 2489/69/171 629/66/164 2385/68/4668
f 2351/8059/4603 4/8060/174 2489/8061/171 4693/8062/4670
f 73/332/4165 2368/317/4636 4694/331/4671 2161/351/4222
f 2161/351/4222 4694/331/4671 2386/350/4672 555/366/4220
f 4694/331/4671 2387/330/4673 1168/349/4674 2386/350/4672
f 2368/317/4636 600/316/4638 2387/330/4673 4694/331/4671
f 555/366/4220 2386/350/4672 4695/365/4675 2159/380/4219
f 2159/7799/4219 4695/7800/4675 2388/7795/4676 145/7792/4209
f 4695/365/4675 2389/364/4677 604/378/4678 2388/379/4676
f 2386/350/4672 1168/349/4674 2389/364/4677 4695/365/4675
f 1168/349/4674 2392/363/4679 4696/377/4680 2389/364/4677
f 2389/8063/4677 4696/8064/4680 2390/8065/4681 604/8066/4678
f 4696/8064/4680 2391/8067/4682 297/8068/4683 2390/8065/4681
f 2392/363/4679 605/376/4684 2391/391/4682 4696/377/4680
f 600/316/4638 2370/329/4641 4697/348/4685 2387/330/4673
f 2387/330/4673 4697/348/4685 2392/363/4679 1168/349/4674
f 4697/348/4685 2393/362/4686 605/376/4684 2392/363/4679
f 2370/329/4641 153/347/4643 2393/362/4686 4697/348/4685
f 145/7792/4209 2388/7795/4676 4698/7796/4687 2154/7793/4210
f 2388/7795/4676 604/7801/4678 2394/7802/4688 4698/7796/4687
f 604/378/4678 2390/426/4681 4699/427/4689 2394/430/4688
f 2390/426/4681 297/409/4683 2395/420/4690 4699/427/4689
f 297/409/4683 2397/408/4691 4700/419/4692 2395/420/4690
f 2397/408/4691 606/418/4693 2396/425/4694 4700/419/4692
f 606/4923/4693 2398/4919/4695 4701/4920/4696 2396/4924/4694
f 2398/4919/4695 156/4918/10 2407/4917/9 4701/4920/4696
f 153/347/4643 2377/361/4654 4702/375/4697 2393/362/4686
f 2393/362/4686 4702/375/4697 2399/390/4698 605/376/4684
f 4702/375/4697 2400/389/4699 1169/398/4700 2399/390/4698
f 2377/361/4654 602/388/4656 2400/389/4699 4702/375/4697
f 605/376/4684 2399/390/4698 4703/399/4701 2391/391/4682
f 2391/391/4682 4703/399/4701 2397/408/4691 297/409/4683
f 4703/399/4701 2401/407/4702 606/418/4693 2397/408/4691
f 2399/390/4698 1169/398/4700 2401/407/4702 4703/399/4701
f 1169/4928/4700 2402/4925/4703 4704/4921/4704 2401/4927/4702
f 2401/4927/4702 4704/4921/4704 2398/4919/4695 606/4923/4693
f 4704/4921/4704 2424/4922/39 156/4918/10 2398/4919/4695
f 2402/4925/4703 613/4926/44 2424/4922/39 4704/4921/4704
f 602/388/4656 2379/396/4659 4705/397/4705 2400/389/4699
f 2400/389/4699 4705/397/4705 2402/406/4703 1169/398/4700
f 4705/397/4705 2429/416/51 613/417/44 2402/406/4703
f 2379/4967/4659 1/4966/54 2429/4971/51 4705/4972/4705
