# This file uses meters as units for non-parametric coordinates.

mtllib Iceberg Floor.mtl
g default
v -78.943565 0.000000 48.611664
v -63.560291 0.331512 50.032898
v -44.630001 2.320582 51.635529
v -31.570860 2.505556 49.850983
v -16.088350 1.696521 47.500092
v 0.000000 1.840139 47.500092
v 16.088350 1.150027 49.115570
v 32.176701 1.073493 46.775879
v 48.265053 0.460805 46.284454
v 62.829239 0.125866 46.038269
v 68.248436 -0.000000 46.126099
v -77.456688 0.669874 37.240540
v -63.904541 1.001386 39.609375
v -47.810673 2.990456 40.122742
v -32.100971 3.175429 39.899658
v -16.088350 2.366395 39.605804
v 0.000000 2.510013 39.605804
v 16.088350 1.819900 39.807739
v 32.176701 1.552614 39.515289
v 48.265053 -0.036405 39.453857
v 63.530907 0.469593 39.048157
v 73.861786 0.669874 36.434784
v -77.740387 0.361032 27.811859
v -64.015732 0.692544 29.644775
v -48.265053 2.629654 29.906616
v -32.176701 2.554827 29.906616
v -16.088350 1.969258 29.906616
v 0.000000 1.983163 29.906616
v 16.088350 1.474724 29.906616
v 32.176701 1.367589 29.906616
v 48.265053 0.284832 29.906616
v 63.804394 -0.392398 29.531891
v 76.049675 0.361032 26.908691
v -80.058594 1.745705 19.619049
v -64.305511 2.157499 19.870667
v -48.265053 3.446299 19.906616
v -32.176701 2.164885 19.906616
v -16.088350 2.884889 19.906616
v 0.000000 2.277793 19.906616
v 16.088350 2.677723 19.906616
v 32.176701 2.608340 19.906616
v 48.265053 0.918795 19.906616
v 64.277336 1.525320 19.495056
v 79.833282 1.745705 16.614105
v -80.912354 1.745705 9.877991
v -64.412231 2.558914 9.903046
v -48.265053 2.189356 9.906616
v -32.176701 2.790991 9.906616
v -16.088350 3.212920 9.906616
v 0.000000 3.367836 9.906616
v 16.088350 2.819282 9.906616
v 32.176701 2.543368 9.906616
v 48.265053 1.988198 9.906616
v 64.399712 2.032388 9.845184
v 80.812225 1.745705 9.415192
v -83.735977 0.471376 -0.293854
v -64.765182 0.646352 -0.118439
v -48.265053 2.590617 -0.093384
v -32.176701 3.639261 -0.093384
v -16.088350 2.286686 -0.093384
v 0.000000 2.311515 -0.093384
v 16.088350 1.340601 -0.093384
v 32.176701 -0.189088 -0.093384
v 48.265053 0.552432 -0.093384
v 64.688553 1.723850 -0.093384
v 83.122925 0.471376 -0.093384
v -84.206573 1.553924 -10.322510
v -64.824005 0.425129 -10.122025
v -48.265053 3.425711 -10.093384
v -32.176701 4.166441 -10.093384
v -16.088350 3.229156 -10.093384
v 0.000000 3.094112 -10.093384
v 16.088350 2.182198 -10.093384
v 32.176701 0.381158 -10.093384
v 48.265053 -0.042973 -10.093384
v 64.743507 1.580842 -10.093384
v 83.562569 1.553924 -10.093384
v -84.206573 1.553924 -20.322510
v -64.824005 1.412248 -20.122025
v -48.265053 2.416822 -20.093384
v -32.176701 3.823110 -20.093384
v -16.088350 2.976352 -20.093384
v 0.000000 1.594353 -20.093384
v 16.088350 1.178012 -20.093384
v 32.176701 0.517570 -20.093384
v 48.265053 1.518615 -20.093384
v 64.410698 1.650591 -20.012909
v 80.900146 1.553924 -19.449570
v -83.725807 0.221989 -30.090683
v -64.763901 0.557638 -30.093048
v -48.265053 2.567394 -30.093384
v -32.176701 2.731682 -30.093384
v -16.088350 1.872828 -30.093384
v 0.000000 1.762177 -30.093384
v 16.088350 0.890378 -30.093384
v 32.176701 -0.295473 -30.093384
v 48.265053 1.120247 -29.998734
v 64.353401 0.467564 -28.898758
v 80.441757 0.221989 -25.079834
v -80.851280 0.000000 -38.495834
v -64.404594 0.592704 -40.218292
v -48.265053 3.887734 -40.417999
v -32.176701 2.766747 -40.139755
v -16.088350 1.696521 -40.145355
v 0.000000 1.840140 -40.405212
v 16.088350 1.109912 -40.145355
v 32.176701 0.852758 -40.009186
v 48.265053 0.540400 -38.884079
v 64.275330 0.145818 -34.660645
v 79.817146 0.000000 -31.104355
v -80.441757 0.000000 -46.836426
v -64.353401 0.331512 -52.283173
v -48.265053 2.320582 -52.690292
v -32.176701 2.505556 -50.464371
v -16.088350 1.696521 -50.509155
v 0.000000 1.840139 -52.587952
v 16.088350 1.150027 -50.509155
v 32.176701 1.073493 -49.419846
v 48.265053 0.460805 -44.962311
v 63.728794 0.125866 -41.439758
v 75.444878 0.000000 -38.564453
v -32.176701 3.978939 -5.093384
v -40.220879 4.146009 -10.093384
v -16.088350 2.682049 -5.093384
v -24.132526 3.717435 -10.093384
v 0.000000 2.728096 -5.093384
v -8.044175 3.131764 -10.093384
v 16.088350 1.717068 -5.093384
v 8.044175 2.785045 -10.093384
v 32.176701 -0.160647 -5.093384
v 24.132526 1.263201 -10.093384
v 48.265053 -0.021145 -5.093384
v 40.220879 -0.110826 -10.093384
v 64.767822 1.601057 -5.093384
v 56.309227 0.754493 -10.093384
v 83.757179 0.887957 -5.093384
v 73.957993 1.735345 -10.093384
v -64.824005 1.002571 -15.122025
v -74.279984 1.396045 -20.207947
v -84.206573 1.775913 -15.322510
v -48.265053 2.993140 -15.093384
v -56.309227 1.776615 -20.093384
v -32.176701 4.123889 -15.093384
v -40.220879 3.260541 -20.093384
v -16.088350 3.289706 -15.093384
v -24.132526 3.619864 -20.093384
v 0.000000 2.416245 -15.093384
v -8.044175 2.218123 -20.093384
v 16.088350 1.801675 -15.093384
v 8.044175 1.354220 -20.093384
v 32.176701 0.623873 -15.093384
v 24.132526 0.746017 -20.093384
v 48.265053 0.736172 -15.093384
v 40.220879 0.952007 -20.093384
v 64.582596 1.705174 -15.093384
v 56.309227 1.686685 -20.093384
v 82.275322 1.775913 -15.093384
v 72.626778 1.604705 -19.771484
v -64.824005 1.061889 -25.122025
v -74.039604 0.221989 -30.092041
v -84.206573 0.887957 -25.322510
v -48.265053 2.263062 -25.093384
v -56.309227 1.564585 -30.093384
v -32.176701 3.235933 -25.093384
v -40.220879 2.890632 -30.093384
v -16.088350 2.401749 -25.093384
v -24.132526 2.287930 -30.093384
v 0.000000 1.528289 -25.093384
v -8.044175 1.799830 -30.093384
v 16.088350 0.913719 -25.093384
v 8.044175 1.453111 -30.093384
v 32.176701 0.012327 -25.093384
v 24.132526 0.091724 -30.093384
v 48.265053 1.506682 -25.093384
v 40.220879 0.376165 -30.093384
v 64.353401 1.093629 -24.771484
v 56.309227 0.950385 -29.714767
v 80.441757 0.887957 -22.518143
v 72.397583 0.272770 -27.207993
v -64.583618 0.505640 -35.006119
v -72.602341 0.000000 -39.480103
v -82.283440 0.000000 -34.395233
v -48.265053 3.365350 -35.093384
v -56.309227 2.370815 -40.464371
v -32.176701 2.679683 -35.093384
v -40.220879 3.696861 -40.278870
v -16.088350 1.696521 -35.093384
v -24.132526 2.065941 -40.093384
v 0.000000 1.840140 -35.093384
v -8.044175 1.760569 -40.301270
v 16.088350 0.989569 -35.093384
v 8.044175 1.517287 -40.301270
v 32.176701 0.190553 -35.093384
v 24.132526 0.935917 -40.093384
v 48.265053 0.779183 -34.714767
v 40.220879 0.717891 -39.756622
v 64.353401 0.205672 -31.924438
v 56.309227 0.329366 -36.940002
v 80.441757 0.000000 -27.915405
v 72.085274 0.050781 -32.782257
v -64.348320 0.505640 -46.086685
v -72.397583 0.000000 -49.948853
v -80.401031 0.000000 -42.652191
v -48.265053 3.365350 -46.391846
v -56.309227 1.326047 -53.061279
v -32.176701 2.679683 -45.278870
v -40.220879 2.652094 -51.577332
v -16.088350 1.696521 -45.301270
v -24.132526 2.065941 -50.093384
v 0.000000 1.840140 -46.340668
v -8.044175 1.760569 -51.756439
v 16.088350 1.150026 -45.301270
v 8.044175 1.517287 -51.756439
v 32.176701 1.073493 -44.756622
v 24.132526 1.096375 -50.093384
v 48.265053 0.460805 -42.149231
v 40.220879 0.798543 -47.399231
v 64.041100 0.125866 -37.919525
v 56.309227 0.249560 -43.039917
v 77.943321 0.000000 -34.726181
v 69.899139 0.050781 -39.969604
v -71.648483 0.000000 49.259125
v -63.755627 0.778094 44.785034
v -70.905052 0.669874 38.573578
v -78.082909 0.446583 42.781372
v -53.885860 1.326047 51.059235
v -46.447529 2.767165 45.771088
v -56.006310 1.995921 40.050690
v -37.797512 2.652094 51.059235
v -31.873781 2.952138 44.878815
v -39.917957 3.321967 40.050690
v -24.132526 2.065941 48.531464
v -16.088350 2.143104 43.703339
v -24.132526 2.735814 39.734711
v -8.044175 1.760569 47.156281
v 0.000000 2.286722 43.703339
v -8.044175 2.430443 39.562836
v 8.044175 1.517287 48.531464
v 16.088350 1.596609 44.511108
v 8.044175 2.187161 39.734711
v 24.132526 1.096375 48.117645
v 32.176701 1.392907 43.341248
v 24.132526 1.766248 39.682983
v 40.220879 0.798543 46.328644
v 48.265053 0.144376 43.095551
v 40.220879 0.705405 39.459381
v 56.309227 0.249560 46.151947
v 63.220715 0.445280 42.751160
v 56.309227 0.066160 39.437286
v 66.300919 0.050781 46.050659
v 71.380203 0.446583 41.246185
v 69.107597 0.630392 37.924988
v -63.960598 0.778094 34.578125
v -71.046898 0.361032 28.859253
v -77.299385 0.446583 32.278656
v -48.265053 2.767165 34.906616
v -56.309227 1.687079 29.906616
v -32.176701 2.952138 34.906616
v -40.220879 2.805285 29.906616
v -16.088350 2.143104 34.906616
v -24.132526 2.219132 29.906616
v 0.000000 2.286722 34.906616
v -8.044175 1.976262 29.906616
v 16.088350 1.596609 34.906616
v 8.044175 1.732980 29.906616
v 32.176701 1.392907 34.906616
v 24.132526 1.457407 29.906616
v 48.265053 0.054113 34.906616
v 40.220879 0.891834 29.906616
v 63.678555 -0.096294 34.513336
v 56.309227 -0.198723 29.906616
v 75.042969 0.446583 31.760468
v 70.201538 -0.129761 28.407654
v -64.161827 1.329057 24.762848
v -72.206001 1.832832 19.762848
v -78.909134 0.997546 23.756409
v -48.265053 3.110287 24.906616
v -56.309227 2.957251 19.906616
v -32.176701 2.256058 24.906616
v -40.220879 2.838859 19.906616
v -16.088350 2.340887 24.906616
v -24.132526 2.454333 19.906616
v 0.000000 1.965651 24.906616
v -8.044175 2.634240 19.906616
v 16.088350 2.002233 24.906616
v 8.044175 2.390957 19.906616
v 32.176701 1.930466 24.906616
v 24.132526 2.842080 19.906616
v 48.265053 0.524655 24.906616
v 40.220879 1.700814 19.906616
v 64.049164 0.441266 24.488922
v 56.309227 1.061570 19.906616
v 78.007851 0.997546 21.564972
v 72.093338 1.706223 18.260345
v -64.353401 2.647735 14.906616
v -72.632881 2.268464 9.892303
v -80.441757 1.995091 14.906616
v -48.265053 2.874924 14.906616
v -56.309227 2.384745 9.906616
v -32.176701 2.390360 14.906616
v -40.220879 2.416147 9.906616
v -16.088350 3.228163 14.906616
v -24.132526 3.039760 9.906616
v 0.000000 2.963196 14.906616
v -8.044175 3.360935 9.906616
v 16.088350 2.999779 14.906616
v 8.044175 3.117653 9.906616
v 32.176701 2.928012 14.906616
v 24.132526 2.681622 9.906616
v 48.265053 1.612464 14.906616
v 40.220879 2.243218 9.906616
v 64.353401 1.980386 14.660919
v 56.309227 1.985333 9.906616
v 80.441757 1.995091 12.940918
v 72.582809 1.927126 9.660919
v -64.588707 1.650189 4.892303
v -74.044693 0.400623 -0.193634
v -82.324165 0.997546 4.792053
v -48.265053 2.182790 4.906616
v -56.309227 1.525042 -0.093384
v -32.176701 3.225285 4.906616
v -40.220879 3.397000 -0.093384
v -16.088350 2.681369 4.906616
v -24.132526 3.012474 -0.093384
v 0.000000 2.837685 4.906616
v -8.044175 2.231945 -0.093384
v 16.088350 1.987115 4.906616
v 8.044175 1.988662 -0.093384
v 32.176701 1.108293 4.906616
v 24.132526 0.444547 -0.093384
v 48.265053 1.428533 4.906616
v 40.220879 -0.049890 -0.093384
v 64.538635 1.907252 4.906616
v 56.309227 1.308170 -0.093384
v 81.923615 0.997546 4.906616
v 73.738159 1.305996 -0.093384
v -64.824005 0.272194 -5.122009
v -74.279984 0.606650 -10.207947
v -84.206573 0.887957 -5.322510
v -48.265053 3.148231 -5.093384
v -56.309227 1.775117 -10.093384
v -71.218155 0.446583 43.843994
v -55.097546 1.772629 45.482910
v -39.009190 3.098676 45.482910
v -24.132526 2.512523 44.219025
v -8.044175 2.207152 43.531464
v 8.044175 1.963869 44.219025
v 24.132526 1.542957 44.012115
v 40.220879 0.736451 43.117645
v 56.309227 0.187468 43.029266
v 67.866806 0.497363 42.093536
v -70.826393 0.446583 33.592621
v -56.309227 1.772629 34.906616
v -40.220879 3.098676 34.906616
v -24.132526 2.512523 34.906616
v -8.044175 2.207152 34.906616
v 8.044175 1.963869 34.906616
v 24.132526 1.542957 34.906616
v 40.220879 0.736451 34.906616
v 56.309227 -0.173581 34.906616
v 69.698189 0.136314 33.333527
v -71.631271 0.997546 24.331512
v -56.309227 2.323593 24.906616
v -40.220879 2.818277 24.906616
v -24.132526 2.232124 24.906616
v -8.044175 2.176759 24.906616
v 8.044175 1.933476 24.906616
v 24.132526 2.093920 24.906616
v 40.220879 1.233800 24.906616
v 56.309227 0.323768 24.906616
v 71.180634 0.687277 23.235779
v -72.397583 2.343597 14.906616
v -56.309227 2.863134 14.906616
v -40.220879 2.568235 14.906616
v -24.132526 2.788593 14.906616
v -8.044175 3.174304 14.906616
v 8.044175 2.931022 14.906616
v 24.132526 3.091466 14.906616
v 40.220879 2.231346 14.906616
v 56.309227 1.682363 14.906616
v 72.397583 2.045872 13.923767
v -73.338783 1.346052 4.849335
v -56.309227 1.865588 4.906616
v -40.220879 2.792336 4.906616
v -24.132526 3.012694 4.906616
v -8.044175 2.758115 4.906616
v 8.044175 2.514832 4.906616
v 24.132526 1.452090 4.906616
v 40.220879 1.154258 4.906616
v 56.309227 1.769666 4.906616
v 73.138504 1.570886 4.906616
v -74.279984 0.256440 -5.207947
v -56.309227 1.582487 -5.093384
v -40.220879 3.930335 -5.093384
v -24.132526 3.344182 -5.093384
v -8.044175 2.648525 -5.093384
v 8.044175 2.405243 -5.093384
v 24.132526 0.700670 -5.093384
v 40.220879 -0.383582 -5.093384
v 56.309227 0.873656 -5.093384
v 74.055290 1.461297 -5.093384
v -74.279984 1.144397 -15.207947
v -56.309227 1.840126 -15.093384
v -40.220879 3.797689 -15.093384
v -24.132526 3.841854 -15.093384
v -8.044175 2.805568 -15.093384
v 8.044175 2.148539 -15.093384
v 24.132526 1.174880 -15.093384
v 40.220879 0.504374 -15.093384
v 56.309227 1.239053 -15.093384
v 73.314354 1.826694 -15.093384
v -74.279984 0.887957 -25.207947
v -56.309227 1.583686 -25.093384
v -40.220879 2.909733 -25.093384
v -24.132526 2.953897 -25.093384
v -8.044175 1.917612 -25.093384
v 8.044175 1.260583 -25.093384
v 24.132526 0.286923 -25.093384
v 40.220879 0.722062 -25.093384
v 56.309227 1.456741 -25.093384
v 72.397583 0.938738 -23.805756
v -73.318428 0.000000 -34.744308
v -56.309227 2.022559 -35.093384
v -40.220879 3.348606 -35.093384
v -24.132526 2.065941 -35.093384
v -8.044175 1.760569 -35.093384
v 8.044175 1.517287 -35.093384
v 24.132526 0.454544 -35.093384
v 40.220879 0.475936 -35.093384
v 56.309227 0.568784 -33.578918
v 72.397583 0.050781 -29.989929
v -72.377213 0.000000 -44.614761
v -56.309227 2.022559 -46.577332
v -40.220879 3.348606 -45.835358
v -24.132526 2.065941 -45.093384
v -8.044175 1.760569 -45.924911
v 8.044175 1.517287 -45.924911
v 24.132526 1.096375 -45.093384
v 40.220879 0.798543 -43.746307
v 56.309227 0.249560 -40.052185
v 71.148361 0.050781 -36.215668
v -48.167923 -44.002197 29.327942
v -43.724934 -44.002197 29.722229
v -43.462852 -43.730209 26.424225
v -47.643795 -43.730209 25.777039
v -38.798870 -43.800465 30.193512
v -38.917797 -43.528431 26.997314
v -39.008484 -43.392357 23.845123
v -43.272110 -43.594261 23.214294
v -47.262356 -43.594261 22.402405
v -32.906673 -43.194759 30.818634
v -33.644688 -42.922707 27.422394
v -27.269480 -42.588894 31.169586
v -28.376429 -42.316906 27.597900
v -29.206694 -42.180904 24.157806
v -34.198177 -42.786755 24.113892
v -23.108181 -42.387085 30.818634
v -23.846180 -42.114861 27.422394
v -19.315876 -42.476219 30.082703
v -19.500387 -42.204227 27.054443
v -19.638746 -42.068211 24.021942
v -24.399635 -41.978905 24.113892
v -14.785619 -42.744072 29.279083
v -14.785619 -42.472115 26.652588
v -9.886357 -42.968987 28.651001
v -9.886357 -42.697025 26.338531
v -9.886357 -42.561016 23.842926
v -14.785619 -42.336109 23.921478
v -4.987101 -42.930019 28.441528
v -4.987101 -42.658058 26.233887
v -0.087847 -42.881516 28.651001
v -0.087847 -42.609692 26.338531
v -0.087847 -42.473679 23.842926
v -4.987101 -42.522110 23.816803
v 4.811411 -43.078163 29.279083
v 4.811411 -42.806164 26.652588
v 9.710661 -43.301952 29.634827
v 9.710661 -43.029938 26.830505
v 9.710661 -42.893925 23.965942
v 4.811411 -42.670216 23.921478
v 14.609917 -43.334484 29.027069
v 14.609917 -43.062614 26.526581
v 19.509172 -43.348560 28.209869
v 19.509172 -43.153934 26.118011
v 19.509172 -43.056698 23.787842
v 14.609917 -42.926651 23.889984
v 24.408432 -43.515881 27.937469
v 24.408432 -43.553745 25.981842
v 29.307688 -43.721592 27.910553
v 29.307688 -43.914360 25.968384
v 29.307688 -44.024353 23.750458
v 24.408432 -43.572754 23.753784
v 34.206963 -43.850300 27.829834
v 34.206963 -43.888161 25.928040
v 38.177860 -43.925549 27.760651
v 38.416325 -43.731079 25.758636
v 38.605206 -43.716309 23.503357
v 34.206963 -43.961964 23.740326
v 40.292343 -43.971409 27.768188
v 41.246025 -43.699356 25.358063
v 41.478424 -44.002197 27.814087
v 43.385811 -43.730209 24.842041
v 44.897251 -43.594261 21.911682
v 42.001713 -43.618408 22.819275
v -43.224174 -43.730209 20.180664
v -47.166515 -43.730209 19.380402
v -39.042648 -43.528431 20.780884
v -39.076248 -43.580544 17.776276
v -43.358532 -43.782330 17.297852
v -47.435146 -43.782330 16.659943
v -34.382656 -42.922707 20.980957
v -29.483377 -42.316906 20.980957
v -29.483377 -42.400688 17.935730
v -34.382656 -42.974716 17.935730
v -24.584116 -42.114861 20.980957
v -19.684875 -42.204227 20.980957
v -19.684875 -42.446301 17.935730
v -24.584116 -42.293640 17.935730
v -14.785619 -42.472115 20.980957
v -9.886357 -42.697025 20.980957
v -9.886357 -42.802998 17.935730
v -14.785619 -42.650826 17.935730
v -4.987101 -42.658058 20.980957
v -0.087847 -42.609692 20.980957
v -0.087847 -42.794308 17.935730
v -4.987101 -42.798656 17.935730
v 4.811411 -42.806164 20.980957
v 9.710661 -43.029938 20.980957
v 9.710661 -43.104050 17.935730
v 4.811411 -42.946808 17.935730
v 14.609917 -43.062614 20.980957
v 19.509172 -43.153934 20.980957
v 19.509172 -43.169369 17.935730
v 14.609917 -43.114567 17.935730
v 24.408432 -43.553745 20.980957
v 29.307688 -43.969391 20.980957
v 29.307688 -43.828777 17.935730
v 24.408432 -43.459049 17.935730
v 34.206963 -44.108063 20.980957
v 38.695202 -44.060913 20.741425
v 38.771832 -44.241280 17.707489
v 34.206963 -44.123398 17.935730
v 42.361362 -43.919308 20.022888
v 45.616642 -43.730209 19.064789
v 46.229729 -43.782330 16.109894
v 42.667980 -44.081333 17.022797
v -43.714405 -43.394741 14.540283
v -48.146946 -43.394741 14.190002
v -39.165192 -43.192707 14.802979
v -39.252689 -42.688286 11.823395
v -44.064457 -42.886127 11.757721
v -48.847054 -42.939049 11.670166
v -34.382656 -42.587101 14.890533
v -29.483377 -42.107979 14.890533
v -29.483377 -41.903374 11.845306
v -34.382656 -42.201286 11.845306
v -24.584116 -42.285858 14.890533
v -19.684875 -42.628246 14.890533
v -19.684875 -42.683804 11.845306
v -24.584116 -42.273323 11.845306
v -14.785619 -42.642693 14.890533
v -9.886357 -42.576530 14.890533
v -9.886357 -42.245262 11.845306
v -14.785619 -42.507568 11.845306
v -4.987101 -42.676559 14.890533
v -0.087847 -42.805065 14.890533
v -0.087847 -42.614986 11.845306
v -4.987101 -42.397884 11.845306
v 4.811411 -42.824757 14.890533
v 9.710661 -42.782879 14.890533
v 9.710661 -42.371323 11.845306
v 4.811411 -42.546127 11.845306
v 14.609917 -42.726879 14.890533
v 19.509172 -42.826481 14.890533
v 19.509172 -42.413792 11.845306
v 14.609917 -42.271305 11.845306
v 24.408432 -43.250843 14.890533
v 29.307688 -43.682819 14.890533
v 29.307688 -43.442623 11.845306
v 24.408432 -42.966354 11.845306
v 34.206963 -43.805115 14.890533
v 38.920879 -43.733559 14.636139
v 39.059860 -43.073383 11.594666
v 34.206963 -43.355801 11.845306
v 43.264221 -43.583706 13.872925
v 47.422390 -43.394741 12.855316
v 48.534054 -42.939049 9.840027
v 43.820091 -42.963058 10.842651
v -44.181118 -42.574978 8.800049
v -49.080353 -42.787121 8.800049
v -39.281857 -42.389572 8.800049
v -39.317707 -42.443783 5.752686
v -44.324432 -42.620777 5.746155
v -49.367004 -42.939049 5.737427
v -34.382656 -42.258579 8.800049
v -29.483377 -42.251377 8.800049
v -29.483377 -42.668819 5.754852
v -34.382656 -42.549835 5.754852
v -24.584116 -42.438168 8.800049
v -19.684875 -42.546459 8.800049
v -19.684875 -42.302399 5.754852
v -24.584116 -42.530678 5.754852
v -14.785619 -42.303917 8.800049
v -9.886357 -42.036312 8.800049
v -9.886357 -42.045395 5.754852
v -14.785619 -42.150974 5.754852
v -4.987101 -42.069042 8.800049
v -0.087847 -42.197617 8.800049
v -0.087847 -41.951050 5.754852
v -4.987101 -41.955330 5.754852
v 4.811411 -42.217068 8.800049
v 9.710661 -42.175316 8.800049
v 9.710661 -42.285248 5.754852
v 4.811411 -42.103516 5.754852
v 14.609917 -42.119511 8.800049
v 19.509172 -42.219021 8.800049
v 19.509172 -42.453293 5.754852
v 14.609917 -42.369080 5.754852
v 24.408432 -42.643185 8.800049
v 29.307688 -43.020142 8.800049
v 29.307688 -42.791401 5.754852
v 24.408432 -42.636047 5.754852
v 34.206963 -42.977524 8.800049
v 39.106182 -42.796234 8.650421
v 39.134449 -42.764549 5.717438
v 34.206963 -42.793133 5.754852
v 44.005409 -42.756351 8.201477
v 48.904633 -42.787121 7.602875
v 49.130375 -42.939049 5.455566
v 44.118233 -42.828621 5.605225
v -44.754337 -43.182560 2.674744
v -50.226891 -43.394741 2.639862
v -39.425213 -42.997292 2.700928
v -39.532673 -43.608574 -0.350830
v -45.184326 -43.758327 -0.396637
v -51.086796 -43.715233 -0.457672
v -34.382656 -42.866169 2.709625
v -29.483377 -42.672810 2.709625
v -29.483377 -42.424500 -0.335571
v -34.382656 -43.073425 -0.335571
v -24.584116 -42.301678 2.709625
v -19.684875 -42.038013 2.709625
v -19.684875 -41.785748 -0.335571
v -24.584116 -41.933273 -0.335571
v -14.785619 -42.167336 2.709625
v -9.886357 -42.369129 2.709625
v -9.886357 -42.609699 -0.335571
v -14.785619 -42.167553 -0.335571
v -4.987101 -42.322460 2.709625
v -0.087847 -42.274025 2.709625
v -0.087847 -42.594456 -0.335571
v -4.987101 -42.642944 -0.335571
v 4.811411 -42.470638 2.709625
v 9.710661 -42.792007 2.709625
v 9.710661 -43.185898 -0.335571
v 4.811411 -42.791183 -0.335571
v 14.609917 -43.117908 2.709625
v 19.509172 -43.327171 2.709625
v 19.509172 -44.117413 -0.335571
v 14.609917 -43.731628 -0.335571
v 24.408432 -43.299259 2.709625
v 29.307688 -43.132263 2.709625
v 29.307688 -43.665798 -0.335571
v 24.408432 -44.032581 -0.335571
v 34.206963 -42.924541 2.709625
v 39.218987 -42.840664 2.709625
v 39.310337 -42.952332 -0.335571
v 34.206963 -43.205498 -0.335571
v 44.456692 -43.045532 2.709625
v 49.807240 -43.394741 2.709625
v 50.537636 -43.715233 -0.335571
v 44.821918 -43.206982 -0.335571
v -45.327595 -43.846153 -3.450562
v -51.373245 -43.461491 -3.520355
v -39.568516 -43.836483 -3.398224
v -39.568516 -43.743313 -6.443451
v -45.327602 -43.632805 -6.495789
v -51.373245 -43.055832 -6.565552
v -34.382656 -43.038406 -3.380798
v -29.483377 -42.084789 -3.380798
v -29.483377 -41.915901 -6.425995
v -34.382656 -42.921200 -6.425995
v -24.584116 -41.608524 -3.380798
v -19.684875 -41.578972 -3.380798
v -19.684875 -41.464722 -6.425995
v -24.584116 -41.477119 -6.425995
v -14.785619 -41.965519 -3.380798
v -9.886357 -42.368774 -3.380798
v -9.886357 -42.035519 -6.425995
v -14.785619 -41.738174 -6.425995
v -4.987101 -42.389069 -3.380798
v -0.087847 -42.340744 -3.380798
v -0.087847 -42.117908 -6.425995
v -4.987101 -42.094872 -6.425995
v 4.811411 -42.537312 -3.380798
v 9.710661 -42.956383 -3.380798
v 9.710661 -42.673195 -6.425995
v 4.811411 -42.306038 -6.425995
v 14.609917 -43.575592 -3.380798
v 19.509172 -44.100101 -3.380798
v 19.509172 -43.770073 -6.425995
v 14.609917 -43.232822 -6.425995
v 24.408432 -44.235851 -3.380798
v 29.307688 -44.015224 -3.380798
v 29.307688 -44.028519 -6.425995
v 24.408432 -44.069817 -6.425995
v 34.206963 -43.470215 -3.380798
v 39.358597 -43.027214 -3.380798
v 39.343815 -43.039425 -6.425995
v 34.206963 -43.542824 -6.425995
v 45.015038 -43.112324 -3.380798
v 50.923847 -43.461491 -3.380798
v 50.805412 -43.055832 -6.425995
v 44.955788 -42.945309 -6.425995
v -45.327595 -43.305302 -9.541016
v -51.373245 -42.920692 -9.610764
v -39.568516 -43.391598 -9.488678
v -39.568516 -43.142162 -12.533905
v -45.327602 -43.152107 -12.586227
v -51.373245 -43.055832 -12.656006
v -34.382656 -42.881523 -9.471222
v -29.483377 -42.179317 -9.471222
v -29.483377 -42.530396 -12.516449
v -34.382656 -42.920158 -12.516449
v -24.584116 -41.689350 -9.471222
v -19.684875 -41.490734 -9.471222
v -19.684875 -41.673916 -12.516449
v -24.584116 -42.016445 -12.516449
v -14.785619 -41.662365 -9.471222
v -9.886357 -41.998734 -9.471222
v -9.886357 -42.189556 -12.516449
v -14.785619 -41.797710 -12.516449
v -4.987101 -42.293587 -9.471222
v -0.087847 -42.530586 -9.471222
v -0.087847 -43.031277 -12.516449
v -4.987101 -42.651363 -12.516449
v 4.811411 -42.693699 -9.471222
v 9.710661 -42.905079 -9.471222
v 9.710661 -43.284840 -12.516449
v 4.811411 -43.177589 -12.516449
v 14.609917 -43.286648 -9.471222
v 19.509172 -43.622318 -9.471222
v 19.509172 -43.686947 -12.516449
v 14.609917 -43.547909 -12.516449
v 24.408432 -43.695061 -9.471222
v 29.307688 -43.553974 -9.471222
v 29.307688 -43.077332 -12.516449
v 24.408432 -43.422520 -12.516449
v 34.206963 -43.247620 -9.471222
v 39.245773 -42.963638 -9.471222
v 39.141125 -42.996964 -12.467453
v 34.206963 -42.975037 -12.516449
v 44.563831 -42.889709 -9.471222
v 50.021347 -42.920692 -9.471222
v 49.183922 -43.055832 -12.124329
v 44.145046 -43.024948 -12.320404
v -45.327595 -43.461491 -15.631439
v -51.373245 -43.461491 -15.701218
v -39.568516 -43.355484 -15.579132
v -39.531918 -43.662533 -18.606705
v -45.181210 -43.867035 -18.606064
v -51.080540 -43.867035 -18.605225
v -34.382656 -43.037743 -15.561676
v -29.483377 -42.623863 -15.561676
v -29.483377 -42.438686 -18.606888
v -34.382656 -43.049450 -18.606888
v -24.584116 -42.230206 -15.561676
v -19.684875 -42.031380 -15.561676
v -19.684875 -42.338558 -18.606888
v -24.584116 -42.241837 -18.606888
v -14.785619 -42.203354 -15.561676
v -9.886357 -42.539494 -15.561676
v -9.886357 -42.861675 -18.606888
v -14.785619 -42.608810 -18.606888
v -4.987101 -42.834278 -15.561676
v -0.087847 -43.071472 -15.561676
v -0.087847 -42.929050 -18.606888
v -4.987101 -42.906147 -18.606888
v 4.811411 -43.234459 -15.561676
v 9.710661 -43.445736 -15.561676
v 9.710661 -43.460125 -18.606888
v 4.811411 -43.117222 -18.606888
v 14.609917 -43.827408 -15.561676
v 19.509172 -43.994785 -15.561676
v 19.509172 -44.182266 -18.606888
v 14.609917 -43.946388 -18.606888
v 24.408432 -43.562550 -15.561676
v 29.307688 -43.084553 -15.561676
v 29.307688 -43.319962 -18.549255
v 24.408432 -43.773235 -18.606888
v 34.206963 -43.115074 -15.561676
v 39.106182 -43.336323 -15.365601
v 39.106182 -43.717453 -17.879318
v 34.206963 -43.423489 -18.376282
v 44.005409 -43.430653 -14.777466
v 48.904633 -43.461491 -13.993240
v 48.904633 -43.867035 -15.553421
v 44.005409 -43.836117 -16.849579
v -44.741962 -44.002197 -21.439499
v -50.202019 -44.002197 -21.226898
v -39.422077 -43.694317 -21.598969
v -39.313034 -43.641285 -24.773407
v -44.305840 -44.002197 -24.323807
v -49.329819 -44.002197 -23.724365
v -34.382656 -42.770451 -21.652115
v -29.483377 -41.952633 -21.652115
v -29.483377 -41.634480 -24.895050
v -34.382656 -42.558395 -24.923279
v -24.584116 -41.962734 -21.652115
v -19.684875 -42.370144 -21.652115
v -19.684875 -42.317261 -24.725555
v -24.584116 -41.750656 -24.810303
v -14.785619 -42.744072 -21.652115
v -9.886357 -42.968987 -21.652115
v -9.886357 -42.968987 -24.728943
v -14.785619 -42.744072 -24.697342
v -4.987101 -42.930019 -21.652115
v -0.087847 -42.881512 -21.652115
v -0.087847 -42.881512 -24.887253
v -4.987101 -42.930019 -24.823975
v 4.811411 -43.078163 -21.652115
v 9.710661 -43.399570 -21.652115
v 9.710661 -43.326344 -24.728943
v 4.811411 -43.078163 -24.823975
v 14.609917 -43.725456 -21.652115
v 19.509172 -43.886200 -21.652115
v 19.509172 -43.482994 -24.646057
v 14.609917 -43.432346 -24.697342
v 24.408432 -43.712372 -21.652115
v 29.307688 -43.527611 -21.421494
v 29.307688 -43.673218 -23.960815
v 24.408432 -43.565083 -24.492233
v 34.206963 -43.655804 -20.729736
v 39.106182 -43.877056 -19.722061
v 39.058659 -43.913364 -21.388550
v 34.206963 -43.801617 -22.776794
v 44.005409 -43.971409 -18.543884
v 48.904633 -44.002197 -17.280396
v 48.524239 -44.002197 -19.222610
v 43.815178 -43.971409 -20.244522
v -44.168739 -44.002197 -27.451035
v -49.055584 -44.002197 -26.255722
v -39.278736 -43.694317 -28.347504
v -39.281857 -43.800465 -32.121445
v -44.181118 -44.002197 -30.699738
v -49.080353 -44.002197 -28.804123
v -34.382656 -42.770451 -28.646332
v -29.483377 -41.952633 -28.533371
v -29.483377 -42.588894 -32.369400
v -34.382656 -43.194759 -32.595337
v -24.584116 -41.962734 -28.194473
v -19.684875 -42.370144 -27.855484
v -19.684875 -42.476219 -31.013733
v -24.584116 -42.387085 -31.691528
v -14.785619 -42.744072 -27.742508
v -9.886357 -42.968987 -27.869186
v -9.886357 -42.968987 -31.041000
v -14.785619 -42.744072 -30.787796
v -4.987101 -42.930019 -28.248993
v -0.087847 -42.881512 -28.502167
v -0.087847 -42.881516 -32.307007
v -4.987101 -42.930019 -31.800644
v 4.811411 -43.078163 -28.248993
v 9.710661 -43.301952 -27.869186
v 9.710661 -43.301952 -31.041000
v 4.811411 -43.078163 -31.800644
v 14.609917 -43.334484 -27.742508
v 19.509172 -43.348560 -27.537415
v 19.509172 -43.348560 -30.377594
v 14.609917 -43.334484 -30.787796
v 24.408432 -43.515881 -26.922104
v 29.307688 -43.721592 -25.949432
v 29.307688 -43.721592 -27.662720
v 24.408432 -43.515881 -29.146866
v 34.206963 -43.850300 -24.672226
v 38.915977 -43.925549 -23.373352
v 38.725750 -43.925549 -25.517334
v 34.206963 -43.850300 -26.491898
v 43.244556 -43.971409 -22.335602
v 47.383087 -44.002197 -21.428452
v 45.861408 -44.002197 -23.766144
v 42.483776 -43.971409 -24.621964
vt 0.228183 0.229242
vt 0.242182 0.230310
vt 0.038656 0.968632
vt 0.037531 0.981527
vt 0.056401 0.970943
vt 0.056739 0.983459
vt 0.039473 0.956110
vt 0.056135 0.958632
vt 0.255386 0.231483
vt 0.077105 0.972622
vt 0.079833 0.985943
vt 0.097773 0.973319
vt 0.101959 0.987322
vt 0.075051 0.959693
vt 0.094636 0.959882
vt 0.115438 0.972708
vt 0.118225 0.986005
vt 0.132379 0.971377
vt 0.133047 0.983238
vt 0.113363 0.959790
vt 0.131901 0.959539
vt 0.150795 0.969943
vt 0.150768 0.980246
vt 0.169927 0.968869
vt 0.169890 0.977953
vt 0.150845 0.959271
vt 0.169979 0.959111
vt 0.189033 0.968591
vt 0.188978 0.977265
vt 0.208137 0.969135
vt 0.208089 0.978212
vt 0.189096 0.959150
vt 0.208195 0.959398
vt 0.227246 0.970526
vt 0.227203 0.980822
vt 0.246371 0.971387
vt 0.246320 0.982375
vt 0.227306 0.959864
vt 0.246438 0.960199
vt 0.265493 0.970337
vt 0.265447 0.980142
vt 0.284619 0.968879
vt 0.284586 0.977070
vt 0.265557 0.960047
vt 0.284670 0.959787
vt 0.303797 0.968507
vt 0.303721 0.976136
vt 0.322955 0.968613
vt 0.322856 0.976221
vt 0.303875 0.959814
vt 0.323050 0.959962
vt 0.342070 0.968652
vt 0.341990 0.976072
vt 0.358510 0.968146
vt 0.357494 0.975976
vt 0.342143 0.960110
vt 0.359329 0.959366
vt 0.369563 0.966678
vt 0.365756 0.976105
vt 0.377936 0.964743
vt 0.370387 0.976335
vt 0.372603 0.956801
vt 0.383921 0.953313
vt 0.267112 0.232840
vt 0.039695 0.944274
vt 0.056002 0.946678
vt 0.039226 0.933039
vt 0.055893 0.934981
vt 0.277774 0.233049
vt 0.074317 0.947470
vt 0.093572 0.947487
vt 0.074324 0.935595
vt 0.093597 0.935601
vt 0.112699 0.947561
vt 0.131804 0.947664
vt 0.112753 0.935656
vt 0.131895 0.935751
vt 0.150937 0.947781
vt 0.170063 0.947924
vt 0.151033 0.935872
vt 0.170155 0.936034
vt 0.189175 0.948076
vt 0.208283 0.948234
vt 0.189266 0.936185
vt 0.208385 0.936342
vt 0.227408 0.948385
vt 0.246536 0.948547
vt 0.227512 0.936497
vt 0.246629 0.936676
vt 0.265653 0.948697
vt 0.284783 0.948838
vt 0.265743 0.936831
vt 0.284884 0.936964
vt 0.303965 0.948998
vt 0.323137 0.949165
vt 0.304051 0.937114
vt 0.323212 0.937277
vt 0.342233 0.949332
vt 0.359719 0.948527
vt 0.342327 0.937454
vt 0.360092 0.936700
vt 0.374039 0.945838
vt 0.386779 0.942176
vt 0.375267 0.934128
vt 0.389195 0.930615
vt 0.287661 0.230804
vt 0.037971 0.922182
vt 0.055710 0.923306
vt 0.036762 0.911151
vt 0.055570 0.911523
vt 0.297727 0.228381
vt 0.074500 0.923624
vt 0.093691 0.923666
vt 0.074662 0.911654
vt 0.093755 0.911783
vt 0.112817 0.923767
vt 0.131987 0.923850
vt 0.112885 0.911864
vt 0.132059 0.911962
vt 0.151106 0.923981
vt 0.170229 0.924119
vt 0.151185 0.912078
vt 0.170324 0.912169
vt 0.189357 0.924298
vt 0.208479 0.924470
vt 0.189443 0.912371
vt 0.208565 0.912578
vt 0.227586 0.924610
vt 0.246693 0.924741
vt 0.227666 0.912677
vt 0.246775 0.912759
vt 0.265805 0.924877
vt 0.284936 0.925023
vt 0.265866 0.912892
vt 0.284965 0.913068
vt 0.304125 0.925211
vt 0.323300 0.925385
vt 0.304185 0.913282
vt 0.323368 0.913469
vt 0.342391 0.925505
vt 0.360761 0.924587
vt 0.342466 0.913484
vt 0.361410 0.912472
vt 0.377713 0.921726
vt 0.393950 0.917848
vt 0.379975 0.909683
vt 0.398376 0.905981
vt 0.308969 0.228057
vt 0.036438 0.899566
vt 0.055577 0.899685
vt 0.035958 0.887672
vt 0.055493 0.887819
vt 0.320967 0.228626
vt 0.074701 0.899772
vt 0.093823 0.899848
vt 0.074752 0.887827
vt 0.093897 0.887872
vt 0.112975 0.899941
vt 0.132122 0.900063
vt 0.113048 0.888036
vt 0.132222 0.888136
vt 0.151275 0.900159
vt 0.170418 0.900267
vt 0.151372 0.888250
vt 0.170508 0.888395
vt 0.189526 0.900427
vt 0.208642 0.900593
vt 0.189627 0.888548
vt 0.208719 0.888680
vt 0.227749 0.900719
vt 0.246852 0.900852
vt 0.227829 0.888817
vt 0.246949 0.888956
vt 0.265945 0.901035
vt 0.285029 0.901220
vt 0.266060 0.889156
vt 0.285171 0.889379
vt 0.304220 0.901341
vt 0.323409 0.901460
vt 0.304306 0.889476
vt 0.323471 0.889525
vt 0.342541 0.901500
vt 0.361671 0.900951
vt 0.342622 0.889584
vt 0.361862 0.889512
vt 0.380783 0.899357
vt 0.399895 0.897247
vt 0.381311 0.889227
vt 0.400858 0.888865
vt 0.333628 0.228874
vt 0.034274 0.875521
vt 0.055083 0.875749
vt 0.032597 0.863353
vt 0.054613 0.863649
vt 0.346227 0.228694
vt 0.074775 0.875867
vt 0.093939 0.875988
vt 0.074795 0.863936
vt 0.094084 0.864063
vt 0.113152 0.876117
vt 0.132331 0.876204
vt 0.113301 0.864158
vt 0.132417 0.864277
vt 0.151474 0.876355
vt 0.170610 0.876458
vt 0.151573 0.864459
vt 0.170737 0.864560
vt 0.189718 0.876596
vt 0.208826 0.876733
vt 0.189804 0.864658
vt 0.208920 0.864777
vt 0.227956 0.876835
vt 0.247108 0.876903
vt 0.228071 0.864873
vt 0.247256 0.864912
vt 0.266249 0.876965
vt 0.285358 0.877106
vt 0.266453 0.864887
vt 0.285519 0.864913
vt 0.304450 0.877346
vt 0.323572 0.877551
vt 0.304516 0.865166
vt 0.323615 0.865493
vt 0.342712 0.877678
vt 0.362285 0.877768
vt 0.342794 0.865726
vt 0.362739 0.865862
vt 0.382748 0.877904
vt 0.403659 0.878067
vt 0.384288 0.866005
vt 0.406680 0.866191
vt 0.358245 0.228005
vt 0.032084 0.851448
vt 0.054471 0.851775
vt 0.032141 0.839551
vt 0.054558 0.839929
vt 0.370216 0.227503
vt 0.074884 0.852021
vt 0.094299 0.852111
vt 0.074988 0.840086
vt 0.094446 0.840228
vt 0.113446 0.852226
vt 0.132504 0.852368
vt 0.113545 0.840354
vt 0.132581 0.840487
vt 0.151634 0.852536
vt 0.170777 0.852660
vt 0.151677 0.840616
vt 0.170804 0.840707
vt 0.189865 0.852738
vt 0.208955 0.852843
vt 0.189913 0.840793
vt 0.208995 0.840928
vt 0.228064 0.852940
vt 0.247218 0.852990
vt 0.228068 0.841026
vt 0.247175 0.841064
vt 0.266437 0.853023
vt 0.285590 0.853105
vt 0.266377 0.841092
vt 0.285592 0.841205
vt 0.304613 0.853308
vt 0.323662 0.853552
vt 0.304713 0.841453
vt 0.323758 0.841710
vt 0.342849 0.853777
vt 0.363021 0.853951
vt 0.342929 0.841869
vt 0.363051 0.842035
vt 0.385111 0.854106
vt 0.408213 0.854294
vt 0.384948 0.842192
vt 0.407765 0.842327
vt 0.382100 0.227845
vt 0.032194 0.827615
vt 0.054702 0.827981
vt 0.032261 0.815727
vt 0.054790 0.816063
vt 0.393929 0.229034
vt 0.075061 0.828176
vt 0.094374 0.828321
vt 0.075097 0.816275
vt 0.094313 0.816376
vt 0.113562 0.828462
vt 0.132648 0.828619
vt 0.113561 0.816525
vt 0.132717 0.816732
vt 0.151729 0.828732
vt 0.170866 0.828813
vt 0.151805 0.816849
vt 0.170954 0.816896
vt 0.190002 0.828873
vt 0.209119 0.828947
vt 0.190134 0.816897
vt 0.209278 0.816920
vt 0.228215 0.829059
vt 0.247316 0.829158
vt 0.228371 0.817038
vt 0.247476 0.817193
vt 0.266478 0.829231
vt 0.285665 0.829339
vt 0.266623 0.817329
vt 0.285781 0.817476
vt 0.304810 0.829510
vt 0.323943 0.829737
vt 0.304959 0.817606
vt 0.324125 0.817757
vt 0.343091 0.829919
vt 0.362770 0.830115
vt 0.343217 0.817983
vt 0.362450 0.818394
vt 0.383505 0.830287
vt 0.404782 0.830431
vt 0.381959 0.819134
vt 0.401600 0.820051
vt 0.405735 0.231078
vt 0.032328 0.803791
vt 0.054833 0.804151
vt 0.032946 0.792090
vt 0.054978 0.792272
vt 0.416912 0.233755
vt 0.075141 0.804379
vt 0.094373 0.804507
vt 0.075213 0.792497
vt 0.094526 0.792630
vt 0.113620 0.804621
vt 0.132791 0.804778
vt 0.113729 0.792744
vt 0.132892 0.792835
vt 0.151927 0.804875
vt 0.171082 0.804932
vt 0.152059 0.792900
vt 0.171196 0.792985
vt 0.190223 0.804983
vt 0.209352 0.805053
vt 0.190302 0.793091
vt 0.209410 0.793170
vt 0.228469 0.805165
vt 0.247592 0.805299
vt 0.228529 0.793282
vt 0.247678 0.793415
vt 0.266752 0.805424
vt 0.285858 0.805558
vt 0.266862 0.793557
vt 0.285936 0.793701
vt 0.305027 0.805725
vt 0.324214 0.805910
vt 0.305077 0.793816
vt 0.324262 0.794236
vt 0.343298 0.806090
vt 0.362413 0.806987
vt 0.343377 0.795042
vt 0.362513 0.797057
vt 0.381508 0.809405
vt 0.400591 0.812584
vt 0.381599 0.801163
vt 0.400677 0.806298
vt 0.427226 0.236947
vt 0.034715 0.781040
vt 0.055480 0.780601
vt 0.036488 0.769804
vt 0.056003 0.768204
vt 0.437171 0.239694
vt 0.075431 0.780566
vt 0.094768 0.780653
vt 0.075631 0.767774
vt 0.094956 0.768012
vt 0.113833 0.780810
vt 0.132988 0.780944
vt 0.113910 0.768480
vt 0.133066 0.768930
vt 0.152153 0.781010
vt 0.171274 0.781100
vt 0.152221 0.769128
vt 0.171342 0.769098
vt 0.190374 0.781206
vt 0.209480 0.781297
vt 0.190448 0.768831
vt 0.209559 0.768683
vt 0.228605 0.781406
vt 0.247757 0.781529
vt 0.228687 0.769038
vt 0.247827 0.769523
vt 0.266909 0.781667
vt 0.286035 0.781807
vt 0.266957 0.769747
vt 0.286093 0.770055
vt 0.305166 0.781934
vt 0.324308 0.783004
vt 0.305231 0.770837
vt 0.324363 0.773078
vt 0.343438 0.785816
vt 0.362559 0.789837
vt 0.343484 0.777811
vt 0.362398 0.783332
vt 0.381640 0.794529
vt 0.400717 0.799542
vt 0.380927 0.787890
vt 0.399269 0.791959
vt 0.447018 0.240985
vt 0.037103 0.757609
vt 0.056215 0.754238
vt 0.037140 0.744937
vt 0.361343 0.407363
vt 0.017993 0.752198
vt 0.075633 0.753224
vt 0.094947 0.753863
vt 0.075556 0.737741
vt 0.368077 0.445371
vt 0.114010 0.755260
vt 0.133146 0.756692
vt 0.114075 0.741516
vt 0.368431 0.483954
vt 0.152286 0.757242
vt 0.171411 0.756849
vt 0.152346 0.745360
vt 0.368665 0.522254
vt 0.190527 0.755472
vt 0.209645 0.754588
vt 0.190608 0.741621
vt 0.372931 0.560563
vt 0.228771 0.755683
vt 0.247903 0.757275
vt 0.228855 0.741834
vt 0.371316 0.599107
vt 0.267028 0.757871
vt 0.286159 0.758783
vt 0.267101 0.745998
vt 0.371986 0.637410
vt 0.305291 0.761356
vt 0.324412 0.765316
vt 0.305351 0.752677
vt 0.368129 0.676912
vt 0.343519 0.770417
vt 0.361873 0.775586
vt 0.343553 0.763320
vt 0.365746 0.714520
vt 0.378737 0.779721
vt 0.394858 0.783334
vt 0.375809 0.770788
vt 0.388966 0.774189
vt 0.165541 0.015718
vt 0.052251 0.160613
vt 0.956839 0.381206
vt 0.188525 0.017472
vt 0.048952 0.192157
vt 0.959708 0.410449
vt 0.939519 0.409370
vt 0.936247 0.381895
vt 0.210205 0.019397
vt 0.042739 0.229789
vt 0.961385 0.444514
vt 0.037318 0.265760
vt 0.961452 0.478467
vt 0.939565 0.472620
vt 0.940275 0.440468
vt 0.036318 0.292515
vt 0.959529 0.507426
vt 0.038018 0.317201
vt 0.956464 0.535158
vt 0.937060 0.533757
vt 0.938438 0.503347
vt 0.040835 0.346580
vt 0.953152 0.565305
vt 0.042926 0.378175
vt 0.950392 0.596646
vt 0.934375 0.596224
vt 0.935635 0.564832
vt 0.042437 0.409575
vt 0.948941 0.627987
vt 0.040858 0.440939
vt 0.948839 0.659367
vt 0.932856 0.658956
vt 0.933443 0.627598
vt 0.039678 0.472573
vt 0.950127 0.690798
vt 0.039340 0.504060
vt 0.950543 0.722230
vt 0.932179 0.721756
vt 0.932626 0.690342
vt 0.040367 0.535658
vt 0.947824 0.753556
vt 0.041842 0.567431
vt 0.944435 0.784868
vt 0.929513 0.784477
vt 0.930934 0.753124
vt 0.042798 0.598858
vt 0.942827 0.816321
vt 0.043371 0.630254
vt 0.942003 0.847767
vt 0.927799 0.847472
vt 0.928556 0.815996
vt 0.043620 0.661642
vt 0.941072 0.879137
vt 0.043661 0.687080
vt 0.939384 0.906091
vt 0.924932 0.906977
vt 0.927050 0.878813
vt 0.043607 0.700623
vt 0.936399 0.924154
vt 0.043510 0.708227
vt 0.937916 0.046425
vt 0.917499 0.040977
vt 0.920032 0.928628
vt 0.916812 0.381643
vt 0.229459 0.021626
vt 0.919907 0.408530
vt 0.900716 0.407741
vt 0.898399 0.380288
vt 0.246964 0.021969
vt 0.920254 0.438627
vt 0.919279 0.470227
vt 0.899771 0.469649
vt 0.900765 0.438020
vt 0.918404 0.501620
vt 0.917579 0.532979
vt 0.898023 0.532507
vt 0.898864 0.501089
vt 0.916774 0.564384
vt 0.916012 0.595779
vt 0.896494 0.595310
vt 0.897224 0.563922
vt 0.915267 0.627151
vt 0.914531 0.658518
vt 0.895009 0.658066
vt 0.895747 0.626681
vt 0.913782 0.689911
vt 0.913052 0.721310
vt 0.893566 0.720845
vt 0.894268 0.689464
vt 0.912303 0.752691
vt 0.911538 0.784092
vt 0.892046 0.783640
vt 0.892825 0.752222
vt 0.910801 0.815580
vt 0.910078 0.847051
vt 0.890563 0.846557
vt 0.891295 0.815102
vt 0.909356 0.878398
vt 0.907125 0.907054
vt 0.887697 0.907049
vt 0.889859 0.877935
vt 0.901966 0.930414
vt 0.898703 0.039933
vt 0.879403 0.038888
vt 0.882684 0.931819
vt 0.880646 0.377663
vt 0.263198 0.018282
vt 0.881567 0.406832
vt 0.862238 0.405989
vt 0.862606 0.375105
vt 0.279726 0.014304
vt 0.881111 0.437687
vt 0.880180 0.469182
vt 0.860675 0.468668
vt 0.861458 0.437328
vt 0.879349 0.500576
vt 0.878487 0.532039
vt 0.858975 0.531538
vt 0.859812 0.500066
vt 0.877707 0.563422
vt 0.876938 0.594811
vt 0.857320 0.594345
vt 0.858168 0.562932
vt 0.876234 0.626211
vt 0.875521 0.657601
vt 0.856000 0.657124
vt 0.856657 0.625731
vt 0.874756 0.688966
vt 0.873976 0.720328
vt 0.854308 0.719839
vt 0.855169 0.688475
vt 0.873204 0.751701
vt 0.872446 0.783104
vt 0.852826 0.782529
vt 0.853533 0.751175
vt 0.871756 0.814604
vt 0.871043 0.846081
vt 0.851485 0.845572
vt 0.852177 0.814082
vt 0.870245 0.877418
vt 0.867783 0.907517
vt 0.847868 0.907950
vt 0.850515 0.876914
vt 0.862204 0.935188
vt 0.857729 0.033494
vt 0.837690 0.027971
vt 0.842324 0.938273
vt 0.843611 0.373970
vt 0.298184 0.013772
vt 0.842809 0.405384
vt 0.823340 0.404628
vt 0.824116 0.372563
vt 0.317884 0.014706
vt 0.841957 0.436774
vt 0.841085 0.468159
vt 0.821428 0.467655
vt 0.822350 0.436236
vt 0.840240 0.499593
vt 0.839443 0.531022
vt 0.819865 0.530565
vt 0.820700 0.499093
vt 0.838603 0.562459
vt 0.837784 0.593880
vt 0.818297 0.593408
vt 0.819054 0.561998
vt 0.837052 0.625246
vt 0.836328 0.656626
vt 0.816775 0.656131
vt 0.817552 0.624793
vt 0.835541 0.687988
vt 0.834764 0.719346
vt 0.815236 0.718886
vt 0.816004 0.687499
vt 0.834070 0.750689
vt 0.833380 0.782017
vt 0.813940 0.781632
vt 0.814569 0.750258
vt 0.832579 0.813517
vt 0.831775 0.845013
vt 0.812186 0.844495
vt 0.813102 0.813040
vt 0.830843 0.876413
vt 0.828947 0.907780
vt 0.810164 0.907497
vt 0.811285 0.875925
vt 0.825335 0.939060
vt 0.823207 0.026534
vt 0.809362 0.027187
vt 0.808683 0.939399
vt 0.804264 0.369166
vt 0.338672 0.015114
vt 0.803555 0.403328
vt 0.783722 0.401927
vt 0.784383 0.365781
vt 0.359358 0.014818
vt 0.802723 0.435651
vt 0.801923 0.467106
vt 0.782345 0.466723
vt 0.783142 0.435062
vt 0.801135 0.498643
vt 0.800279 0.530123
vt 0.780699 0.529643
vt 0.781501 0.498265
vt 0.799528 0.561546
vt 0.798701 0.592955
vt 0.779169 0.592544
vt 0.780002 0.561089
vt 0.797932 0.624321
vt 0.797163 0.655686
vt 0.777537 0.655217
vt 0.778337 0.623839
vt 0.796334 0.687084
vt 0.795449 0.718518
vt 0.775762 0.718136
vt 0.776697 0.686650
vt 0.794553 0.749933
vt 0.793788 0.781301
vt 0.773771 0.780930
vt 0.774721 0.749640
vt 0.793189 0.812645
vt 0.792528 0.844037
vt 0.772738 0.843479
vt 0.773197 0.812120
vt 0.791740 0.875454
vt 0.790869 0.907579
vt 0.771307 0.907705
vt 0.772122 0.874965
vt 0.790027 0.941169
vt 0.791033 0.027938
vt 0.770874 0.027885
vt 0.770420 0.943075
vt 0.764872 0.364319
vt 0.379091 0.013687
vt 0.764242 0.401074
vt 0.744797 0.400600
vt 0.745345 0.363792
vt 0.398747 0.012863
vt 0.763583 0.434587
vt 0.762721 0.466454
vt 0.743212 0.466076
vt 0.743991 0.434137
vt 0.761911 0.497881
vt 0.761152 0.529165
vt 0.741650 0.528672
vt 0.742424 0.497426
vt 0.760431 0.560568
vt 0.759637 0.591989
vt 0.740020 0.591412
vt 0.740867 0.560017
vt 0.758772 0.623318
vt 0.757949 0.654652
vt 0.738394 0.654098
vt 0.739166 0.622775
vt 0.757115 0.686017
vt 0.756199 0.717453
vt 0.736629 0.716762
vt 0.737562 0.685403
vt 0.755252 0.748995
vt 0.754389 0.780431
vt 0.734859 0.779815
vt 0.735675 0.748275
vt 0.753732 0.811661
vt 0.753140 0.842934
vt 0.733700 0.842475
vt 0.734271 0.811207
vt 0.752510 0.874434
vt 0.751744 0.907546
vt 0.732188 0.906976
vt 0.732963 0.873945
vt 0.750849 0.943807
vt 0.751226 0.026155
vt 0.731547 0.025572
vt 0.731306 0.942918
vt 0.725753 0.363258
vt 0.418259 0.013423
vt 0.725183 0.400215
vt 0.705620 0.399738
vt 0.706241 0.362748
vt 0.437681 0.015376
vt 0.724441 0.433635
vt 0.723675 0.465338
vt 0.704074 0.464615
vt 0.704909 0.433076
vt 0.722907 0.496834
vt 0.722170 0.528164
vt 0.702659 0.527658
vt 0.703317 0.496211
vt 0.721362 0.559484
vt 0.720498 0.590893
vt 0.700937 0.590418
vt 0.701856 0.558990
vt 0.719600 0.622301
vt 0.718725 0.653678
vt 0.698981 0.653312
vt 0.699940 0.621894
vt 0.717914 0.685021
vt 0.717084 0.716374
vt 0.697440 0.716013
vt 0.698180 0.684652
vt 0.716206 0.747823
vt 0.715383 0.779316
vt 0.695909 0.778890
vt 0.696665 0.747442
vt 0.714666 0.810744
vt 0.714043 0.842155
vt 0.694374 0.841830
vt 0.695124 0.810368
vt 0.713344 0.873587
vt 0.712640 0.905893
vt 0.693423 0.904757
vt 0.693749 0.873173
vt 0.711842 0.939930
vt 0.711677 0.028950
vt 0.694505 0.033777
vt 0.693621 0.936813
vt 0.686649 0.362237
vt 0.457066 0.018732
vt 0.686068 0.399188
vt 0.666567 0.398808
vt 0.667415 0.362642
vt 0.475418 0.023128
vt 0.685386 0.432528
vt 0.684593 0.464096
vt 0.665093 0.463728
vt 0.665881 0.432028
vt 0.683778 0.495687
vt 0.683037 0.527157
vt 0.663433 0.526702
vt 0.664281 0.495248
vt 0.682200 0.558567
vt 0.681295 0.590004
vt 0.661684 0.589570
vt 0.662540 0.558160
vt 0.680383 0.621419
vt 0.679501 0.652815
vt 0.659998 0.652291
vt 0.660863 0.620929
vt 0.678689 0.684193
vt 0.677914 0.715584
vt 0.658407 0.715106
vt 0.659185 0.683674
vt 0.677122 0.747034
vt 0.676346 0.778394
vt 0.656883 0.777906
vt 0.657641 0.746596
vt 0.675622 0.809862
vt 0.674927 0.841359
vt 0.655766 0.840829
vt 0.656075 0.809323
vt 0.674228 0.872687
vt 0.674705 0.904104
vt 0.658403 0.903750
vt 0.656093 0.872241
vt 0.677678 0.935565
vt 0.682729 0.037587
vt 0.672762 0.040276
vt 0.664147 0.935286
vt 0.649189 0.364970
vt 0.492352 0.028369
vt 0.647387 0.399023
vt 0.627016 0.399237
vt 0.630657 0.367294
vt 0.508681 0.032880
vt 0.646291 0.431764
vt 0.645426 0.463503
vt 0.624672 0.463151
vt 0.625287 0.431425
vt 0.644691 0.494797
vt 0.643913 0.526240
vt 0.624193 0.525742
vt 0.624453 0.494282
vt 0.643024 0.557695
vt 0.642175 0.589078
vt 0.622476 0.588566
vt 0.623520 0.557188
vt 0.641354 0.620429
vt 0.640509 0.651789
vt 0.619804 0.651261
vt 0.621042 0.619906
vt 0.639693 0.683179
vt 0.638896 0.714616
vt 0.619189 0.714106
vt 0.619391 0.682670
vt 0.638125 0.746054
vt 0.637360 0.777449
vt 0.618070 0.776932
vt 0.618561 0.745512
vt 0.636571 0.808850
vt 0.637330 0.840320
vt 0.621038 0.839893
vt 0.618357 0.808380
vt 0.640949 0.871861
vt 0.646552 0.903450
vt 0.635885 0.902847
vt 0.627810 0.871520
vt 0.653259 0.935007
vt 0.661748 0.041595
vt 0.649257 0.043741
vt 0.642400 0.933492
vt 0.610612 0.367668
vt 0.524849 0.034999
vt 0.604084 0.398858
vt 0.545205 0.299816
vt 0.538118 0.267900
vt 0.530443 0.235147
vt 0.601409 0.430672
vt 0.601451 0.462401
vt 0.556261 0.362222
vt 0.551640 0.330916
vt 0.602752 0.493758
vt 0.604106 0.525236
vt 0.556842 0.425573
vt 0.557421 0.393900
vt 0.604010 0.556675
vt 0.602371 0.588040
vt 0.557226 0.488457
vt 0.556295 0.457022
vt 0.599114 0.619340
vt 0.596668 0.650669
vt 0.564231 0.551358
vt 0.561041 0.519977
vt 0.597469 0.682113
vt 0.599086 0.713592
vt 0.561580 0.614644
vt 0.563316 0.582911
vt 0.599068 0.745010
vt 0.599568 0.776453
vt 0.562679 0.677534
vt 0.562279 0.646053
vt 0.602795 0.807984
vt 0.608297 0.839570
vt 0.556345 0.742394
vt 0.559978 0.709787
vt 0.615673 0.871192
vt 0.623201 0.901582
vt 0.552434 0.804143
vt 0.554030 0.774579
vt 0.629107 0.929473
vt 0.634272 0.049071
vt 0.617831 0.056052
vt 0.550971 0.828840
vt 0.614601 0.924202
vt 0.619497 0.945970
vt 0.609507 0.899988
vt 0.604024 0.870877
vt 0.597326 0.839287
vt 0.588548 0.807630
vt 0.581395 0.775995
vt 0.579580 0.744511
vt 0.578784 0.713072
vt 0.574738 0.681529
vt 0.572315 0.650042
vt 0.576380 0.618751
vt 0.582067 0.587508
vt 0.584509 0.556154
vt 0.583851 0.524707
vt 0.580193 0.493149
vt 0.576635 0.461462
vt 0.576005 0.429738
vt 0.579898 0.398200
vt 0.589815 0.367069
vt 0.602728 0.336025
vt 0.634199 0.956117
vt 0.648123 0.963804
vt 0.619037 0.336591
vt 0.635286 0.335246
vt 0.660491 0.966576
vt 0.671581 0.966862
vt 0.651411 0.330076
vt 0.668348 0.324893
vt 0.681901 0.967049
vt 0.694103 0.969093
vt 0.687143 0.323501
vt 0.706781 0.323987
vt 0.710972 0.974856
vt 0.730338 0.980371
vt 0.726259 0.324446
vt 0.745753 0.324934
vt 0.749955 0.981729
vt 0.769558 0.979833
vt 0.765422 0.325579
vt 0.785058 0.328019
vt 0.789206 0.975494
vt 0.807071 0.971459
vt 0.804860 0.334099
vt 0.824751 0.340217
vt 0.820877 0.970316
vt 0.835289 0.968277
vt 0.844339 0.342562
vt 0.862702 0.344456
vt 0.854995 0.961632
vt 0.876194 0.954493
vt 0.879006 0.349250
vt 0.894929 0.354126
vt 0.895293 0.951131
vt 0.913719 0.947021
vt 0.912328 0.356278
vt 0.931715 0.356195
vt 0.932788 0.937794
vt 0.952205 0.926008
vt 0.952069 0.918397
vt 0.952286 0.904832
vt 0.953252 0.879393
vt 0.954492 0.848000
vt 0.955350 0.816593
vt 0.957879 0.785240
vt 0.963917 0.753990
vt 0.968579 0.722718
vt 0.967025 0.691264
vt 0.963737 0.659761
vt 0.963178 0.628348
vt 0.965302 0.597059
vt 0.970060 0.565797
vt 0.975894 0.536871
vt 0.981206 0.512691
vt 0.984215 0.486066
vt 0.983104 0.449683
vt 0.980231 0.411655
vt 0.953380 0.354329
vt 0.976247 0.351537
vt 0.978060 0.380032
vt 0.361167 0.767219
vt 0.364855 0.729562
vt 0.688139 0.258915
vt 0.698152 0.254663
vt 0.707279 0.251417
vt 0.324452 0.758632
vt 0.366719 0.696514
vt 0.286231 0.747711
vt 0.370341 0.657054
vt 0.247978 0.744906
vt 0.371743 0.618236
vt 0.209734 0.739751
vt 0.372374 0.579780
vt 0.171479 0.744479
vt 0.370988 0.541451
vt 0.133215 0.744352
vt 0.368098 0.503108
vt 0.094855 0.738738
vt 0.368783 0.464664
vt 0.056282 0.739502
vt 0.365262 0.426304
vt 0.018022 0.762137
vt 0.352353 0.367977
vt 0.357027 0.387925
vt 0.016890 0.772002
vt 0.714886 0.250110
vt 0.721594 0.249307
vt 0.013431 0.781718
vt 0.009949 0.791929
vt 0.727665 0.247669
vt 0.734836 0.245348
vt 0.008739 0.803343
vt 0.008655 0.815307
vt 0.745295 0.242409
vt 0.757397 0.240351
vt 0.008558 0.827173
vt 0.008479 0.839049
vt 0.769382 0.240707
vt 0.781349 0.241761
vt 0.008491 0.851034
vt 0.009596 0.863035
vt 0.793626 0.241792
vt 0.804789 0.241335
vt 0.012916 0.875207
vt 0.016255 0.887433
vt 0.813222 0.240937
vt 0.822043 0.241812
vt 0.017305 0.899402
vt 0.018103 0.910617
vt 0.834247 0.245176
vt 0.847448 0.248461
vt 0.020706 0.920635
vt 0.023367 0.930422
vt 0.859202 0.249097
vt 0.870649 0.249733
vt 0.024341 0.941055
vt 0.023916 0.952854
vt 0.883085 0.253052
vt 0.231707 0.608045
vt 0.231767 0.603415
vt 0.231799 0.595166
vt 0.231774 0.579673
vt 0.231622 0.560557
vt 0.231273 0.541435
vt 0.230691 0.522295
vt 0.229793 0.502943
vt 0.229168 0.483699
vt 0.229373 0.464522
vt 0.230092 0.445255
vt 0.231054 0.426153
vt 0.231351 0.407029
vt 0.230078 0.387787
vt 0.228362 0.369894
vt 0.227327 0.354859
vt 0.227936 0.338564
vt 0.231238 0.316656
vt 0.235022 0.293736
vt 0.022361 0.966007
vt 0.237030 0.274525
vt 0.020220 0.979873
vt 0.054095 0.132109
vt 0.238154 0.257164
vt 0.549573 0.851110
vt 0.364004 0.743125
vt 0.541138 0.035993
vt 0.456939 0.241590
vt 0.959259 0.054102
vt 0.896083 0.257727
vn 0.009431 -0.996901 -0.078097
vn 0.008379 -0.998165 -0.059970
vn 0.030389 -0.997624 -0.061827
vn 0.030928 -0.996296 -0.080233
vn 0.088123 -0.993610 -0.070518
vn 0.089393 -0.991855 -0.090734
vn 0.024105 -0.999709 -0.001176
vn 0.088073 -0.996094 -0.006360
vn -0.001057 -0.999996 0.002775
vn 0.117856 -0.989643 -0.081961
vn 0.115488 -0.987933 -0.103206
vn 0.082602 -0.993412 -0.079431
vn 0.074742 -0.992445 -0.097292
vn 0.121936 -0.992437 -0.014147
vn 0.083977 -0.996389 -0.012538
vn 0.009839 -0.997863 -0.064599
vn 0.004961 -0.996429 -0.084290
vn -0.045006 -0.996932 -0.064043
vn -0.049700 -0.995059 -0.085952
vn 0.013035 -0.999914 -0.001769
vn -0.037563 -0.999292 0.001999
vn -0.058048 -0.995561 -0.074092
vn -0.063789 -0.992917 -0.100235
vn -0.024158 -0.996290 -0.082596
vn -0.028882 -0.993067 -0.113949
vn -0.051592 -0.998668 0.000736
vn -0.020055 -0.999799 0.000168
vn 0.008884 -0.996279 -0.085730
vn 0.008852 -0.992801 -0.119452
vn -0.011810 -0.996520 -0.082518
vn -0.009938 -0.993436 -0.113958
vn 0.008913 -0.999960 0.000174
vn -0.015063 -0.999887 0.000174
vn -0.038136 -0.996304 -0.076966
vn -0.035273 -0.993958 -0.103940
vn -0.027493 -0.996779 -0.075339
vn -0.028378 -0.994506 -0.100760
vn -0.042299 -0.999105 -0.000106
vn -0.026442 -0.999650 -0.000371
vn -0.017777 -0.997076 -0.074318
vn -0.019133 -0.994643 -0.101584
vn -0.049287 -0.997497 -0.050706
vn -0.039017 -0.996498 -0.073950
vn -0.015191 -0.999885 -0.000036
vn -0.057439 -0.998349 0.000264
vn -0.074327 -0.997206 0.007439
vn -0.058459 -0.998255 0.008326
vn -0.035499 -0.998285 0.046553
vn -0.033942 -0.997655 0.059438
vn -0.089449 -0.995988 0.002763
vn -0.043138 -0.998932 0.016546
vn 0.013892 -0.999659 0.022112
vn -0.001310 -0.999888 0.014900
vn 0.019819 -0.999346 -0.030261
vn 0.001429 -0.997905 -0.064675
vn 0.019750 -0.998968 0.040898
vn 0.039829 -0.997648 0.055787
vn -0.006092 -0.998022 -0.062571
vn -0.019325 -0.993543 -0.111794
vn -0.018143 -0.998075 -0.059308
vn -0.035214 -0.992267 -0.119020
vn 0.032642 -0.998335 0.047567
vn 0.045113 -0.997192 0.059782
vn -0.005940 -0.999519 0.030445
vn 0.019926 -0.999302 0.031593
vn 0.087587 -0.995714 0.029712
vn 0.030815 -0.997562 -0.062609
vn 0.092638 -0.994040 -0.057472
vn 0.009158 -0.996510 -0.082967
vn 0.123330 -0.991964 0.028242
vn 0.080106 -0.996181 0.034719
vn 0.120815 -0.991427 -0.049767
vn 0.063042 -0.997723 -0.023983
vn 0.008430 -0.998760 0.049075
vn -0.036090 -0.997714 0.057126
vn -0.012717 -0.999658 0.022876
vn -0.036399 -0.998148 0.048745
vn -0.046529 -0.997556 0.052135
vn -0.017949 -0.998810 0.045350
vn -0.029428 -0.999218 0.026430
vn -0.013148 -0.999911 -0.002126
vn 0.006832 -0.998859 0.047270
vn -0.015328 -0.998613 0.050364
vn -0.003159 -0.999985 0.004592
vn -0.015122 -0.999731 0.017569
vn -0.040100 -0.998170 0.045259
vn -0.023836 -0.999037 0.036826
vn -0.025953 -0.999663 -0.000610
vn -0.012595 -0.999367 -0.033270
vn -0.011832 -0.999499 0.029352
vn -0.049678 -0.998684 0.012742
vn -0.007602 -0.998665 -0.051088
vn -0.043413 -0.997651 -0.052998
vn -0.082475 -0.996505 -0.013279
vn -0.055424 -0.998354 -0.014733
vn -0.075990 -0.995862 -0.049839
vn -0.061990 -0.996909 -0.048260
vn -0.006771 -0.999609 0.027126
vn 0.031600 -0.996847 0.072790
vn -0.026722 -0.998431 -0.049208
vn 0.009437 -0.998709 -0.049906
vn 0.061390 -0.995106 0.077428
vn 0.077728 -0.995121 0.060772
vn 0.041882 -0.997689 -0.053496
vn 0.047044 -0.996057 -0.075210
vn 0.015422 -0.985276 -0.170274
vn 0.035121 -0.986106 -0.162362
vn 0.088483 -0.985149 -0.147146
vn 0.032595 -0.990500 -0.133591
vn 0.066440 -0.991067 -0.115641
vn 0.022523 -0.992339 -0.121477
vn 0.106581 -0.986990 -0.120376
vn 0.030738 -0.996848 -0.073144
vn 0.071573 -0.995967 -0.054097
vn -0.000537 -0.999990 0.004460
vn -0.047567 -0.998792 -0.012319
vn -0.033275 -0.999365 0.012764
vn -0.060511 -0.998054 0.015054
vn -0.017611 -0.999742 -0.014371
vn 0.004723 -0.999679 -0.024893
vn -0.002692 -0.997683 -0.067982
vn 0.036633 -0.997909 -0.053244
vn 0.010702 -0.996501 -0.082891
vn -0.020831 -0.997795 -0.063019
vn -0.015100 -0.998755 -0.047554
vn -0.028671 -0.994917 -0.096528
vn -0.015039 -0.994953 -0.099205
vn -0.000557 -0.997536 -0.070152
vn 0.007681 -0.993843 -0.110530
vn 0.013499 -0.994968 -0.099285
vn 0.018911 -0.994882 -0.099255
vn -0.004935 -0.991601 -0.129243
vn -0.052879 -0.991847 -0.115942
vn -0.004370 -0.995060 -0.099177
vn -0.061713 -0.993167 -0.099049
vn -0.086104 -0.992510 -0.086655
vn -0.054859 -0.995038 -0.083011
vn -0.093870 -0.990432 -0.101153
vn -0.042216 -0.992762 -0.112437
vn -0.008168 -0.992157 -0.124730
vn 0.005805 -0.985629 -0.168827
vn 0.019530 -0.990904 -0.133146
vn 0.017367 -0.988813 -0.148145
vn 0.005283 -0.985420 -0.170056
vn -0.003423 -0.986285 -0.165017
vn -0.007708 -0.990319 -0.138597
vn -0.014715 -0.993438 -0.113422
vn 0.041839 -0.998900 -0.021186
vn 0.039508 -0.998661 -0.033407
vn 0.035425 -0.999229 -0.016924
vn 0.043087 -0.994415 0.096342
vn 0.018954 -0.994948 0.098589
vn 0.050987 -0.993678 0.100020
vn 0.021292 -0.998525 0.049950
vn -0.010508 -0.996121 0.087370
vn 0.000270 -0.995765 0.091933
vn 0.010803 -0.998493 0.053803
vn -0.025590 -0.998993 0.036848
vn 0.010537 -0.999320 -0.035347
vn 0.027347 -0.999518 -0.014725
vn 0.026222 -0.998255 -0.052902
vn 0.043682 -0.997637 -0.053034
vn 0.019730 -0.998598 -0.049130
vn 0.017674 -0.999674 -0.018403
vn 0.012020 -0.999412 0.032117
vn -0.015208 -0.997319 -0.071576
vn -0.015067 -0.995784 -0.090482
vn 0.003119 -0.999290 0.037556
vn -0.015100 -0.999520 0.027059
vn -0.001164 -0.997754 -0.066982
vn 0.005213 -0.999762 -0.021210
vn -0.029641 -0.998352 0.049149
vn -0.027441 -0.994461 0.101465
vn -0.007598 -0.999953 0.006104
vn -0.051132 -0.998672 -0.006260
vn -0.023082 -0.988274 0.150940
vn -0.031245 -0.987146 0.156737
vn -0.075457 -0.995794 -0.051967
vn -0.030932 -0.995478 -0.089821
vn -0.032542 -0.994101 0.103460
vn -0.006995 -0.999398 0.033986
vn 0.020199 -0.996071 -0.086222
vn 0.017078 -0.998211 -0.057292
vn 0.014307 -0.999895 0.002157
vn 0.001230 -0.999904 0.013776
vn -0.005073 -0.999591 -0.028144
vn -0.011753 -0.999924 -0.003713
vn -0.020826 -0.998372 0.053110
vn -0.030310 -0.995820 0.086165
vn 0.027535 -0.988968 0.145548
vn 0.031706 -0.985822 0.164773
vn 0.032873 -0.986576 0.159961
vn 0.004625 -0.996177 0.087232
vn 0.057254 -0.993196 0.101410
vn -0.014593 -0.998818 0.046363
vn 0.040147 -0.995914 0.080892
vn 0.058254 -0.998038 -0.022957
vn 0.109884 -0.993625 0.025204
vn 0.108315 -0.991710 -0.069138
vn 0.057815 -0.995122 -0.079936
vn 0.010516 -0.997756 -0.066123
vn 0.061298 -0.993175 -0.099224
vn -0.017612 -0.997086 -0.074226
vn -0.031346 -0.999503 0.003319
vn -0.015041 -0.997070 0.075003
vn -0.070433 -0.996891 -0.035325
vn -0.038903 -0.999228 -0.005548
vn 0.007609 -0.994397 0.105432
vn -0.015031 -0.993970 0.108621
vn 0.003919 -0.999959 0.008187
vn -0.015147 -0.999825 0.010963
vn -0.049613 -0.991670 0.118864
vn -0.062854 -0.985773 0.155891
vn -0.059060 -0.998142 0.014960
vn -0.090633 -0.995269 0.034992
vn -0.054077 -0.975801 0.211867
vn -0.023074 -0.969928 0.242296
vn -0.089653 -0.993096 0.075652
vn -0.036497 -0.992185 0.119322
vn 0.012603 -0.976792 0.213820
vn 0.035823 -0.988871 0.144402
vn 0.029810 -0.989248 0.143176
vn 0.070538 -0.988739 0.131983
vn 0.033304 -0.996461 0.077176
vn -0.006293 -0.998860 0.047310
vn 0.067285 -0.993855 0.087891
vn 0.005405 -0.999239 0.038637
vn -0.047421 -0.996687 0.066082
vn -0.063688 -0.994539 0.082674
vn -0.056504 -0.998358 0.009428
vn -0.075138 -0.997134 -0.008783
vn -0.057724 -0.996235 -0.064679
vn -0.028194 -0.999067 -0.032726
vn 0.068524 -0.997649 -0.000584
vn -0.045925 -0.995344 -0.084744
vn 0.060764 -0.995993 -0.065611
vn -0.077962 -0.993063 -0.088022
vn 0.159462 -0.986836 -0.026955
vn 0.137267 -0.988332 -0.066019
vn 0.161976 -0.986410 -0.027549
vn 0.138934 -0.990291 0.004643
vn 0.053358 -0.996038 -0.071147
vn -0.030759 -0.997568 -0.062543
vn 0.053353 -0.998552 0.006848
vn -0.021717 -0.999631 -0.016352
vn -0.075473 -0.994571 -0.071635
vn -0.042645 -0.995310 -0.086831
vn -0.062061 -0.997122 -0.043549
vn -0.045051 -0.997894 -0.046680
vn -0.000281 -0.996140 -0.087783
vn -0.016676 -0.996554 -0.081249
vn -0.017056 -0.999738 -0.015243
vn -0.024738 -0.999531 0.018028
vn -0.060361 -0.994962 -0.080039
vn -0.099797 -0.991636 -0.081850
vn -0.053459 -0.998399 0.018508
vn -0.088460 -0.996034 -0.009519
vn -0.109137 -0.991147 -0.075611
vn -0.062445 -0.996931 -0.047217
vn -0.102824 -0.993676 -0.045121
vn -0.069686 -0.994893 -0.073023
vn 0.009245 -0.999951 0.003670
vn 0.073279 -0.996300 0.044912
vn -0.009233 -0.996537 -0.082637
vn 0.057542 -0.995969 -0.068806
vn 0.091203 -0.994779 0.045784
vn 0.030193 -0.999506 0.008719
vn 0.088370 -0.995299 -0.039640
vn 0.044508 -0.998725 -0.023842
vn -0.036454 -0.998172 -0.048203
vn -0.055635 -0.995350 -0.078627
vn -0.009780 -0.999026 -0.043034
vn -0.027326 -0.997540 -0.064560
vn -0.058903 -0.997498 -0.039097
vn -0.035716 -0.997344 -0.063478
vn 0.041340 -0.996688 -0.070024
vn -0.011797 -0.999349 0.034097
vn 0.029877 -0.999507 0.009666
vn -0.024382 -0.998048 0.057494
vn 0.119836 -0.992793 -0.000916
vn 0.119683 -0.990209 0.071848
vn 0.078240 -0.996517 0.028865
vn 0.096492 -0.993236 0.064584
vn 0.068118 -0.994652 0.077635
vn 0.000285 -0.999130 0.041697
vn 0.075932 -0.993536 0.084388
vn 0.012468 -0.996007 0.088402
vn -0.053534 -0.998370 0.019763
vn -0.062923 -0.997302 0.037803
vn -0.051930 -0.994741 0.088282
vn -0.075249 -0.993250 0.088277
vn -0.050466 -0.994750 0.089029
vn -0.038902 -0.990441 0.132342
vn -0.069638 -0.993654 0.088333
vn -0.046994 -0.994985 0.088299
vn -0.039383 -0.990354 0.132843
vn -0.062922 -0.993173 0.098223
vn -0.031901 -0.995577 0.088368
vn -0.048917 -0.994891 0.088318
vn -0.074565 -0.996088 0.047419
vn -0.038990 -0.999031 -0.020413
vn -0.052586 -0.995289 0.081449
vn 0.002778 -0.998875 0.047341
vn 0.012362 -0.995383 -0.095179
vn 0.047337 -0.990801 -0.126781
vn 0.056011 -0.998318 -0.014941
vn 0.045554 -0.997749 -0.049218
vn 0.056424 -0.994602 -0.087085
vn 0.030913 -0.999230 -0.024168
vn 0.012334 -0.999813 -0.014862
vn -0.003885 -0.998781 0.049202
vn 0.000421 -0.999987 0.005033
vn -0.010432 -0.999946 0.000315
vn -0.010943 -0.995534 0.093770
vn -0.013104 -0.995014 0.098876
vn -0.005222 -0.991999 0.126141
vn 0.005913 -0.993396 0.114581
vn 0.042830 -0.995955 0.078989
vn 0.017395 -0.996044 0.087141
vn 0.076192 -0.996120 0.044053
vn -0.000110 -0.994737 0.102461
vn 0.081436 -0.996258 0.028958
vn 0.084594 -0.996391 0.006998
vn 0.121572 -0.992024 -0.033304
vn 0.082124 -0.993666 -0.076708
vn 0.054543 -0.997632 0.041910
vn -0.002360 -0.995312 0.096689
vn 0.009556 -0.999319 -0.035634
vn -0.037939 -0.998517 0.039032
vn -0.052009 -0.991361 0.120411
vn -0.061174 -0.993277 0.098280
vn -0.054720 -0.995637 0.075589
vn -0.035908 -0.997481 0.061177
vn -0.050219 -0.997760 0.044197
vn -0.039203 -0.999231 -0.000421
vn -0.014775 -0.999735 0.017685
vn -0.024748 -0.999530 -0.018065
vn -0.039092 -0.999234 -0.001948
vn -0.060736 -0.997755 0.028230
vn -0.049789 -0.998506 -0.022497
vn -0.073752 -0.997173 -0.014356
vn -0.056504 -0.996596 0.060023
vn 0.021067 -0.997240 0.071191
vn -0.063084 -0.997900 -0.014697
vn 0.015880 -0.999850 -0.006910
vn 0.083430 -0.994768 0.058958
vn 0.043065 -0.997648 0.053328
vn 0.075812 -0.996781 0.026068
vn 0.030441 -0.997186 0.068512
vn -0.023074 -0.996503 0.080307
vn -0.039457 -0.991189 0.126442
vn -0.041558 -0.994178 0.099415
vn -0.054937 -0.991325 0.119401
vn -0.035950 -0.984171 0.173535
vn -0.035369 -0.979417 0.198724
vn -0.042390 -0.989453 0.138512
vn -0.042268 -0.985794 0.162557
vn 0.000601 -0.999488 0.031989
vn 0.028737 -0.999384 0.020159
vn 0.114944 -0.993304 -0.011591
vn 0.036795 -0.999322 0.001566
vn 0.136380 -0.990654 0.002235
vn 0.000000 -1.000000 -0.000000
vn 0.166681 -0.983590 -0.069045
vn 0.082385 -0.991348 -0.102188
vn 0.186915 -0.982375 0.001369
vn 0.082334 -0.996605 0.000314
vn -0.035880 -0.996713 -0.072631
vn -0.074412 -0.997096 -0.016182
vn -0.055877 -0.998438 -0.000222
vn -0.090740 -0.995875 -0.000215
vn -0.060409 -0.998067 0.014572
vn -0.021645 -0.999650 0.015211
vn -0.063699 -0.997969 -0.000016
vn -0.018435 -0.999830 0.000000
vn 0.005058 -0.999978 0.004329
vn -0.016680 -0.999851 -0.004410
vn 0.008950 -0.999960 0.000000
vn -0.015117 -0.999886 0.000000
vn -0.051134 -0.998637 -0.010431
vn -0.062921 -0.997461 -0.033347
vn -0.046277 -0.998922 -0.003691
vn -0.041025 -0.998887 -0.023293
vn -0.046936 -0.995990 -0.076161
vn 0.002189 -0.996137 -0.087783
vn -0.021137 -0.998083 -0.058161
vn -0.009581 -0.997392 -0.071544
vn 0.036097 -0.998803 -0.033021
vn 0.004474 -0.999142 0.041165
vn -0.007934 -0.999335 -0.035587
vn -0.020921 -0.999590 0.019570
vn -0.043661 -0.996387 0.072843
vn -0.044474 -0.997164 0.060721
vn -0.034724 -0.998597 0.039976
vn -0.026467 -0.999398 0.022429
vn -0.023147 -0.998773 0.043782
vn -0.019150 -0.998610 0.049106
vn -0.011530 -0.999918 0.005647
vn -0.006960 -0.999974 0.001669
vn 0.000000 -1.000000 0.000000
vn 0.034760 -0.999374 0.006650
vn 0.124497 -0.991658 0.033394
vn 0.036114 -0.999300 0.009735
vn 0.116787 -0.992088 0.046060
vn 0.000000 -1.000000 -0.000001
vn 0.167121 -0.982800 0.078583
vn 0.078039 -0.991173 0.107176
vn 0.148493 -0.983726 0.101158
vn 0.078189 -0.987307 0.138246
vn -0.040751 -0.995471 0.085884
vn -0.077108 -0.996343 0.036825
vn -0.022736 -0.993018 0.115749
vn -0.061992 -0.996769 0.051079
vn -0.059864 -0.998186 0.006372
vn -0.018054 -0.999837 0.000000
vn -0.055881 -0.998401 0.008512
vn -0.016223 -0.999869 0.000000
vn 0.008965 -0.999960 0.000000
vn -0.015117 -0.999886 0.000000
vn 0.009051 -0.999959 0.000000
vn -0.015118 -0.999886 0.000001
vn -0.043280 -0.999063 -0.000837
vn -0.029134 -0.999559 -0.005675
vn -0.042517 -0.999096 0.000000
vn -0.028142 -0.999604 0.000000
vn -0.007311 -0.999869 -0.014463
vn -0.015705 -0.999708 -0.018357
vn -0.004890 -0.999988 0.000000
vn -0.015633 -0.999878 0.000000
vn -0.032040 -0.999430 -0.010636
vn -0.032780 -0.999450 0.005095
vn -0.036896 -0.999319 0.000000
vn -0.035815 -0.999359 0.000000
vn -0.024893 -0.999627 0.011250
vn -0.016848 -0.999833 0.007151
vn -0.021969 -0.999759 0.000349
vn -0.014749 -0.999890 0.001476
vn -0.010605 -0.999935 0.004190
vn -0.008005 -0.999962 0.003394
vn -0.011151 -0.999933 0.003164
vn -0.009265 -0.999947 0.004574
vn -0.009432 0.996901 0.078096
vn -0.030944 0.996296 0.080229
vn -0.030401 0.997624 0.061827
vn -0.008380 0.998165 0.059976
vn -0.089404 0.991855 0.090721
vn -0.088136 0.993610 0.070510
vn -0.088085 0.996093 0.006360
vn -0.024113 0.999709 0.001177
vn 0.001057 0.999996 -0.002777
vn -0.115474 0.987936 0.103191
vn -0.117847 0.989644 0.081951
vn -0.074730 0.992449 0.097266
vn -0.082584 0.993415 0.079420
vn -0.083954 0.996391 0.012535
vn -0.121930 0.992438 0.014145
vn -0.004963 0.996432 0.084254
vn -0.009838 0.997864 0.064582
vn 0.049684 0.995061 0.085936
vn 0.044986 0.996933 0.064036
vn 0.037539 0.999293 -0.001998
vn -0.013031 0.999914 0.001768
vn 0.063782 0.992916 0.100245
vn 0.058041 0.995561 0.074094
vn 0.028888 0.993065 0.113963
vn 0.024162 0.996290 0.082603
vn 0.020057 0.999799 -0.000167
vn 0.051585 0.998668 -0.000736
vn -0.008859 0.992797 0.119480
vn -0.008895 0.996277 0.085746
vn 0.009940 0.993432 0.113994
vn 0.011815 0.996518 0.082538
vn 0.015070 0.999886 -0.000173
vn -0.008927 0.999960 -0.000174
vn 0.035267 0.993957 0.103952
vn 0.038136 0.996303 0.076975
vn 0.028376 0.994505 0.100766
vn 0.027487 0.996779 0.075344
vn 0.026433 0.999651 0.000371
vn 0.042305 0.999105 0.000106
vn 0.019140 0.994641 0.101598
vn 0.017782 0.997075 0.074328
vn 0.039020 0.996498 0.073951
vn 0.049291 0.997496 0.050717
vn 0.057443 0.998349 -0.000264
vn 0.015195 0.999885 0.000036
vn 0.058464 0.998255 -0.008319
vn 0.074332 0.997206 -0.007428
vn 0.033935 0.997657 -0.059412
vn 0.035497 0.998285 -0.046553
vn 0.043141 0.998932 -0.016540
vn 0.089453 0.995987 -0.002761
vn 0.001314 0.999889 -0.014873
vn -0.013893 0.999659 -0.022114
vn -0.001427 0.997904 0.064691
vn -0.019820 0.999345 0.030267
vn -0.039832 0.997648 -0.055785
vn -0.019754 0.998968 -0.040895
vn 0.019329 0.993543 0.111800
vn 0.006113 0.998020 0.062594
vn 0.035281 0.992262 0.119044
vn 0.018194 0.998072 0.059347
vn -0.045074 0.997194 -0.059776
vn -0.032629 0.998336 -0.047557
vn -0.019937 0.999302 -0.031593
vn 0.005940 0.999519 -0.030448
vn -0.087596 0.995713 -0.029712
vn -0.092642 0.994040 0.057460
vn -0.030822 0.997562 0.062612
vn -0.009160 0.996509 0.082987
vn -0.123323 0.991965 -0.028248
vn -0.080089 0.996183 -0.034719
vn -0.063035 0.997723 0.023995
vn -0.120811 0.991428 0.049759
vn -0.008428 0.998760 -0.049064
vn 0.036066 0.997716 -0.057112
vn 0.036386 0.998149 -0.048738
vn 0.012716 0.999658 -0.022853
vn 0.046523 0.997556 -0.052123
vn 0.017953 0.998810 -0.045342
vn 0.013150 0.999911 0.002114
vn 0.029424 0.999217 -0.026445
vn -0.006836 0.998858 -0.047281
vn 0.015333 0.998612 -0.050388
vn 0.015124 0.999731 -0.017580
vn 0.003167 0.999985 -0.004601
vn 0.040103 0.998169 -0.045275
vn 0.023831 0.999037 -0.036844
vn 0.012600 0.999367 0.033264
vn 0.025948 0.999663 0.000609
vn 0.011834 0.999499 -0.029373
vn 0.049681 0.998684 -0.012758
vn 0.043411 0.997651 0.052986
vn 0.007603 0.998666 0.051071
vn 0.082476 0.996505 0.013267
vn 0.055420 0.998354 0.014737
vn 0.061981 0.996910 0.048259
vn 0.075987 0.995863 0.049837
vn 0.006771 0.999609 -0.027114
vn -0.031600 0.996847 -0.072789
vn -0.009433 0.998709 0.049906
vn 0.026724 0.998431 0.049207
vn -0.061381 0.995107 -0.077431
vn -0.077695 0.995123 -0.060772
vn -0.047024 0.996058 0.075220
vn -0.041872 0.997690 0.053499
vn -0.035118 0.986103 0.162383
vn -0.015433 0.985272 0.170298
vn -0.088482 0.985147 0.147158
vn -0.066440 0.991066 0.115646
vn -0.032592 0.990500 0.133592
vn -0.022546 0.992338 0.121475
vn -0.106585 0.986988 0.120390
vn -0.030737 0.996846 0.073161
vn 0.000540 0.999990 -0.004452
vn -0.071582 0.995966 0.054106
vn 0.047566 0.998792 0.012332
vn 0.033277 0.999365 -0.012759
vn 0.017614 0.999742 0.014378
vn 0.060512 0.998054 -0.015050
vn -0.004721 0.999679 0.024890
vn 0.002690 0.997684 0.067974
vn -0.010701 0.996499 0.082913
vn -0.036633 0.997908 0.053263
vn 0.020837 0.997795 0.063017
vn 0.015097 0.998754 0.047565
vn 0.015038 0.994953 0.099209
vn 0.028674 0.994916 0.096543
vn 0.000552 0.997536 0.070159
vn -0.007670 0.993843 0.110531
vn -0.018907 0.994882 0.099256
vn -0.013497 0.994968 0.099278
vn 0.004933 0.991600 0.129249
vn 0.052874 0.991847 0.115952
vn 0.061716 0.993166 0.099060
vn 0.004362 0.995058 0.099195
vn 0.086103 0.992510 0.086657
vn 0.054851 0.995038 0.083007
vn 0.042210 0.992764 0.112415
vn 0.093879 0.990433 0.101143
vn 0.008165 0.992157 0.124729
vn -0.005799 0.985628 0.168829
vn -0.017365 0.988813 0.148148
vn -0.019541 0.990906 0.133132
vn -0.005274 0.985420 0.170057
vn 0.003421 0.986286 0.165010
vn 0.014722 0.993437 0.113430
vn 0.007718 0.990318 0.138606
vn -0.039506 0.998661 0.033404
vn -0.041864 0.998899 0.021186
vn -0.035422 0.999229 0.016915
vn -0.018949 0.994950 -0.098572
vn -0.043087 0.994417 -0.096329
vn -0.051007 0.993678 -0.100009
vn -0.021300 0.998524 -0.049965
vn 0.010511 0.996119 -0.087386
vn -0.010800 0.998493 -0.053810
vn -0.000269 0.995766 -0.091927
vn 0.025592 0.998993 -0.036863
vn -0.010539 0.999320 0.035334
vn -0.026223 0.998255 0.052903
vn -0.027349 0.999518 0.014723
vn -0.043686 0.997637 0.053024
vn -0.019728 0.998598 0.049122
vn -0.012021 0.999411 -0.032139
vn -0.017672 0.999675 0.018390
vn 0.015212 0.997319 0.071574
vn 0.015072 0.995784 0.090478
vn 0.015103 0.999520 -0.027061
vn -0.003120 0.999289 -0.037571
vn 0.001165 0.997753 0.066984
vn -0.005220 0.999761 0.021223
vn 0.027436 0.994460 -0.101468
vn 0.029637 0.998352 -0.049145
vn 0.007593 0.999953 -0.006097
vn 0.051143 0.998672 0.006258
vn 0.031253 0.987144 -0.156746
vn 0.023084 0.988272 -0.150952
vn 0.075467 0.995793 0.051971
vn 0.030930 0.995477 0.089827
vn 0.006992 0.999399 -0.033967
vn 0.032542 0.994102 -0.103455
vn -0.020213 0.996071 0.086221
vn -0.017087 0.998211 0.057295
vn -0.001236 0.999904 -0.013782
vn -0.014313 0.999895 -0.002142
vn 0.005088 0.999591 0.028154
vn 0.011773 0.999924 0.003724
vn 0.030321 0.995819 -0.086167
vn 0.020834 0.998371 -0.053121
vn -0.031706 0.985821 -0.164777
vn -0.027546 0.988968 -0.145547
vn -0.032870 0.986575 -0.159967
vn -0.057248 0.993195 -0.101424
vn -0.004622 0.996177 -0.087236
vn 0.014588 0.998818 -0.046362
vn -0.040142 0.995914 -0.080892
vn -0.058249 0.998038 0.022961
vn -0.108313 0.991711 0.069126
vn -0.109883 0.993625 -0.025223
vn -0.057820 0.995122 0.079937
vn -0.010514 0.997756 0.066119
vn 0.017611 0.997086 0.074224
vn -0.061300 0.993176 0.099216
vn 0.031350 0.999503 -0.003315
vn 0.015038 0.997071 -0.074989
vn 0.038904 0.999228 0.005550
vn 0.070429 0.996891 0.035332
vn -0.007611 0.994399 -0.105422
vn 0.015028 0.993971 -0.108613
vn 0.015142 0.999825 -0.010973
vn -0.003915 0.999959 -0.008196
vn 0.049610 0.991672 -0.118854
vn 0.062853 0.985774 -0.155880
vn 0.090629 0.995270 -0.035001
vn 0.059059 0.998142 -0.014971
vn 0.054085 0.975802 -0.211860
vn 0.023082 0.969927 -0.242300
vn 0.036510 0.992185 -0.119315
vn 0.089659 0.993096 -0.075649
vn -0.012610 0.976790 -0.213828
vn -0.035829 0.988869 -0.144410
vn -0.070544 0.988739 -0.131982
vn -0.029816 0.989249 -0.143172
vn -0.033303 0.996460 -0.077188
vn 0.006292 0.998860 -0.047320
vn -0.005411 0.999239 -0.038631
vn -0.067282 0.993855 -0.087890
vn 0.047419 0.996687 -0.066078
vn 0.063693 0.994540 -0.082660
vn 0.075144 0.997134 0.008787
vn 0.056500 0.998358 -0.009420
vn 0.028197 0.999067 0.032720
vn 0.057718 0.996236 0.064670
vn -0.068517 0.997650 0.000585
vn -0.060762 0.995994 0.065606
vn 0.045927 0.995344 0.084738
vn 0.077956 0.993064 0.088019
vn -0.159462 0.986836 0.026962
vn -0.137267 0.988331 0.066024
vn -0.138932 0.990291 -0.004635
vn -0.161980 0.986409 0.027552
vn -0.053361 0.996037 0.071151
vn 0.030755 0.997568 0.062546
vn 0.021717 0.999630 0.016354
vn -0.053356 0.998552 -0.006840
vn 0.075473 0.994572 0.071628
vn 0.042652 0.995311 0.086814
vn 0.045052 0.997893 0.046689
vn 0.062066 0.997122 0.043548
vn 0.000279 0.996140 0.087776
vn 0.016671 0.996554 0.081250
vn 0.024737 0.999531 -0.018026
vn 0.017052 0.999738 0.015255
vn 0.060367 0.994963 0.080029
vn 0.099793 0.991638 0.081826
vn 0.088463 0.996034 0.009534
vn 0.053463 0.998398 -0.018499
vn 0.109136 0.991149 0.075588
vn 0.062451 0.996931 0.047211
vn 0.069680 0.994893 0.073021
vn 0.102826 0.993675 0.045121
vn -0.009253 0.999951 -0.003658
vn -0.073285 0.996300 -0.044894
vn -0.057545 0.995969 0.068803
vn 0.009223 0.996537 0.082639
vn -0.091199 0.994780 -0.045771
vn -0.030194 0.999506 -0.008723
vn -0.044502 0.998725 0.023823
vn -0.088360 0.995300 0.039628
vn 0.036453 0.998173 0.048185
vn 0.055638 0.995352 0.078606
vn 0.027322 0.997540 0.064552
vn 0.009777 0.999026 0.043022
vn 0.035719 0.997343 0.063486
vn 0.058896 0.997498 0.039104
vn -0.041334 0.996688 0.070026
vn -0.029868 0.999507 -0.009663
vn 0.011798 0.999349 -0.034096
vn 0.024372 0.998048 -0.057494
vn -0.119842 0.992793 0.000910
vn -0.119686 0.990209 -0.071849
vn -0.096500 0.993235 -0.064589
vn -0.078244 0.996516 -0.028865
vn -0.068122 0.994652 -0.077627
vn -0.000284 0.999131 -0.041684
vn -0.012473 0.996007 -0.088405
vn -0.075936 0.993535 -0.084395
vn 0.053540 0.998370 -0.019748
vn 0.062921 0.997303 -0.037792
vn 0.075256 0.993249 -0.088278
vn 0.051934 0.994741 -0.088276
vn 0.050469 0.994750 -0.089025
vn 0.038903 0.990441 -0.132340
vn 0.046991 0.994985 -0.088299
vn 0.069640 0.993653 -0.088341
vn 0.039377 0.990356 -0.132835
vn 0.062929 0.993174 -0.098211
vn 0.048925 0.994889 -0.088334
vn 0.031898 0.995577 -0.088375
vn 0.074574 0.996088 -0.047411
vn 0.038982 0.999031 0.020414
vn -0.002787 0.998875 -0.047340
vn 0.052593 0.995288 -0.081458
vn -0.012370 0.995384 0.095174
vn -0.047338 0.990802 0.126772
vn -0.045552 0.997749 0.049211
vn -0.056013 0.998318 0.014941
vn -0.056413 0.994603 0.087078
vn -0.030909 0.999230 0.024171
vn 0.003883 0.998783 -0.049174
vn -0.012336 0.999813 0.014869
vn -0.000427 0.999987 -0.005026
vn 0.010427 0.999946 -0.000305
vn 0.013106 0.995014 -0.098867
vn 0.010939 0.995536 -0.093746
vn -0.005909 0.993395 -0.114596
vn 0.005217 0.991997 -0.126151
vn -0.042828 0.995954 -0.078998
vn -0.076198 0.996119 -0.044053
vn -0.017391 0.996043 -0.087152
vn 0.000110 0.994735 -0.102480
vn -0.081439 0.996258 -0.028951
vn -0.084601 0.996390 -0.006988
vn -0.082124 0.993666 0.076710
vn -0.121579 0.992023 0.033310
vn -0.054544 0.997632 -0.041905
vn 0.002357 0.995311 -0.096696
vn 0.037939 0.998517 -0.039044
vn -0.009551 0.999320 0.035623
vn 0.052007 0.991360 -0.120421
vn 0.061185 0.993276 -0.098281
vn 0.035911 0.997481 -0.061178
vn 0.054715 0.995636 -0.075597
vn 0.050219 0.997760 -0.044194
vn 0.039202 0.999231 0.000415
vn 0.024753 0.999530 0.018068
vn 0.014776 0.999735 -0.017680
vn 0.039092 0.999234 0.001940
vn 0.060741 0.997754 -0.028228
vn 0.073751 0.997173 0.014367
vn 0.049784 0.998507 0.022501
vn 0.056506 0.996597 -0.060015
vn -0.021079 0.997241 -0.071180
vn -0.015887 0.999850 0.006909
vn 0.063087 0.997900 0.014708
vn -0.083425 0.994769 -0.058951
vn -0.043062 0.997648 -0.053326
vn -0.030438 0.997185 -0.068520
vn -0.075803 0.996782 -0.026077
vn 0.023064 0.996503 -0.080307
vn 0.039456 0.991188 -0.126447
vn 0.054936 0.991324 -0.119413
vn 0.041551 0.994177 -0.099427
vn 0.035957 0.984170 -0.173540
vn 0.035383 0.979417 -0.198723
vn 0.042284 0.985789 -0.162581
vn 0.042397 0.989450 -0.138530
vn -0.028740 0.999384 -0.020159
vn -0.000601 0.999488 -0.031999
vn -0.114953 0.993303 0.011597
vn -0.136389 0.990653 -0.002235
vn -0.036803 0.999321 -0.001566
vn 0.000000 1.000000 0.000000
vn -0.166686 0.983590 0.069045
vn -0.082378 0.991350 0.102176
vn -0.082323 0.996606 -0.000314
vn -0.186916 0.982375 -0.001369
vn 0.035885 0.996714 0.072619
vn 0.074404 0.997097 0.016183
vn 0.090727 0.995876 0.000215
vn 0.055880 0.998438 0.000222
vn 0.060407 0.998068 -0.014568
vn 0.021646 0.999650 -0.015216
vn 0.018439 0.999830 0.000000
vn 0.063701 0.997969 0.000016
vn -0.005057 0.999978 -0.004337
vn 0.016684 0.999851 0.004405
vn 0.015120 0.999886 -0.000000
vn -0.008949 0.999960 0.000000
vn 0.051128 0.998638 0.010428
vn 0.062916 0.997462 0.033346
vn 0.041019 0.998887 0.023298
vn 0.046268 0.998922 0.003695
vn 0.046938 0.995990 0.076169
vn -0.002187 0.996137 0.087791
vn 0.009584 0.997391 0.071549
vn 0.021135 0.998083 0.058164
vn -0.036092 0.998803 0.033026
vn -0.004471 0.999143 -0.041161
vn 0.020924 0.999590 -0.019558
vn 0.007942 0.999335 0.035594
vn 0.043659 0.996387 -0.072854
vn 0.044469 0.997163 -0.060729
vn 0.026457 0.999398 -0.022438
vn 0.034729 0.998597 -0.039965
vn 0.023152 0.998773 -0.043772
vn 0.019168 0.998610 -0.049099
vn 0.006991 0.999974 -0.001677
vn 0.011539 0.999917 -0.005662
vn -0.034770 0.999373 -0.006647
vn 0.000000 1.000000 0.000000
vn -0.124507 0.991657 -0.033385
vn -0.116795 0.992088 -0.046040
vn -0.036128 0.999300 -0.009727
vn 0.000000 1.000000 0.000000
vn -0.167117 0.982801 -0.078577
vn -0.078030 0.991174 -0.107173
vn -0.078182 0.987309 -0.138236
vn -0.148485 0.983729 -0.101142
vn 0.040755 0.995472 -0.085880
vn 0.077098 0.996343 -0.036830
vn 0.061985 0.996770 -0.051064
vn 0.022738 0.993020 -0.115730
vn 0.059863 0.998186 -0.006377
vn 0.018057 0.999837 -0.000000
vn 0.016225 0.999868 -0.000000
vn 0.055876 0.998402 -0.008510
vn -0.008964 0.999960 -0.000000
vn 0.015120 0.999886 -0.000000
vn 0.015121 0.999886 0.000000
vn -0.009050 0.999959 -0.000000
vn 0.043268 0.999063 0.000838
vn 0.029134 0.999559 0.005673
vn 0.028143 0.999604 0.000000
vn 0.042505 0.999096 0.000000
vn 0.007311 0.999869 0.014453
vn 0.015705 0.999708 0.018348
vn 0.015628 0.999878 0.000000
vn 0.004892 0.999988 0.000000
vn 0.032053 0.999430 0.010623
vn 0.032779 0.999450 -0.005109
vn 0.035809 0.999359 -0.000000
vn 0.036913 0.999318 -0.000000
vn 0.024900 0.999627 -0.011246
vn 0.016836 0.999833 -0.007138
vn 0.014748 0.999890 -0.001474
vn 0.021971 0.999759 -0.000349
vn 0.010606 0.999935 -0.004194
vn 0.008041 0.999962 -0.003410
vn 0.009307 0.999946 -0.004594
vn 0.011140 0.999933 -0.003167
vn -0.079121 -0.446038 0.891510
vn -0.079121 -0.446038 0.891510
vn -0.079121 -0.446038 0.891510
vn -0.079121 -0.446038 0.891510
vn -0.840658 -0.516253 -0.163635
vn -0.840658 -0.516253 -0.163635
vn -0.840658 -0.516253 -0.163635
vn -0.840658 -0.516253 -0.163635
vn -0.067604 -0.440392 0.895257
vn -0.067604 -0.440392 0.895257
vn -0.067604 -0.440392 0.895257
vn -0.067604 -0.440392 0.895257
vn -0.838211 -0.532822 -0.116207
vn -0.838211 -0.532822 -0.116207
vn -0.838211 -0.532822 -0.116207
vn -0.838211 -0.532822 -0.116207
vn -0.050944 -0.433127 0.899892
vn -0.050944 -0.433127 0.899892
vn -0.050944 -0.433127 0.899892
vn -0.050944 -0.433127 0.899892
vn -0.011589 -0.418362 0.908207
vn -0.011589 -0.418362 0.908206
vn -0.011589 -0.418362 0.908206
vn -0.011589 -0.418362 0.908206
vn 0.096053 -0.381784 0.919247
vn 0.096053 -0.381784 0.919247
vn 0.096053 -0.381784 0.919247
vn 0.096053 -0.381784 0.919247
vn 0.169811 -0.357349 0.918404
vn 0.169811 -0.357349 0.918404
vn 0.169811 -0.357349 0.918404
vn 0.169811 -0.357349 0.918404
vn 0.141566 -0.365703 0.919903
vn 0.141566 -0.365703 0.919903
vn 0.141566 -0.365703 0.919903
vn 0.141566 -0.365703 0.919902
vn 0.100938 -0.374888 0.921559
vn 0.100938 -0.374888 0.921559
vn 0.100938 -0.374888 0.921559
vn 0.100938 -0.374888 0.921559
vn 0.042488 -0.383438 0.922589
vn 0.042488 -0.383439 0.922589
vn 0.042488 -0.383439 0.922589
vn 0.042488 -0.383439 0.922589
vn -0.035527 -0.388084 0.920939
vn -0.035527 -0.388084 0.920939
vn -0.035527 -0.388084 0.920939
vn -0.035527 -0.388084 0.920939
vn -0.132554 -0.384740 0.913457
vn -0.132554 -0.384740 0.913457
vn -0.132554 -0.384740 0.913457
vn -0.132554 -0.384740 0.913457
vn -0.084387 -0.389777 0.917035
vn -0.084387 -0.389777 0.917035
vn -0.084387 -0.389777 0.917035
vn -0.084387 -0.389777 0.917035
vn 0.109467 -0.412111 0.904534
vn 0.109467 -0.412111 0.904534
vn 0.109467 -0.412111 0.904534
vn 0.109467 -0.412111 0.904534
vn 0.148375 -0.417075 0.896679
vn 0.148375 -0.417075 0.896679
vn 0.148375 -0.417075 0.896679
vn 0.148375 -0.417075 0.896679
vn 0.037570 -0.394451 0.918149
vn 0.037570 -0.394451 0.918149
vn 0.037570 -0.394451 0.918149
vn 0.037570 -0.394451 0.918149
vn -0.010873 -0.379981 0.924931
vn -0.010873 -0.379981 0.924931
vn -0.010873 -0.379981 0.924930
vn -0.010873 -0.379981 0.924931
vn 0.005064 -0.385831 0.922556
vn 0.005064 -0.385831 0.922556
vn 0.005064 -0.385831 0.922556
vn 0.005064 -0.385831 0.922556
vn 0.008723 -0.387383 0.921878
vn 0.008723 -0.387383 0.921878
vn 0.008723 -0.387383 0.921878
vn 0.008723 -0.387383 0.921878
vn -0.011481 -0.377723 0.925847
vn -0.011481 -0.377723 0.925847
vn -0.011481 -0.377723 0.925847
vn -0.011481 -0.377723 0.925847
vn -0.045455 -0.360123 0.931797
vn -0.045455 -0.360123 0.931797
vn -0.045455 -0.360123 0.931797
vn -0.045455 -0.360123 0.931797
vn 0.701865 -0.591911 0.396267
vn 0.701865 -0.591911 0.396267
vn 0.701865 -0.591911 0.396267
vn 0.701865 -0.591911 0.396267
vn 0.728027 -0.590600 0.348094
vn 0.728027 -0.590600 0.348094
vn 0.728027 -0.590600 0.348094
vn 0.728027 -0.590600 0.348094
vn -0.826235 -0.563324 -0.000850
vn -0.826235 -0.563324 -0.000850
vn -0.826236 -0.563324 -0.000850
vn -0.826236 -0.563324 -0.000850
vn -0.810107 -0.579164 0.091080
vn -0.810107 -0.579164 0.091080
vn -0.810107 -0.579164 0.091080
vn -0.810107 -0.579164 0.091080
vn 0.779865 -0.584123 0.224968
vn 0.779865 -0.584123 0.224968
vn 0.779865 -0.584123 0.224968
vn 0.779865 -0.584123 0.224968
vn 0.795401 -0.580189 0.175268
vn 0.795401 -0.580189 0.175268
vn 0.795401 -0.580189 0.175268
vn 0.795401 -0.580189 0.175268
vn -0.799729 -0.584095 0.138805
vn -0.799729 -0.584095 0.138805
vn -0.799729 -0.584095 0.138805
vn -0.799729 -0.584095 0.138805
vn -0.804105 -0.582651 0.118041
vn -0.804105 -0.582651 0.118041
vn -0.804105 -0.582651 0.118041
vn -0.804105 -0.582651 0.118041
vn 0.783255 -0.582354 0.217661
vn 0.783255 -0.582354 0.217661
vn 0.783255 -0.582354 0.217661
vn 0.783255 -0.582354 0.217661
vn 0.787442 -0.582232 0.202340
vn 0.787442 -0.582232 0.202340
vn 0.787442 -0.582232 0.202340
vn 0.787442 -0.582232 0.202340
vn -0.816283 -0.576538 0.035850
vn -0.816283 -0.576538 0.035850
vn -0.816283 -0.576538 0.035850
vn -0.816283 -0.576538 0.035850
vn -0.807896 -0.580009 0.104377
vn -0.807895 -0.580009 0.104377
vn -0.807896 -0.580009 0.104377
vn -0.807896 -0.580009 0.104377
vn 0.808604 -0.580711 0.094516
vn 0.808604 -0.580711 0.094516
vn 0.808604 -0.580711 0.094516
vn 0.808604 -0.580711 0.094516
vn 0.804017 -0.581187 0.125612
vn 0.804017 -0.581187 0.125612
vn 0.804017 -0.581187 0.125612
vn 0.804017 -0.581187 0.125612
vn -0.767011 -0.568958 0.296616
vn -0.767011 -0.568958 0.296616
vn -0.767011 -0.568958 0.296616
vn -0.767011 -0.568958 0.296616
vn -0.773048 -0.572216 0.273800
vn -0.773048 -0.572216 0.273800
vn -0.773048 -0.572216 0.273800
vn -0.773048 -0.572216 0.273800
vn 0.769959 -0.571124 0.284571
vn 0.769959 -0.571124 0.284571
vn 0.769959 -0.571124 0.284571
vn 0.769959 -0.571124 0.284571
vn 0.779137 -0.575928 0.247492
vn 0.779137 -0.575928 0.247492
vn 0.779137 -0.575929 0.247492
vn 0.779137 -0.575929 0.247492
vn -0.803948 -0.594131 0.025999
vn -0.803948 -0.594131 0.025999
vn -0.803948 -0.594131 0.025999
vn -0.803948 -0.594131 0.025999
vn -0.799640 -0.595222 -0.079284
vn -0.799641 -0.595222 -0.079284
vn -0.799640 -0.595222 -0.079284
vn -0.799640 -0.595222 -0.079284
vn 0.803574 -0.592882 0.052528
vn 0.803574 -0.592882 0.052528
vn 0.803574 -0.592882 0.052528
vn 0.803574 -0.592882 0.052528
vn 0.796786 -0.594139 -0.110144
vn 0.796786 -0.594139 -0.110144
vn 0.796786 -0.594139 -0.110144
vn 0.796786 -0.594139 -0.110144
vn -0.804034 -0.593999 -0.026368
vn -0.804034 -0.593999 -0.026368
vn -0.804034 -0.593999 -0.026368
vn -0.804034 -0.593999 -0.026368
vn -0.807241 -0.589641 0.026174
vn -0.807241 -0.589641 0.026174
vn -0.807241 -0.589641 0.026174
vn -0.807241 -0.589641 0.026174
vn 0.776227 -0.588565 -0.225973
vn 0.776227 -0.588565 -0.225973
vn 0.776227 -0.588565 -0.225973
vn 0.776227 -0.588565 -0.225973
vn 0.778722 -0.589085 -0.215802
vn 0.778722 -0.589085 -0.215802
vn 0.778722 -0.589085 -0.215802
vn 0.778722 -0.589085 -0.215802
vn -0.809266 -0.582300 0.077563
vn -0.809266 -0.582300 0.077563
vn -0.809266 -0.582300 0.077563
vn -0.809266 -0.582300 0.077563
vn -0.803922 -0.594731 0.002014
vn -0.803922 -0.594731 0.002014
vn -0.803922 -0.594731 0.002014
vn -0.803922 -0.594731 0.002014
vn 0.815302 -0.579023 0.003861
vn 0.815302 -0.579023 0.003861
vn 0.815302 -0.579023 0.003861
vn 0.815302 -0.579023 0.003861
vn 0.819319 -0.554895 0.144249
vn 0.819319 -0.554895 0.144249
vn 0.819319 -0.554895 0.144249
vn 0.819319 -0.554895 0.144249
vn -0.755297 -0.616897 -0.221280
vn -0.755297 -0.616897 -0.221280
vn -0.755297 -0.616897 -0.221280
vn -0.755297 -0.616897 -0.221280
vn -0.741887 -0.618441 -0.259102
vn -0.741887 -0.618441 -0.259102
vn -0.741887 -0.618441 -0.259102
vn -0.741887 -0.618441 -0.259102
vn 0.817092 -0.574750 0.044991
vn 0.817092 -0.574750 0.044991
vn 0.817092 -0.574750 0.044991
vn 0.817092 -0.574750 0.044991
vn 0.785155 -0.599902 -0.153783
vn 0.785155 -0.599902 -0.153783
vn 0.785155 -0.599902 -0.153783
vn 0.785155 -0.599902 -0.153783
vn -0.795977 -0.599154 -0.086229
vn -0.795977 -0.599154 -0.086229
vn -0.795977 -0.599154 -0.086229
vn -0.795977 -0.599154 -0.086229
vn -0.221017 -0.506356 -0.833520
vn -0.221017 -0.506356 -0.833520
vn -0.221017 -0.506356 -0.833520
vn -0.221017 -0.506356 -0.833520
vn -0.304019 -0.538683 -0.785744
vn -0.304019 -0.538683 -0.785744
vn -0.304019 -0.538683 -0.785744
vn -0.304019 -0.538683 -0.785744
vn -0.815844 -0.578218 0.007937
vn -0.815844 -0.578218 0.007937
vn -0.815844 -0.578218 0.007937
vn -0.815844 -0.578218 0.007937
vn 0.089374 -0.379331 -0.920934
vn 0.089374 -0.379331 -0.920934
vn 0.089374 -0.379331 -0.920934
vn 0.089374 -0.379331 -0.920934
vn -0.033906 -0.431174 -0.901632
vn -0.033906 -0.431174 -0.901632
vn -0.033906 -0.431174 -0.901632
vn -0.033906 -0.431174 -0.901632
vn 0.121034 -0.365469 -0.922921
vn 0.121034 -0.365469 -0.922921
vn 0.121034 -0.365469 -0.922921
vn 0.121034 -0.365469 -0.922921
vn 0.142428 -0.357989 -0.922799
vn 0.142428 -0.357989 -0.922799
vn 0.142428 -0.357989 -0.922799
vn 0.142428 -0.357989 -0.922799
vn -0.065762 -0.406355 -0.911346
vn -0.065762 -0.406355 -0.911346
vn -0.065762 -0.406355 -0.911346
vn -0.065762 -0.406355 -0.911346
vn 0.020998 -0.391888 -0.919773
vn 0.020998 -0.391888 -0.919773
vn 0.020998 -0.391888 -0.919773
vn 0.020998 -0.391888 -0.919773
vn -0.089695 -0.411197 -0.907123
vn -0.089695 -0.411197 -0.907123
vn -0.089695 -0.411197 -0.907123
vn -0.089695 -0.411197 -0.907123
vn -0.136435 -0.411684 -0.901056
vn -0.136435 -0.411684 -0.901056
vn -0.136435 -0.411684 -0.901056
vn -0.136435 -0.411684 -0.901056
vn 0.121128 -0.412749 -0.902755
vn 0.121128 -0.412749 -0.902755
vn 0.121128 -0.412749 -0.902755
vn 0.121128 -0.412749 -0.902755
vn 0.077316 -0.411897 -0.907944
vn 0.077316 -0.411897 -0.907944
vn 0.077316 -0.411897 -0.907944
vn 0.077316 -0.411897 -0.907944
vn 0.074905 -0.410855 -0.908618
vn 0.074905 -0.410855 -0.908618
vn 0.074905 -0.410855 -0.908618
vn 0.074905 -0.410855 -0.908618
vn 0.044470 -0.406122 -0.912736
vn 0.044470 -0.406122 -0.912736
vn 0.044470 -0.406122 -0.912736
vn 0.044470 -0.406122 -0.912736
vn 0.242968 -0.442289 -0.863335
vn 0.242968 -0.442289 -0.863335
vn 0.242968 -0.442289 -0.863335
vn 0.242968 -0.442289 -0.863335
vn 0.205436 -0.434496 -0.876932
vn 0.205436 -0.434496 -0.876932
vn 0.205436 -0.434496 -0.876932
vn 0.205436 -0.434496 -0.876932
vn 0.184077 -0.424852 -0.886350
vn 0.184077 -0.424852 -0.886350
vn 0.184077 -0.424852 -0.886350
vn 0.184077 -0.424852 -0.886350
vn 0.199122 -0.430197 -0.880500
vn 0.199122 -0.430197 -0.880500
vn 0.199123 -0.430197 -0.880501
vn 0.199122 -0.430197 -0.880500
vn 0.708591 -0.602916 -0.366594
vn 0.708591 -0.602916 -0.366594
vn 0.708591 -0.602916 -0.366594
vn 0.708591 -0.602916 -0.366594
vn 0.671458 -0.598424 -0.437073
vn 0.671458 -0.598424 -0.437072
vn 0.671458 -0.598424 -0.437072
vn 0.671458 -0.598424 -0.437073
vn 0.216903 -0.439050 -0.871888
vn 0.216903 -0.439050 -0.871888
vn 0.216903 -0.439050 -0.871888
vn 0.216903 -0.439050 -0.871888
vn 0.203912 -0.433085 -0.877985
vn 0.203912 -0.433085 -0.877985
vn 0.203912 -0.433085 -0.877985
vn 0.203912 -0.433085 -0.877985
s 1
g pPlane3
usemtl initialShadingGroup
f 442/1042/1 445/1040/2 444/3/3 443/4/4
f 443/4/4 444/3/3 447/5/5 446/6/6
f 444/3/3 449/7/7 448/8/8 447/5/5
f 445/1040/2 450/1019/9 449/7/7 444/3/3
f 446/6/6 447/5/5 452/10/10 451/11/11
f 451/11/11 452/10/10 454/12/12 453/13/13
f 452/10/10 456/14/14 455/15/15 454/12/12
f 447/5/5 448/8/8 456/14/14 452/10/10
f 453/13/13 454/12/12 458/16/16 457/17/17
f 457/17/17 458/16/16 460/18/18 459/19/19
f 458/16/16 462/20/20 461/21/21 460/18/18
f 454/12/12 455/15/15 462/20/20 458/16/16
f 459/19/19 460/18/18 464/22/22 463/23/23
f 463/23/23 464/22/22 466/24/24 465/25/25
f 464/22/22 468/26/26 467/27/27 466/24/24
f 460/18/18 461/21/21 468/26/26 464/22/22
f 465/25/25 466/24/24 470/28/28 469/29/29
f 469/29/29 470/28/28 472/30/30 471/31/31
f 470/28/28 474/32/32 473/33/33 472/30/30
f 466/24/24 467/27/27 474/32/32 470/28/28
f 471/31/31 472/30/30 476/34/34 475/35/35
f 475/35/35 476/34/34 478/36/36 477/37/37
f 476/34/34 480/38/38 479/39/39 478/36/36
f 472/30/30 473/33/33 480/38/38 476/34/34
f 477/37/37 478/36/36 482/40/40 481/41/41
f 481/41/41 482/40/40 484/42/42 483/43/43
f 482/40/40 486/44/44 485/45/45 484/42/42
f 478/36/36 479/39/39 486/44/44 482/40/40
f 483/43/43 484/42/42 488/46/46 487/47/47
f 487/47/47 488/46/46 490/48/48 489/49/49
f 488/46/46 492/50/50 491/51/51 490/48/48
f 484/42/42 485/45/45 492/50/50 488/46/46
f 489/49/49 490/48/48 494/52/52 493/53/53
f 493/53/53 494/52/52 496/54/54 495/55/55
f 494/52/52 498/56/56 497/57/57 496/54/54
f 490/48/48 491/51/51 498/56/56 494/52/52
f 495/55/55 496/54/54 500/58/58 499/59/59
f 499/59/59 500/58/58 502/60/60 501/61/61
f 500/58/58 504/62/62 503/63/63 502/60/60
f 496/54/54 497/57/57 504/62/62 500/58/58
f 450/1019/9 506/1018/64 505/65/65 449/7/7
f 449/7/7 505/65/65 507/66/66 448/8/8
f 505/65/65 509/67/67 508/68/68 507/66/66
f 506/1018/64 510/1015/69 509/67/67 505/65/65
f 448/8/8 507/66/66 511/70/70 456/14/14
f 456/14/14 511/70/70 512/71/71 455/15/15
f 511/70/70 514/72/72 513/73/73 512/71/71
f 507/66/66 508/68/68 514/72/72 511/70/70
f 455/15/15 512/71/71 515/74/74 462/20/20
f 462/20/20 515/74/74 516/75/75 461/21/21
f 515/74/74 518/76/76 517/77/77 516/75/75
f 512/71/71 513/73/73 518/76/76 515/74/74
f 461/21/21 516/75/75 519/78/78 468/26/26
f 468/26/26 519/78/78 520/79/79 467/27/27
f 519/78/78 522/80/80 521/81/81 520/79/79
f 516/75/75 517/77/77 522/80/80 519/78/78
f 467/27/27 520/79/79 523/82/82 474/32/32
f 474/32/32 523/82/82 524/83/83 473/33/33
f 523/82/82 526/84/84 525/85/85 524/83/83
f 520/79/79 521/81/81 526/84/84 523/82/82
f 473/33/33 524/83/83 527/86/86 480/38/38
f 480/38/38 527/86/86 528/87/87 479/39/39
f 527/86/86 530/88/88 529/89/89 528/87/87
f 524/83/83 525/85/85 530/88/88 527/86/86
f 479/39/39 528/87/87 531/90/90 486/44/44
f 486/44/44 531/90/90 532/91/91 485/45/45
f 531/90/90 534/92/92 533/93/93 532/91/91
f 528/87/87 529/89/89 534/92/92 531/90/90
f 485/45/45 532/91/91 535/94/94 492/50/50
f 492/50/50 535/94/94 536/95/95 491/51/51
f 535/94/94 538/96/96 537/97/97 536/95/95
f 532/91/91 533/93/93 538/96/96 535/94/94
f 491/51/51 536/95/95 539/98/98 498/56/56
f 498/56/56 539/98/98 540/99/99 497/57/57
f 539/98/98 542/100/100 541/101/101 540/99/99
f 536/95/95 537/97/97 542/100/100 539/98/98
f 497/57/57 540/99/99 543/102/102 504/62/62
f 504/62/62 543/102/102 544/103/103 503/63/63
f 543/102/102 546/104/104 545/105/105 544/103/103
f 540/99/99 541/101/101 546/104/104 543/102/102
f 510/1015/69 548/1014/106 547/107/107 509/67/67
f 509/67/67 547/107/107 549/108/108 508/68/68
f 547/107/107 551/109/109 550/110/110 549/108/108
f 548/1014/106 552/1011/111 551/109/109 547/107/107
f 508/68/68 549/108/108 553/112/112 514/72/72
f 514/72/72 553/112/112 554/113/113 513/73/73
f 553/112/112 556/114/114 555/115/115 554/113/113
f 549/108/108 550/110/110 556/114/114 553/112/112
f 513/73/73 554/113/113 557/116/116 518/76/76
f 518/76/76 557/116/116 558/117/117 517/77/77
f 557/116/116 560/118/118 559/119/119 558/117/117
f 554/113/113 555/115/115 560/118/118 557/116/116
f 517/77/77 558/117/117 561/120/120 522/80/80
f 522/80/80 561/120/120 562/121/121 521/81/81
f 561/120/120 564/122/122 563/123/123 562/121/121
f 558/117/117 559/119/119 564/122/122 561/120/120
f 521/81/81 562/121/121 565/124/124 526/84/84
f 526/84/84 565/124/124 566/125/125 525/85/85
f 565/124/124 568/126/126 567/127/127 566/125/125
f 562/121/121 563/123/123 568/126/126 565/124/124
f 525/85/85 566/125/125 569/128/128 530/88/88
f 530/88/88 569/128/128 570/129/129 529/89/89
f 569/128/128 572/130/130 571/131/131 570/129/129
f 566/125/125 567/127/127 572/130/130 569/128/128
f 529/89/89 570/129/129 573/132/132 534/92/92
f 534/92/92 573/132/132 574/133/133 533/93/93
f 573/132/132 576/134/134 575/135/135 574/133/133
f 570/129/129 571/131/131 576/134/134 573/132/132
f 533/93/93 574/133/133 577/136/136 538/96/96
f 538/96/96 577/136/136 578/137/137 537/97/97
f 577/136/136 580/138/138 579/139/139 578/137/137
f 574/133/133 575/135/135 580/138/138 577/136/136
f 537/97/97 578/137/137 581/140/140 542/100/100
f 542/100/100 581/140/140 582/141/141 541/101/101
f 581/140/140 584/142/142 583/143/143 582/141/141
f 578/137/137 579/139/139 584/142/142 581/140/140
f 541/101/101 582/141/141 585/144/144 546/104/104
f 546/104/104 585/144/144 586/145/145 545/105/105
f 585/144/144 588/146/146 587/147/147 586/145/145
f 582/141/141 583/143/143 588/146/146 585/144/144
f 552/1011/111 590/1010/148 589/149/149 551/109/109
f 551/109/109 589/149/149 591/150/150 550/110/110
f 589/149/149 593/151/151 592/152/152 591/150/150
f 590/1010/148 594/1007/153 593/151/151 589/149/149
f 550/110/110 591/150/150 595/154/154 556/114/114
f 556/114/114 595/154/154 596/155/155 555/115/115
f 595/154/154 598/156/156 597/157/157 596/155/155
f 591/150/150 592/152/152 598/156/156 595/154/154
f 555/115/115 596/155/155 599/158/158 560/118/118
f 560/118/118 599/158/158 600/159/159 559/119/119
f 599/158/158 602/160/160 601/161/161 600/159/159
f 596/155/155 597/157/157 602/160/160 599/158/158
f 559/119/119 600/159/159 603/162/162 564/122/122
f 564/122/122 603/162/162 604/163/163 563/123/123
f 603/162/162 606/164/164 605/165/165 604/163/163
f 600/159/159 601/161/161 606/164/164 603/162/162
f 563/123/123 604/163/163 607/166/166 568/126/126
f 568/126/126 607/166/166 608/167/167 567/127/127
f 607/166/166 610/168/168 609/169/169 608/167/167
f 604/163/163 605/165/165 610/168/168 607/166/166
f 567/127/127 608/167/167 611/170/170 572/130/130
f 572/130/130 611/170/170 612/171/171 571/131/131
f 611/170/170 614/172/172 613/173/173 612/171/171
f 608/167/167 609/169/169 614/172/172 611/170/170
f 571/131/131 612/171/171 615/174/174 576/134/134
f 576/134/134 615/174/174 616/175/175 575/135/135
f 615/174/174 618/176/176 617/177/177 616/175/175
f 612/171/171 613/173/173 618/176/176 615/174/174
f 575/135/135 616/175/175 619/178/178 580/138/138
f 580/138/138 619/178/178 620/179/179 579/139/139
f 619/178/178 622/180/180 621/181/181 620/179/179
f 616/175/175 617/177/177 622/180/180 619/178/178
f 579/139/139 620/179/179 623/182/182 584/142/142
f 584/142/142 623/182/182 624/183/183 583/143/143
f 623/182/182 626/184/184 625/185/185 624/183/183
f 620/179/179 621/181/181 626/184/184 623/182/182
f 583/143/143 624/183/183 627/186/186 588/146/146
f 588/146/146 627/186/186 628/187/187 587/147/147
f 627/186/186 630/188/188 629/189/189 628/187/187
f 624/183/183 625/185/185 630/188/188 627/186/186
f 594/1007/153 632/1006/190 631/191/191 593/151/151
f 593/151/151 631/191/191 633/192/192 592/152/152
f 631/191/191 635/193/193 634/194/194 633/192/192
f 632/1006/190 636/1003/195 635/193/193 631/191/191
f 592/152/152 633/192/192 637/196/196 598/156/156
f 598/156/156 637/196/196 638/197/197 597/157/157
f 637/196/196 640/198/198 639/199/199 638/197/197
f 633/192/192 634/194/194 640/198/198 637/196/196
f 597/157/157 638/197/197 641/200/200 602/160/160
f 602/160/160 641/200/200 642/201/201 601/161/161
f 641/200/200 644/202/202 643/203/203 642/201/201
f 638/197/197 639/199/199 644/202/202 641/200/200
f 601/161/161 642/201/201 645/204/204 606/164/164
f 606/164/164 645/204/204 646/205/205 605/165/165
f 645/204/204 648/206/206 647/207/207 646/205/205
f 642/201/201 643/203/203 648/206/206 645/204/204
f 605/165/165 646/205/205 649/208/208 610/168/168
f 610/168/168 649/208/208 650/209/209 609/169/169
f 649/208/208 652/210/210 651/211/211 650/209/209
f 646/205/205 647/207/207 652/210/210 649/208/208
f 609/169/169 650/209/209 653/212/212 614/172/172
f 614/172/172 653/212/212 654/213/213 613/173/173
f 653/212/212 656/214/214 655/215/215 654/213/213
f 650/209/209 651/211/211 656/214/214 653/212/212
f 613/173/173 654/213/213 657/216/216 618/176/176
f 618/176/176 657/216/216 658/217/217 617/177/177
f 657/216/216 660/218/218 659/219/219 658/217/217
f 654/213/213 655/215/215 660/218/218 657/216/216
f 617/177/177 658/217/217 661/220/220 622/180/180
f 622/180/180 661/220/220 662/221/221 621/181/181
f 661/220/220 664/222/222 663/223/223 662/221/221
f 658/217/217 659/219/219 664/222/222 661/220/220
f 621/181/181 662/221/221 665/224/224 626/184/184
f 626/184/184 665/224/224 666/225/225 625/185/185
f 665/224/224 668/226/226 667/227/227 666/225/225
f 662/221/221 663/223/223 668/226/226 665/224/224
f 625/185/185 666/225/225 669/228/228 630/188/188
f 630/188/188 669/228/228 670/229/229 629/189/189
f 669/228/228 672/230/230 671/231/231 670/229/229
f 666/225/225 667/227/227 672/230/230 669/228/228
f 636/1003/195 674/1002/232 673/233/233 635/193/193
f 635/193/193 673/233/233 675/234/234 634/194/194
f 673/233/233 677/235/235 676/236/236 675/234/234
f 674/1002/232 678/999/237 677/235/235 673/233/233
f 634/194/194 675/234/234 679/238/238 640/198/198
f 640/198/198 679/238/238 680/239/239 639/199/199
f 679/238/238 682/240/240 681/241/241 680/239/239
f 675/234/234 676/236/236 682/240/240 679/238/238
f 639/199/199 680/239/239 683/242/242 644/202/202
f 644/202/202 683/242/242 684/243/243 643/203/203
f 683/242/242 686/244/244 685/245/245 684/243/243
f 680/239/239 681/241/241 686/244/244 683/242/242
f 643/203/203 684/243/243 687/246/246 648/206/206
f 648/206/206 687/246/246 688/247/247 647/207/207
f 687/246/246 690/248/248 689/249/249 688/247/247
f 684/243/243 685/245/245 690/248/248 687/246/246
f 647/207/207 688/247/247 691/250/250 652/210/210
f 652/210/210 691/250/250 692/251/251 651/211/211
f 691/250/250 694/252/252 693/253/253 692/251/251
f 688/247/247 689/249/249 694/252/252 691/250/250
f 651/211/211 692/251/251 695/254/254 656/214/214
f 656/214/214 695/254/254 696/255/255 655/215/215
f 695/254/254 698/256/256 697/257/257 696/255/255
f 692/251/251 693/253/253 698/256/256 695/254/254
f 655/215/215 696/255/255 699/258/258 660/218/218
f 660/218/218 699/258/258 700/259/259 659/219/219
f 699/258/258 702/260/260 701/261/261 700/259/259
f 696/255/255 697/257/257 702/260/260 699/258/258
f 659/219/219 700/259/259 703/262/262 664/222/222
f 664/222/222 703/262/262 704/263/263 663/223/223
f 703/262/262 706/264/264 705/265/265 704/263/263
f 700/259/259 701/261/261 706/264/264 703/262/262
f 663/223/223 704/263/263 707/266/266 668/226/226
f 668/226/226 707/266/266 708/267/267 667/227/227
f 707/266/266 710/268/268 709/269/269 708/267/267
f 704/263/263 705/265/265 710/268/268 707/266/266
f 667/227/227 708/267/267 711/270/270 672/230/230
f 672/230/230 711/270/270 712/271/271 671/231/231
f 711/270/270 714/272/272 713/273/273 712/271/271
f 708/267/267 709/269/269 714/272/272 711/270/270
f 678/999/237 716/998/274 715/275/275 677/235/235
f 677/235/235 715/275/275 717/276/276 676/236/236
f 715/275/275 719/277/277 718/278/278 717/276/276
f 716/998/274 720/995/279 719/277/277 715/275/275
f 676/236/236 717/276/276 721/280/280 682/240/240
f 682/240/240 721/280/280 722/281/281 681/241/241
f 721/280/280 724/282/282 723/283/283 722/281/281
f 717/276/276 718/278/278 724/282/282 721/280/280
f 681/241/241 722/281/281 725/284/284 686/244/244
f 686/244/244 725/284/284 726/285/285 685/245/245
f 725/284/284 728/286/286 727/287/287 726/285/285
f 722/281/281 723/283/283 728/286/286 725/284/284
f 685/245/245 726/285/285 729/288/288 690/248/248
f 690/248/248 729/288/288 730/289/289 689/249/249
f 729/288/288 732/290/290 731/291/291 730/289/289
f 726/285/285 727/287/287 732/290/290 729/288/288
f 689/249/249 730/289/289 733/292/292 694/252/252
f 694/252/252 733/292/292 734/293/293 693/253/253
f 733/292/292 736/294/294 735/295/295 734/293/293
f 730/289/289 731/291/291 736/294/294 733/292/292
f 693/253/253 734/293/293 737/296/296 698/256/256
f 698/256/256 737/296/296 738/297/297 697/257/257
f 737/296/296 740/298/298 739/299/299 738/297/297
f 734/293/293 735/295/295 740/298/298 737/296/296
f 697/257/257 738/297/297 741/300/300 702/260/260
f 702/260/260 741/300/300 742/301/301 701/261/261
f 741/300/300 744/302/302 743/303/303 742/301/301
f 738/297/297 739/299/299 744/302/302 741/300/300
f 701/261/261 742/301/301 745/304/304 706/264/264
f 706/264/264 745/304/304 746/305/305 705/265/265
f 745/304/304 748/306/306 747/307/307 746/305/305
f 742/301/301 743/303/303 748/306/306 745/304/304
f 705/265/265 746/305/305 749/308/308 710/268/268
f 710/268/268 749/308/308 750/309/309 709/269/269
f 749/308/308 752/310/310 751/311/311 750/309/309
f 746/305/305 747/307/307 752/310/310 749/308/308
f 709/269/269 750/309/309 753/312/312 714/272/272
f 714/272/272 753/312/312 754/313/313 713/273/273
f 753/312/312 756/314/314 755/315/315 754/313/313
f 750/309/309 751/311/311 756/314/314 753/312/312
f 720/995/279 758/994/316 757/317/317 719/277/277
f 719/277/277 757/317/317 759/318/318 718/278/278
f 757/317/317 761/319/319 760/320/320 759/318/318
f 758/994/316 762/991/321 761/319/319 757/317/317
f 718/278/278 759/318/318 763/322/322 724/282/282
f 724/282/282 763/322/322 764/323/323 723/283/283
f 763/322/322 766/324/324 765/325/325 764/323/323
f 759/318/318 760/320/320 766/324/324 763/322/322
f 723/283/283 764/323/323 767/326/326 728/286/286
f 728/286/286 767/326/326 768/327/327 727/287/287
f 767/326/326 770/328/328 769/329/329 768/327/327
f 764/323/323 765/325/325 770/328/328 767/326/326
f 727/287/287 768/327/327 771/330/330 732/290/290
f 732/290/290 771/330/330 772/331/331 731/291/291
f 771/330/330 774/332/332 773/333/333 772/331/331
f 768/327/327 769/329/329 774/332/332 771/330/330
f 731/291/291 772/331/331 775/334/334 736/294/294
f 736/294/294 775/334/334 776/335/335 735/295/295
f 775/334/334 778/336/336 777/337/337 776/335/335
f 772/331/331 773/333/333 778/336/336 775/334/334
f 735/295/295 776/335/335 779/338/338 740/298/298
f 740/298/298 779/338/338 780/339/339 739/299/299
f 779/338/338 782/340/340 781/341/341 780/339/339
f 776/335/335 777/337/337 782/340/340 779/338/338
f 739/299/299 780/339/339 783/342/342 744/302/302
f 744/302/302 783/342/342 784/343/343 743/303/303
f 783/342/342 786/344/344 785/345/345 784/343/343
f 780/339/339 781/341/341 786/344/344 783/342/342
f 743/303/303 784/343/343 787/346/346 748/306/306
f 748/306/306 787/346/346 788/347/347 747/307/307
f 787/346/346 790/348/348 789/349/349 788/347/347
f 784/343/343 785/345/345 790/348/348 787/346/346
f 747/307/307 788/347/347 791/350/350 752/310/310
f 752/310/310 791/350/350 792/351/351 751/311/311
f 791/350/350 794/352/352 793/353/353 792/351/351
f 788/347/347 789/349/349 794/352/352 791/350/350
f 751/311/311 792/351/351 795/354/354 756/314/314
f 756/314/314 795/354/354 796/355/355 755/315/315
f 795/354/354 798/356/356 797/357/357 796/355/355
f 792/351/351 793/353/353 798/356/356 795/354/354
f 762/991/321 800/990/358 799/359/359 761/319/319
f 761/319/319 799/359/359 801/360/360 760/320/320
f 799/359/359 803/361/361 802/362/362 801/360/360
f 800/990/358 804/987/363 803/361/361 799/359/359
f 760/320/320 801/360/360 805/364/364 766/324/324
f 766/324/324 805/364/364 806/365/365 765/325/325
f 805/364/364 808/366/366 807/367/367 806/365/365
f 801/360/360 802/362/362 808/366/366 805/364/364
f 765/325/325 806/365/365 809/368/368 770/328/328
f 770/328/328 809/368/368 810/369/369 769/329/329
f 809/368/368 812/370/370 811/371/371 810/369/369
f 806/365/365 807/367/367 812/370/370 809/368/368
f 769/329/329 810/369/369 813/372/372 774/332/332
f 774/332/332 813/372/372 814/373/373 773/333/333
f 813/372/372 816/374/374 815/375/375 814/373/373
f 810/369/369 811/371/371 816/374/374 813/372/372
f 773/333/333 814/373/373 817/376/376 778/336/336
f 778/336/336 817/376/376 818/377/377 777/337/337
f 817/376/376 820/378/378 819/379/379 818/377/377
f 814/373/373 815/375/375 820/378/378 817/376/376
f 777/337/337 818/377/377 821/380/380 782/340/340
f 782/340/340 821/380/380 822/381/381 781/341/341
f 821/380/380 824/382/382 823/383/383 822/381/381
f 818/377/377 819/379/379 824/382/382 821/380/380
f 781/341/341 822/381/381 825/384/384 786/344/344
f 786/344/344 825/384/384 826/385/385 785/345/345
f 825/384/384 828/386/386 827/387/387 826/385/385
f 822/381/381 823/383/383 828/386/386 825/384/384
f 785/345/345 826/385/385 829/388/388 790/348/348
f 790/348/348 829/388/388 830/389/389 789/349/349
f 829/388/388 832/390/390 831/391/391 830/389/389
f 826/385/385 827/387/387 832/390/390 829/388/388
f 789/349/349 830/389/389 833/392/392 794/352/352
f 794/352/352 833/392/392 834/393/393 793/353/353
f 833/392/392 836/394/394 835/395/395 834/393/393
f 830/389/389 831/391/391 836/394/394 833/392/392
f 793/353/353 834/393/393 837/396/396 798/356/356
f 798/356/356 837/396/396 838/397/397 797/357/357
f 837/396/396 840/398/398 839/399/399 838/397/397
f 834/393/393 835/395/395 840/398/398 837/396/396
f 804/987/363 842/984/400 841/401/401 803/361/361
f 803/361/361 841/401/401 843/402/402 802/362/362
f 841/401/401 845/403/403 844/982/404 843/402/402
f 842/984/400 846/405/405 845/403/403 841/401/401
f 802/362/362 843/402/402 847/406/406 808/366/366
f 808/366/366 847/406/406 848/407/407 807/367/367
f 847/406/406 850/408/408 849/980/409 848/407/407
f 843/402/402 844/982/404 850/408/408 847/406/406
f 807/367/367 848/407/407 851/410/410 812/370/370
f 812/370/370 851/410/410 852/411/411 811/371/371
f 851/410/410 854/412/412 853/978/413 852/411/411
f 848/407/407 849/980/409 854/412/412 851/410/410
f 811/371/371 852/411/411 855/414/414 816/374/374
f 816/374/374 855/414/414 856/415/415 815/375/375
f 855/414/414 858/416/416 857/976/417 856/415/415
f 852/411/411 853/978/413 858/416/416 855/414/414
f 815/375/375 856/415/415 859/418/418 820/378/378
f 820/378/378 859/418/418 860/419/419 819/379/379
f 859/418/418 862/420/420 861/974/421 860/419/419
f 856/415/415 857/976/417 862/420/420 859/418/418
f 819/379/379 860/419/419 863/422/422 824/382/382
f 824/382/382 863/422/422 864/423/423 823/383/383
f 863/422/422 866/424/424 865/972/425 864/423/423
f 860/419/419 861/974/421 866/424/424 863/422/422
f 823/383/383 864/423/423 867/426/426 828/386/386
f 828/386/386 867/426/426 868/427/427 827/387/387
f 867/426/426 870/428/428 869/970/429 868/427/427
f 864/423/423 865/972/425 870/428/428 867/426/426
f 827/387/387 868/427/427 871/430/430 832/390/390
f 832/390/390 871/430/430 872/431/431 831/391/391
f 871/430/430 874/432/432 873/968/433 872/431/431
f 868/427/427 869/970/429 874/432/432 871/430/430
f 831/391/391 872/431/431 875/434/434 836/394/394
f 836/394/394 875/434/434 876/435/435 835/395/395
f 875/434/434 878/436/436 877/963/437 876/435/435
f 872/431/431 873/968/433 878/436/436 875/434/434
f 835/395/395 876/435/435 879/438/438 840/398/398
f 840/398/398 879/438/438 880/439/439 839/399/399
f 879/438/438 882/440/440 881/441/441 880/439/439
f 876/435/435 877/963/437 882/440/440 879/438/438
s 2
f 1/961/442 222/962/443 342/444/444 225/960/445
f 222/962/443 2/959/446 223/447/447 342/444/444
f 342/444/444 223/447/447 13/448/448 224/449/449
f 225/960/445 342/444/444 224/449/449 12/939/450
f 2/959/446 226/958/451 343/452/452 223/447/447
f 226/958/451 3/957/453 227/454/454 343/452/452
f 343/452/452 227/454/454 14/455/455 228/456/456
f 223/447/447 343/452/452 228/456/456 13/448/448
f 3/957/453 229/956/457 344/458/458 227/454/454
f 229/956/457 4/955/459 230/460/460 344/458/458
f 344/458/458 230/460/460 15/461/461 231/462/462
f 227/454/454 344/458/458 231/462/462 14/455/455
f 4/955/459 232/954/463 345/464/464 230/460/460
f 232/954/463 5/953/465 233/466/466 345/464/464
f 345/464/464 233/466/466 16/467/467 234/468/468
f 230/460/460 345/464/464 234/468/468 15/461/461
f 5/953/465 235/952/469 346/470/470 233/466/466
f 235/952/469 6/951/471 236/472/472 346/470/470
f 346/470/470 236/472/472 17/473/473 237/474/474
f 233/466/466 346/470/470 237/474/474 16/467/467
f 6/951/471 238/950/475 347/476/476 236/472/472
f 238/950/475 7/949/477 239/478/478 347/476/476
f 347/476/476 239/478/478 18/479/479 240/480/480
f 236/472/472 347/476/476 240/480/480 17/473/473
f 7/949/477 241/948/481 348/482/482 239/478/478
f 241/948/481 8/947/483 242/484/484 348/482/482
f 348/482/482 242/484/484 19/485/485 243/486/486
f 239/478/478 348/482/482 243/486/486 18/479/479
f 8/947/483 244/946/487 349/488/488 242/484/484
f 244/946/487 9/945/489 245/490/490 349/488/488
f 349/488/488 245/490/490 20/491/491 246/492/492
f 242/484/484 349/488/488 246/492/492 19/485/485
f 9/945/489 247/944/493 350/494/494 245/490/490
f 247/944/493 10/943/495 248/496/496 350/494/494
f 350/494/494 248/496/496 21/497/497 249/498/498
f 245/490/490 350/494/494 249/498/498 20/491/491
f 10/943/495 250/942/499 351/500/500 248/496/496
f 250/942/499 11/941/501 251/940/502 351/500/500
f 351/500/500 251/940/502 22/937/503 252/504/504
f 248/496/496 351/500/500 252/504/504 21/497/497
f 12/939/450 224/449/449 352/505/505 255/938/506
f 224/449/449 13/448/448 253/507/507 352/505/505
f 352/505/505 253/507/507 24/508/508 254/509/509
f 255/938/506 352/505/505 254/509/509 23/935/510
f 13/448/448 228/456/456 353/511/511 253/507/507
f 228/456/456 14/455/455 256/512/512 353/511/511
f 353/511/511 256/512/512 25/513/513 257/514/514
f 253/507/507 353/511/511 257/514/514 24/508/508
f 14/455/455 231/462/462 354/515/515 256/512/512
f 231/462/462 15/461/461 258/516/516 354/515/515
f 354/515/515 258/516/516 26/517/517 259/518/518
f 256/512/512 354/515/515 259/518/518 25/513/513
f 15/461/461 234/468/468 355/519/519 258/516/516
f 234/468/468 16/467/467 260/520/520 355/519/519
f 355/519/519 260/520/520 27/521/521 261/522/522
f 258/516/516 355/519/519 261/522/522 26/517/517
f 16/467/467 237/474/474 356/523/523 260/520/520
f 237/474/474 17/473/473 262/524/524 356/523/523
f 356/523/523 262/524/524 28/525/525 263/526/526
f 260/520/520 356/523/523 263/526/526 27/521/521
f 17/473/473 240/480/480 357/527/527 262/524/524
f 240/480/480 18/479/479 264/528/528 357/527/527
f 357/527/527 264/528/528 29/529/529 265/530/530
f 262/524/524 357/527/527 265/530/530 28/525/525
f 18/479/479 243/486/486 358/531/531 264/528/528
f 243/486/486 19/485/485 266/532/532 358/531/531
f 358/531/531 266/532/532 30/533/533 267/534/534
f 264/528/528 358/531/531 267/534/534 29/529/529
f 19/485/485 246/492/492 359/535/535 266/532/532
f 246/492/492 20/491/491 268/536/536 359/535/535
f 359/535/535 268/536/536 31/537/537 269/538/538
f 266/532/532 359/535/535 269/538/538 30/533/533
f 20/491/491 249/498/498 360/539/539 268/536/536
f 249/498/498 21/497/497 270/540/540 360/539/539
f 360/539/539 270/540/540 32/541/541 271/542/542
f 268/536/536 360/539/539 271/542/542 31/537/537
f 21/497/497 252/504/504 361/543/543 270/540/540
f 252/504/504 22/937/503 272/936/544 361/543/543
f 361/543/543 272/936/544 33/933/545 273/546/546
f 270/540/540 361/543/543 273/546/546 32/541/541
f 23/935/510 254/509/509 362/547/547 276/934/548
f 254/509/509 24/508/508 274/549/549 362/547/547
f 362/547/547 274/549/549 35/550/550 275/551/551
f 276/934/548 362/547/547 275/551/551 34/931/552
f 24/508/508 257/514/514 363/553/553 274/549/549
f 257/514/514 25/513/513 277/554/554 363/553/553
f 363/553/553 277/554/554 36/555/555 278/556/556
f 274/549/549 363/553/553 278/556/556 35/550/550
f 25/513/513 259/518/518 364/557/557 277/554/554
f 259/518/518 26/517/517 279/558/558 364/557/557
f 364/557/557 279/558/558 37/559/559 280/560/560
f 277/554/554 364/557/557 280/560/560 36/555/555
f 26/517/517 261/522/522 365/561/561 279/558/558
f 261/522/522 27/521/521 281/562/562 365/561/561
f 365/561/561 281/562/562 38/563/563 282/564/564
f 279/558/558 365/561/561 282/564/564 37/559/559
f 27/521/521 263/526/526 366/565/565 281/562/562
f 263/526/526 28/525/525 283/566/566 366/565/565
f 366/565/565 283/566/566 39/567/567 284/568/568
f 281/562/562 366/565/565 284/568/568 38/563/563
f 28/525/525 265/530/530 367/569/569 283/566/566
f 265/530/530 29/529/529 285/570/570 367/569/569
f 367/569/569 285/570/570 40/571/571 286/572/572
f 283/566/566 367/569/569 286/572/572 39/567/567
f 29/529/529 267/534/534 368/573/573 285/570/570
f 267/534/534 30/533/533 287/574/574 368/573/573
f 368/573/573 287/574/574 41/575/575 288/576/576
f 285/570/570 368/573/573 288/576/576 40/571/571
f 30/533/533 269/538/538 369/577/577 287/574/574
f 269/538/538 31/537/537 289/578/578 369/577/577
f 369/577/577 289/578/578 42/579/579 290/580/580
f 287/574/574 369/577/577 290/580/580 41/575/575
f 31/537/537 271/542/542 370/581/581 289/578/578
f 271/542/542 32/541/541 291/582/582 370/581/581
f 370/581/581 291/582/582 43/583/583 292/584/584
f 289/578/578 370/581/581 292/584/584 42/579/579
f 32/541/541 273/546/546 371/585/585 291/582/582
f 273/546/546 33/933/545 293/932/586 371/585/585
f 371/585/585 293/932/586 44/929/587 294/588/588
f 291/582/582 371/585/585 294/588/588 43/583/583
f 34/931/552 275/551/551 372/589/589 297/930/590
f 275/551/551 35/550/550 295/591/591 372/589/589
f 372/589/589 295/591/591 46/592/592 296/593/593
f 297/930/590 372/589/589 296/593/593 45/927/594
f 35/550/550 278/556/556 373/595/595 295/591/591
f 278/556/556 36/555/555 298/596/596 373/595/595
f 373/595/595 298/596/596 47/597/597 299/598/598
f 295/591/591 373/595/595 299/598/598 46/592/592
f 36/555/555 280/560/560 374/599/599 298/596/596
f 280/560/560 37/559/559 300/600/600 374/599/599
f 374/599/599 300/600/600 48/601/601 301/602/602
f 298/596/596 374/599/599 301/602/602 47/597/597
f 37/559/559 282/564/564 375/603/603 300/600/600
f 282/564/564 38/563/563 302/604/604 375/603/603
f 375/603/603 302/604/604 49/605/605 303/606/606
f 300/600/600 375/603/603 303/606/606 48/601/601
f 38/563/563 284/568/568 376/607/607 302/604/604
f 284/568/568 39/567/567 304/608/608 376/607/607
f 376/607/607 304/608/608 50/609/609 305/610/610
f 302/604/604 376/607/607 305/610/610 49/605/605
f 39/567/567 286/572/572 377/611/611 304/608/608
f 286/572/572 40/571/571 306/612/612 377/611/611
f 377/611/611 306/612/612 51/613/613 307/614/614
f 304/608/608 377/611/611 307/614/614 50/609/609
f 40/571/571 288/576/576 378/615/615 306/612/612
f 288/576/576 41/575/575 308/616/616 378/615/615
f 378/615/615 308/616/616 52/617/617 309/618/618
f 306/612/612 378/615/615 309/618/618 51/613/613
f 41/575/575 290/580/580 379/619/619 308/616/616
f 290/580/580 42/579/579 310/620/620 379/619/619
f 379/619/619 310/620/620 53/621/621 311/622/622
f 308/616/616 379/619/619 311/622/622 52/617/617
f 42/579/579 292/584/584 380/623/623 310/620/620
f 292/584/584 43/583/583 312/624/624 380/623/623
f 380/623/623 312/624/624 54/625/625 313/626/626
f 310/620/620 380/623/623 313/626/626 53/621/621
f 43/583/583 294/588/588 381/627/627 312/624/624
f 294/588/588 44/929/587 314/928/628 381/627/627
f 381/627/627 314/928/628 55/925/629 315/630/630
f 312/624/624 381/627/627 315/630/630 54/625/625
f 45/927/594 296/593/593 382/631/631 318/926/632
f 296/593/593 46/592/592 316/633/633 382/631/631
f 382/631/631 316/633/633 57/634/634 317/635/635
f 318/926/632 382/631/631 317/635/635 56/923/636
f 46/592/592 299/598/598 383/637/637 316/633/633
f 299/598/598 47/597/597 319/638/638 383/637/637
f 383/637/637 319/638/638 58/639/639 320/640/640
f 316/633/633 383/637/637 320/640/640 57/634/634
f 47/597/597 301/602/602 384/641/641 319/638/638
f 301/602/602 48/601/601 321/642/642 384/641/641
f 384/641/641 321/642/642 59/643/643 322/644/644
f 319/638/638 384/641/641 322/644/644 58/639/639
f 48/601/601 303/606/606 385/645/645 321/642/642
f 303/606/606 49/605/605 323/646/646 385/645/645
f 385/645/645 323/646/646 60/647/647 324/648/648
f 321/642/642 385/645/645 324/648/648 59/643/643
f 49/605/605 305/610/610 386/649/649 323/646/646
f 305/610/610 50/609/609 325/650/650 386/649/649
f 386/649/649 325/650/650 61/651/651 326/652/652
f 323/646/646 386/649/649 326/652/652 60/647/647
f 50/609/609 307/614/614 387/653/653 325/650/650
f 307/614/614 51/613/613 327/654/654 387/653/653
f 387/653/653 327/654/654 62/655/655 328/656/656
f 325/650/650 387/653/653 328/656/656 61/651/651
f 51/613/613 309/618/618 388/657/657 327/654/654
f 309/618/618 52/617/617 329/658/658 388/657/657
f 388/657/657 329/658/658 63/659/659 330/660/660
f 327/654/654 388/657/657 330/660/660 62/655/655
f 52/617/617 311/622/622 389/661/661 329/658/658
f 311/622/622 53/621/621 331/662/662 389/661/661
f 389/661/661 331/662/662 64/663/663 332/664/664
f 329/658/658 389/661/661 332/664/664 63/659/659
f 53/621/621 313/626/626 390/665/665 331/662/662
f 313/626/626 54/625/625 333/666/666 390/665/665
f 390/665/665 333/666/666 65/667/667 334/668/668
f 331/662/662 390/665/665 334/668/668 64/663/663
f 54/625/625 315/630/630 391/669/669 333/666/666
f 315/630/630 55/925/629 335/924/670 391/669/669
f 391/669/669 335/924/670 66/921/671 336/672/672
f 333/666/666 391/669/669 336/672/672 65/667/667
f 56/923/636 317/635/635 392/673/673 339/922/674
f 317/635/635 57/634/634 337/675/675 392/673/673
f 392/673/673 337/675/675 68/676/676 338/677/677
f 339/922/674 392/673/673 338/677/677 67/919/678
f 57/634/634 320/640/640 393/679/679 337/675/675
f 320/640/640 58/639/639 340/680/680 393/679/679
f 393/679/679 340/680/680 69/681/681 341/682/682
f 337/675/675 393/679/679 341/682/682 68/676/676
f 58/639/639 322/644/644 394/683/683 340/680/680
f 322/644/644 59/643/643 122/684/684 394/683/683
f 394/683/683 122/684/684 70/685/685 123/686/686
f 340/680/680 394/683/683 123/686/686 69/681/681
f 59/643/643 324/648/648 395/687/687 122/684/684
f 324/648/648 60/647/647 124/688/688 395/687/687
f 395/687/687 124/688/688 71/689/689 125/690/690
f 122/684/684 395/687/687 125/690/690 70/685/685
f 60/647/647 326/652/652 396/691/691 124/688/688
f 326/652/652 61/651/651 126/692/692 396/691/691
f 396/691/691 126/692/692 72/693/693 127/694/694
f 124/688/688 396/691/691 127/694/694 71/689/689
f 61/651/651 328/656/656 397/695/695 126/692/692
f 328/656/656 62/655/655 128/696/696 397/695/695
f 397/695/695 128/696/696 73/697/697 129/698/698
f 126/692/692 397/695/695 129/698/698 72/693/693
f 62/655/655 330/660/660 398/699/699 128/696/696
f 330/660/660 63/659/659 130/700/700 398/699/699
f 398/699/699 130/700/700 74/701/701 131/702/702
f 128/696/696 398/699/699 131/702/702 73/697/697
f 63/659/659 332/664/664 399/703/703 130/700/700
f 332/664/664 64/663/663 132/704/704 399/703/703
f 399/703/703 132/704/704 75/705/705 133/706/706
f 130/700/700 399/703/703 133/706/706 74/701/701
f 64/663/663 334/668/668 400/707/707 132/704/704
f 334/668/668 65/667/667 134/708/708 400/707/707
f 400/707/707 134/708/708 76/709/709 135/710/710
f 132/704/704 400/707/707 135/710/710 75/705/705
f 65/667/667 336/672/672 401/711/711 134/708/708
f 336/672/672 66/921/671 136/920/712 401/711/711
f 401/711/711 136/920/712 77/917/713 137/714/714
f 134/708/708 401/711/711 137/714/714 76/709/709
f 67/919/678 338/677/677 402/715/715 140/918/716
f 338/677/677 68/676/676 138/717/717 402/715/715
f 402/715/715 138/717/717 79/718/718 139/719/719
f 140/918/716 402/715/715 139/719/719 78/915/720
f 68/676/676 341/682/682 403/721/721 138/717/717
f 341/682/682 69/681/681 141/722/722 403/721/721
f 403/721/721 141/722/722 80/723/723 142/724/724
f 138/717/717 403/721/721 142/724/724 79/718/718
f 69/681/681 123/686/686 404/725/725 141/722/722
f 123/686/686 70/685/685 143/726/726 404/725/725
f 404/725/725 143/726/726 81/727/727 144/728/728
f 141/722/722 404/725/725 144/728/728 80/723/723
f 70/685/685 125/690/690 405/729/729 143/726/726
f 125/690/690 71/689/689 145/730/730 405/729/729
f 405/729/729 145/730/730 82/731/731 146/732/732
f 143/726/726 405/729/729 146/732/732 81/727/727
f 71/689/689 127/694/694 406/733/733 145/730/730
f 127/694/694 72/693/693 147/734/734 406/733/733
f 406/733/733 147/734/734 83/735/735 148/736/736
f 145/730/730 406/733/733 148/736/736 82/731/731
f 72/693/693 129/698/698 407/737/737 147/734/734
f 129/698/698 73/697/697 149/738/738 407/737/737
f 407/737/737 149/738/738 84/739/739 150/740/740
f 147/734/734 407/737/737 150/740/740 83/735/735
f 73/697/697 131/702/702 408/741/741 149/738/738
f 131/702/702 74/701/701 151/742/742 408/741/741
f 408/741/741 151/742/742 85/743/743 152/744/744
f 149/738/738 408/741/741 152/744/744 84/739/739
f 74/701/701 133/706/706 409/745/745 151/742/742
f 133/706/706 75/705/705 153/746/746 409/745/745
f 409/745/745 153/746/746 86/747/747 154/748/748
f 151/742/742 409/745/745 154/748/748 85/743/743
f 75/705/705 135/710/710 410/749/749 153/746/746
f 135/710/710 76/709/709 155/750/750 410/749/749
f 410/749/749 155/750/750 87/751/751 156/752/752
f 153/746/746 410/749/749 156/752/752 86/747/747
f 76/709/709 137/714/714 411/753/753 155/750/750
f 137/714/714 77/917/713 157/916/754 411/753/753
f 411/753/753 157/916/754 88/913/755 158/756/756
f 155/750/750 411/753/753 158/756/756 87/751/751
f 78/915/720 139/719/719 412/757/757 161/914/758
f 139/719/719 79/718/718 159/759/759 412/757/757
f 412/757/757 159/759/759 90/760/760 160/761/761
f 161/914/758 412/757/757 160/761/761 89/911/762
f 79/718/718 142/724/724 413/763/763 159/759/759
f 142/724/724 80/723/723 162/764/764 413/763/763
f 413/763/763 162/764/764 91/765/765 163/766/766
f 159/759/759 413/763/763 163/766/766 90/760/760
f 80/723/723 144/728/728 414/767/767 162/764/764
f 144/728/728 81/727/727 164/768/768 414/767/767
f 414/767/767 164/768/768 92/769/769 165/770/770
f 162/764/764 414/767/767 165/770/770 91/765/765
f 81/727/727 146/732/732 415/771/771 164/768/768
f 146/732/732 82/731/731 166/772/772 415/771/771
f 415/771/771 166/772/772 93/773/773 167/774/774
f 164/768/768 415/771/771 167/774/774 92/769/769
f 82/731/731 148/736/736 416/775/775 166/772/772
f 148/736/736 83/735/735 168/776/776 416/775/775
f 416/775/775 168/776/776 94/777/777 169/778/778
f 166/772/772 416/775/775 169/778/778 93/773/773
f 83/735/735 150/740/740 417/779/779 168/776/776
f 150/740/740 84/739/739 170/780/780 417/779/779
f 417/779/779 170/780/780 95/781/781 171/782/782
f 168/776/776 417/779/779 171/782/782 94/777/777
f 84/739/739 152/744/744 418/783/783 170/780/780
f 152/744/744 85/743/743 172/784/784 418/783/783
f 418/783/783 172/784/784 96/785/785 173/786/786
f 170/780/780 418/783/783 173/786/786 95/781/781
f 85/743/743 154/748/748 419/787/787 172/784/784
f 154/748/748 86/747/747 174/788/788 419/787/787
f 419/787/787 174/788/788 97/789/789 175/790/790
f 172/784/784 419/787/787 175/790/790 96/785/785
f 86/747/747 156/752/752 420/791/791 174/788/788
f 156/752/752 87/751/751 176/792/792 420/791/791
f 420/791/791 176/792/792 98/793/793 177/794/794
f 174/788/788 420/791/791 177/794/794 97/789/789
f 87/751/751 158/756/756 421/795/795 176/792/792
f 158/756/756 88/913/755 178/912/796 421/795/795
f 421/795/795 178/912/796 99/909/797 179/798/798
f 176/792/792 421/795/795 179/798/798 98/793/793
f 89/911/762 160/761/761 422/799/799 182/910/800
f 160/761/761 90/760/760 180/801/801 422/799/799
f 422/799/799 180/801/801 101/802/802 181/803/803
f 182/910/800 422/799/799 181/803/803 100/907/804
f 90/760/760 163/766/766 423/805/805 180/801/801
f 163/766/766 91/765/765 183/806/806 423/805/805
f 423/805/805 183/806/806 102/807/807 184/808/808
f 180/801/801 423/805/805 184/808/808 101/802/802
f 91/765/765 165/770/770 424/809/809 183/806/806
f 165/770/770 92/769/769 185/810/810 424/809/809
f 424/809/809 185/810/810 103/811/811 186/812/812
f 183/806/806 424/809/809 186/812/812 102/807/807
f 92/769/769 167/774/774 425/813/813 185/810/810
f 167/774/774 93/773/773 187/814/814 425/813/813
f 425/813/813 187/814/814 104/815/815 188/816/816
f 185/810/810 425/813/813 188/816/816 103/811/811
f 93/773/773 169/778/778 426/817/817 187/814/814
f 169/778/778 94/777/777 189/818/818 426/817/817
f 426/817/817 189/818/818 105/819/819 190/820/820
f 187/814/814 426/817/817 190/820/820 104/815/815
f 94/777/777 171/782/782 427/821/821 189/818/818
f 171/782/782 95/781/781 191/822/822 427/821/821
f 427/821/821 191/822/822 106/823/823 192/824/824
f 189/818/818 427/821/821 192/824/824 105/819/819
f 95/781/781 173/786/786 428/825/825 191/822/822
f 173/786/786 96/785/785 193/826/826 428/825/825
f 428/825/825 193/826/826 107/827/827 194/828/828
f 191/822/822 428/825/825 194/828/828 106/823/823
f 96/785/785 175/790/790 429/829/829 193/826/826
f 175/790/790 97/789/789 195/830/830 429/829/829
f 429/829/829 195/830/830 108/831/831 196/832/832
f 193/826/826 429/829/829 196/832/832 107/827/827
f 97/789/789 177/794/794 430/833/833 195/830/830
f 177/794/794 98/793/793 197/834/834 430/833/833
f 430/833/833 197/834/834 109/835/835 198/836/836
f 195/830/830 430/833/833 198/836/836 108/831/831
f 98/793/793 179/798/798 431/837/837 197/834/834
f 179/798/798 99/909/797 199/908/838 431/837/837
f 431/837/837 199/908/838 110/905/839 200/840/840
f 197/834/834 431/837/837 200/840/840 109/835/835
f 100/907/804 181/803/803 432/841/841 203/906/842
f 181/803/803 101/802/802 201/843/843 432/841/841
f 432/841/841 201/843/843 112/901/844 202/902/845
f 203/906/842 432/841/841 202/902/845 111/903/846
f 101/802/802 184/808/808 433/847/847 201/843/843
f 184/808/808 102/807/807 204/848/848 433/847/847
f 433/847/847 204/848/848 113/899/849 205/900/850
f 201/843/843 433/847/847 205/900/850 112/901/844
f 102/807/807 186/812/812 434/851/851 204/848/848
f 186/812/812 103/811/811 206/852/852 434/851/851
f 434/851/851 206/852/852 114/897/853 207/898/854
f 204/848/848 434/851/851 207/898/854 113/899/849
f 103/811/811 188/816/816 435/855/855 206/852/852
f 188/816/816 104/815/815 208/856/856 435/855/855
f 435/855/855 208/856/856 115/895/857 209/896/858
f 206/852/852 435/855/855 209/896/858 114/897/853
f 104/815/815 190/820/820 436/859/859 208/856/856
f 190/820/820 105/819/819 210/860/860 436/859/859
f 436/859/859 210/860/860 116/893/861 211/894/862
f 208/856/856 436/859/859 211/894/862 115/895/857
f 105/819/819 192/824/824 437/863/863 210/860/860
f 192/824/824 106/823/823 212/864/864 437/863/863
f 437/863/863 212/864/864 117/891/865 213/892/866
f 210/860/860 437/863/863 213/892/866 116/893/861
f 106/823/823 194/828/828 438/867/867 212/864/864
f 194/828/828 107/827/827 214/868/868 438/867/867
f 438/867/867 214/868/868 118/889/869 215/890/870
f 212/864/864 438/867/867 215/890/870 117/891/865
f 107/827/827 196/832/832 439/871/871 214/868/868
f 196/832/832 108/831/831 216/872/872 439/871/871
f 439/871/871 216/872/872 119/887/873 217/888/874
f 214/868/868 439/871/871 217/888/874 118/889/869
f 108/831/831 198/836/836 440/875/875 216/872/872
f 198/836/836 109/835/835 218/876/876 440/875/875
f 440/875/875 218/876/876 120/885/877 219/886/878
f 216/872/872 440/875/875 219/886/878 119/887/873
f 109/835/835 200/840/840 441/879/879 218/876/876
f 200/840/840 110/905/839 220/904/880 441/879/879
f 441/879/879 220/904/880 121/884/881 221/883/882
f 218/876/876 441/879/879 221/883/882 120/885/877
s off
f 1/1043/883 442/1044/884 443/1041/885 222/443/886
f 225/445/887 445/2/888 442/1/889 1/442/890
f 222/443/891 443/1041/892 446/1039/893 2/446/894
f 12/450/895 450/9/896 445/2/897 225/445/898
f 2/446/899 446/1039/900 451/1038/901 226/451/902
f 226/451/903 451/1038/904 453/1037/905 3/453/906
f 3/453/907 453/1037/908 457/1036/909 229/457/910
f 229/457/911 457/1036/912 459/1035/913 4/459/914
f 4/459/915 459/1035/916 463/1034/917 232/463/918
f 232/463/919 463/1034/920 465/1033/921 5/465/922
f 5/465/923 465/1033/924 469/1032/925 235/469/926
f 235/469/927 469/1032/928 471/1031/929 6/471/930
f 6/471/931 471/1031/932 475/1030/933 238/475/934
f 238/475/935 475/1030/936 477/1029/937 7/477/938
f 7/477/939 477/1029/940 481/1028/941 241/481/942
f 241/481/943 481/1028/944 483/1027/945 8/483/946
f 8/483/947 483/1027/948 487/1026/949 244/487/950
f 244/487/951 487/1026/952 489/1025/953 9/489/954
f 9/489/955 489/1025/956 493/1024/957 247/493/958
f 247/493/959 493/1024/960 495/1023/961 10/495/962
f 10/495/963 495/1023/964 499/1022/965 250/499/966
f 250/499/967 499/1022/968 501/1021/969 11/501/970
f 11/1049/971 501/1050/972 502/1020/973 251/502/974
f 251/502/975 502/1020/976 503/1017/977 22/503/978
f 255/506/979 506/64/980 450/9/981 12/450/982
f 23/510/983 510/69/984 506/64/985 255/506/986
f 22/503/987 503/1017/988 544/1016/989 272/544/990
f 272/544/991 544/1016/992 545/1013/993 33/545/994
f 276/548/995 548/106/996 510/69/997 23/510/998
f 34/552/999 552/111/1000 548/106/1001 276/548/1002
f 33/545/1003 545/1013/1004 586/1012/1005 293/586/1006
f 293/586/1007 586/1012/1008 587/1009/1009 44/587/1010
f 297/590/1011 590/148/1012 552/111/1013 34/552/1014
f 45/594/1015 594/153/1016 590/148/1017 297/590/1018
f 44/587/1019 587/1009/1020 628/1008/1021 314/628/1022
f 314/628/1023 628/1008/1024 629/1005/1025 55/629/1026
f 318/632/1027 632/190/1028 594/153/1029 45/594/1030
f 56/636/1031 636/195/1032 632/190/1033 318/632/1034
f 55/629/1035 629/1005/1036 670/1004/1037 335/670/1038
f 335/670/1039 670/1004/1040 671/1001/1041 66/671/1042
f 339/674/1043 674/232/1044 636/195/1045 56/636/1046
f 67/678/1047 678/237/1048 674/232/1049 339/674/1050
f 66/671/1051 671/1001/1052 712/1000/1053 136/712/1054
f 136/712/1055 712/1000/1056 713/997/1057 77/713/1058
f 140/716/1059 716/274/1060 678/237/1061 67/678/1062
f 78/720/1063 720/279/1064 716/274/1065 140/716/1066
f 77/713/1067 713/997/1068 754/996/1069 157/754/1070
f 157/754/1071 754/996/1072 755/993/1073 88/755/1074
f 161/758/1075 758/316/1076 720/279/1077 78/720/1078
f 89/762/1079 762/321/1080 758/316/1081 161/758/1082
f 88/755/1083 755/993/1084 796/992/1085 178/796/1086
f 178/796/1087 796/992/1088 797/989/1089 99/797/1090
f 182/800/1091 800/358/1092 762/321/1093 89/762/1094
f 100/804/1095 804/363/1096 800/358/1097 182/800/1098
f 99/797/1099 797/989/1100 838/988/1101 199/838/1102
f 199/838/1103 838/988/1104 839/967/1105 110/839/1106
f 203/842/1107 842/400/1108 804/363/1109 100/804/1110
f 112/844/1111 844/404/1112 845/986/1113 202/845/1114
f 202/845/1115 845/986/1116 846/985/1117 111/846/1118
f 111/1047/1119 846/1048/1120 842/400/1121 203/842/1122
f 113/849/1123 849/409/1124 850/983/1125 205/850/1126
f 205/850/1127 850/983/1128 844/404/1129 112/844/1130
f 114/853/1131 853/413/1132 854/981/1133 207/854/1134
f 207/854/1135 854/981/1136 849/409/1137 113/849/1138
f 115/857/1139 857/417/1140 858/979/1141 209/858/1142
f 209/858/1143 858/979/1144 853/413/1145 114/853/1146
f 116/861/1147 861/421/1148 862/977/1149 211/862/1150
f 211/862/1151 862/977/1152 857/417/1153 115/857/1154
f 117/865/1155 865/425/1156 866/975/1157 213/866/1158
f 213/866/1159 866/975/1160 861/421/1161 116/861/1162
f 118/869/1163 869/429/1164 870/973/1165 215/870/1166
f 215/870/1167 870/973/1168 865/425/1169 117/865/1170
f 119/873/1171 873/433/1172 874/971/1173 217/874/1174
f 217/874/1175 874/971/1176 869/429/1177 118/869/1178
f 120/877/1179 877/437/1180 878/969/1181 219/878/1182
f 219/878/1183 878/969/1184 873/433/1185 119/873/1186
f 110/839/1187 839/967/1188 880/966/1189 220/880/1190
f 220/880/1191 880/966/1192 881/965/1193 121/881/1194
f 121/1045/1195 881/1046/1196 882/964/1197 221/882/1198
f 221/882/1199 882/964/1200 877/437/1201 120/877/1202
